S0,K,T,C_mkt,iv
671.9299926757812,570.0,0.004065293456272197,93.78,0.946289599609375
671.9299926757812,575.0,0.004065293456272197,102.28,0.9047861083984375
671.9299926757812,580.0,0.004065293456272197,85.62,0.8623060644531251
671.9299926757812,590.0,0.004065293456272197,75.65,0.7797873583984375
671.9299926757812,600.0,0.004065293456272197,71.32,0.6948272705078126
671.9299926757812,615.0,0.004065293456272197,58.22,0.569340244140625
671.9299926757812,625.0,0.004065293456272197,50.31,0.6296423754882813
671.9299926757812,630.0,0.004065293456272197,44.28,0.5789837023925781
671.9299926757812,635.0,0.004065293456272197,37.0,0.5275926147460939
671.9299926757812,636.0,0.004065293456272197,32.39,0.5170946728515625
671.9299926757812,638.0,0.004065293456272197,30.72,0.4968312036132813
671.9299926757812,640.0,0.004065293456272197,29.92,0.47632359619140624
671.9299926757812,641.0,0.004065293456272197,31.74,0.4655815161132813
671.9299926757812,644.0,0.004065293456272197,28.39,0.4338435522460938
671.9299926757812,645.0,0.004065293456272197,28.15,0.4237118176269531
671.9299926757812,649.0,0.004065293456272197,17.94,0.3083565258789062
671.9299926757812,650.0,0.004065293456272197,22.55,0.29932341308593746
671.9299926757812,654.0,0.004065293456272197,19.65,0.26270268554687504
671.9299926757812,655.0,0.004065293456272197,19.46,0.25391371093750004
671.9299926757812,656.0,0.004065293456272197,16.69,0.2456130126953125
671.9299926757812,657.0,0.004065293456272197,15.83,0.23706817626953125
671.9299926757812,658.0,0.004065293456272197,13.99,0.22901161621093752
671.9299926757812,659.0,0.004065293456272197,16.0,0.2211991943359375
671.9299926757812,660.0,0.004065293456272197,12.23,0.21192194335937498
671.9299926757812,661.0,0.004065293456272197,11.24,0.20288883056640622
671.9299926757812,662.0,0.004065293456272197,10.5,0.1958088232421875
671.9299926757812,663.0,0.004065293456272197,9.91,0.18994950683593753
671.9299926757812,664.0,0.004065293456272197,9.07,0.18073329040527342
671.9299926757812,665.0,0.004065293456272197,8.47,0.17505707763671874
671.9299926757812,666.0,0.004065293456272197,7.65,0.16895362304687503
671.9299926757812,667.0,0.004065293456272197,6.23,0.16523051574707032
671.9299926757812,668.0,0.004065293456272197,6.12,0.15931016479492188
671.9299926757812,669.0,0.004065293456272197,5.34,0.15351188293457033
671.9299926757812,670.0,0.004065293456272197,4.61,0.1480798083496094
671.9299926757812,671.0,0.004065293456272197,3.92,0.14222049194335937
671.9299926757812,672.0,0.004065293456272197,3.29,0.13758186645507814
671.9299926757812,673.0,0.004065293456272197,2.72,0.13306531005859373
671.9299926757812,674.0,0.004065293456272197,2.19,0.12842668457031248
671.9299926757812,675.0,0.004065293456272197,1.74,0.12488668090820312
671.9299926757812,676.0,0.004065293456272197,1.36,0.12146874633789062
671.9299926757812,677.0,0.004065293456272197,1.02,0.118172880859375
671.9299926757812,678.0,0.004065293456272197,0.76,0.11579253356933594
671.9299926757812,679.0,0.004065293456272197,0.55,0.1128018408203125
671.9299926757812,680.0,0.004065293456272197,0.38,0.10999425170898436
671.9299926757812,681.0,0.004065293456272197,0.25,0.10804114624023436
671.9299926757812,682.0,0.004065293456272197,0.17,0.10596597167968749
671.9299926757812,683.0,0.004065293456272197,0.11,0.10450114257812498
671.9299926757812,684.0,0.004065293456272197,0.07,0.10352458984374999
671.9299926757812,685.0,0.004065293456272197,0.04,0.10450114257812498
671.9299926757812,686.0,0.004065293456272197,0.03,0.10352458984374999
671.9299926757812,687.0,0.004065293456272197,0.03,0.10938390625
671.9299926757812,688.0,0.004065293456272197,0.02,0.10938390625
671.9299926757812,689.0,0.004065293456272197,0.02,0.11524322265625
671.9299926757812,690.0,0.004065293456272197,0.02,0.1211025390625
671.9299926757812,691.0,0.004065293456272197,0.01,0.12696185546875
671.9299926757812,692.0,0.004065293456272197,0.02,0.132821171875
671.9299926757812,693.0,0.004065293456272197,0.01,0.13868048828125001
671.9299926757812,694.0,0.004065293456272197,0.01,0.132821171875
671.9299926757812,695.0,0.004065293456272197,0.01,0.14063359375
671.9299926757812,696.0,0.004065293456272197,0.01,0.1445398046875
671.9299926757812,697.0,0.004065293456272197,0.01,0.148446015625
671.9299926757812,698.0,0.004065293456272197,0.01,0.1562584375
671.9299926757812,699.0,0.004065293456272197,0.01,0.1601646484375
671.9299926757812,700.0,0.004065293456272197,0.01,0.16407085937500002
671.9299926757812,701.0,0.004065293456272197,0.01,0.17188328125000002
671.9299926757812,702.0,0.004065293456272197,0.01,0.1757894921875
671.9299926757812,703.0,0.004065293456272197,0.01,0.179695703125
671.9299926757812,704.0,0.004065293456272197,0.01,0.187508125
671.9299926757812,705.0,0.004065293456272197,0.01,0.1914143359375
671.9299926757812,706.0,0.004065293456272197,0.01,0.195320546875
671.9299926757812,707.0,0.004065293456272197,0.01,0.20313296874999998
671.9299926757812,708.0,0.004065293456272197,0.01,0.20703917968749996
671.9299926757812,709.0,0.004065293456272197,0.02,0.21094539062499998
671.9299926757812,710.0,0.004065293456272197,0.01,0.2148516015625
671.9299926757812,714.0,0.004065293456272197,0.01,0.23438265625
671.9299926757812,715.0,0.004065293456272197,0.01,0.242195078125
671.9299926757812,720.0,0.004065293456272197,0.01,0.26563234375
671.9299926757812,725.0,0.004065293456272197,0.01,0.2890696093749999
671.9299926757812,730.0,0.004065293456272197,0.01,0.31250687499999996
671.9299926757812,735.0,0.004065293456272197,0.01,0.335944140625
671.9299926757812,740.0,0.004065293456272197,0.01,0.35938140625
671.9299926757812,745.0,0.004065293456272197,0.01,0.38281867187499996
671.9299926757812,750.0,0.004065293456272197,0.01,0.4062559375
671.9299926757812,785.0,0.004065293456272197,0.01,0.5312546875
671.9299926757812,795.0,0.004065293456272197,0.01,0.5625043750000001
671.9299926757812,800.0,0.004065293456272197,0.01,0.57812921875
671.9299926757812,500.0,0.05338036194942289,173.1,0.7348659326171875
671.9299926757812,520.0,0.05338036194942289,162.29,0.6608920629882813
671.9299926757812,525.0,0.05338036194942289,160.49,0.6428258374023439
671.9299926757812,530.0,0.05338036194942289,153.64,0.6245154736328126
671.9299926757812,540.0,0.05338036194942289,125.55,0.5886271606445312
671.9299926757812,545.0,0.05338036194942289,129.46,0.5705609350585938
671.9299926757812,550.0,0.05338036194942289,134.55,0.5529219512939454
671.9299926757812,560.0,0.05338036194942289,125.14,0.5172777764892578
671.9299926757812,565.0,0.05338036194942289,110.74,0.500005
671.9299926757812,570.0,0.05338036194942289,106.67,0.5348557257080078
671.9299926757812,575.0,0.05338036194942289,110.1,0.51562984375
671.9299926757812,580.0,0.05338036194942289,106.94,0.4963429272460938
671.9299926757812,585.0,0.05338036194942289,89.15,0.47687290710449215
671.9299926757812,590.0,0.05338036194942289,90.63,0.45825737060546884
671.9299926757812,595.0,0.05338036194942289,90.71,0.43945873046875
671.9299926757812,600.0,0.05338036194942289,77.5,0.42078215942382813
671.9299926757812,605.0,0.05338036194942289,71.7,0.4023497265625
671.9299926757812,610.0,0.05338036194942289,66.5,0.38446660461425775
671.9299926757812,615.0,0.05338036194942289,60.78,0.36664451721191404
671.9299926757812,620.0,0.05338036194942289,56.89,0.3267889587402344
671.9299926757812,625.0,0.05338036194942289,52.93,0.3328313787841797
671.9299926757812,630.0,0.05338036194942289,46.17,0.31662670684814453
671.9299926757812,635.0,0.05338036194942289,41.58,0.30072720764160155
671.9299926757812,640.0,0.05338036194942289,37.0,0.2857127093505859
671.9299926757812,641.0,0.05338036194942289,37.65,0.28018908294677725
671.9299926757812,642.0,0.05338036194942289,31.83,0.27747304565429687
671.9299926757812,643.0,0.05338036194942289,39.68,0.27466545654296876
671.9299926757812,644.0,0.05338036194942289,33.83,0.27197993652343744
671.9299926757812,645.0,0.05338036194942289,29.97,0.26923338195800783
671.9299926757812,646.0,0.05338036194942289,31.24,0.26639527557373044
671.9299926757812,647.0,0.05338036194942289,32.13,0.26367923828125
671.9299926757812,648.0,0.05338036194942289,30.33,0.26105475280761714
671.9299926757812,649.0,0.05338036194942289,28.53,0.2386550744628906
671.9299926757812,650.0,0.05338036194942289,28.31,0.2557447473144532
671.9299926757812,651.0,0.05338036194942289,27.3,0.25324233093261717
671.9299926757812,652.0,0.05338036194942289,27.87,0.25061784545898436
671.9299926757812,653.0,0.05338036194942289,27.52,0.24896991271972657
671.9299926757812,654.0,0.05338036194942289,22.2,0.2454299090576172
671.9299926757812,655.0,0.05338036194942289,26.26,0.24286645812988278
671.9299926757812,656.0,0.05338036194942289,22.66,0.22010057250976559
671.9299926757812,657.0,0.05338036194942289,22.98,0.237739556274414
671.9299926757812,658.0,0.05338036194942289,21.71,0.23517610534667968
671.9299926757812,659.0,0.05338036194942289,21.17,0.23334506896972657
671.9299926757812,660.0,0.05338036194942289,20.55,0.21057918334960937
671.9299926757812,661.0,0.05338036194942289,19.09,0.22809609802246095
671.9299926757812,662.0,0.05338036194942289,18.5,0.2054217642211914
671.9299926757812,663.0,0.05338036194942289,18.03,0.22281660980224605
671.9299926757812,664.0,0.05338036194942289,17.83,0.20114934600830076
671.9299926757812,665.0,0.05338036194942289,16.66,0.1982807223510742
671.9299926757812,666.0,0.05338036194942289,16.91,0.19687692779541016
671.9299926757812,667.0,0.05338036194942289,15.09,0.19385571777343752
671.9299926757812,668.0,0.05338036194942289,13.76,0.19428295959472658
671.9299926757812,669.0,0.05338036194942289,13.81,0.18808795318603516
671.9299926757812,670.0,0.05338036194942289,12.33,0.18515829498291014
671.9299926757812,671.0,0.05338036194942289,11.85,0.1829915686035156
671.9299926757812,672.0,0.05338036194942289,11.59,0.18061122131347657
671.9299926757812,673.0,0.05338036194942289,10.96,0.1783529431152344
671.9299926757812,674.0,0.05338036194942289,10.34,0.17615569946289064
671.9299926757812,675.0,0.05338036194942289,9.74,0.17405000762939454
671.9299926757812,676.0,0.05338036194942289,8.73,0.17188328125000002
671.9299926757812,677.0,0.05338036194942289,8.5,0.16962500305175782
671.9299926757812,678.0,0.05338036194942289,7.53,0.1677634494018555
671.9299926757812,679.0,0.05338036194942289,7.36,0.16544413665771485
671.9299926757812,680.0,0.05338036194942289,6.97,0.16303327209472657
671.9299926757812,681.0,0.05338036194942289,6.41,0.1616599948120117
671.9299926757812,682.0,0.05338036194942289,5.85,0.159188095703125
671.9299926757812,683.0,0.05338036194942289,5.38,0.157234990234375
671.9299926757812,684.0,0.05338036194942289,5.13,0.1551292984008789
671.9299926757812,685.0,0.05338036194942289,4.68,0.15323722747802737
671.9299926757812,686.0,0.05338036194942289,4.31,0.15137567382812503
671.9299926757812,687.0,0.05338036194942289,3.91,0.14954463745117189
671.9299926757812,688.0,0.05338036194942289,3.35,0.147744118347168
671.9299926757812,689.0,0.05338036194942289,3.11,0.14615722015380855
671.9299926757812,690.0,0.05338036194942289,2.95,0.14441773559570312
671.9299926757812,691.0,0.05338036194942289,2.73,0.14273928558349608
671.9299926757812,692.0,0.05338036194942289,2.45,0.14130497375488282
671.9299926757812,693.0,0.05338036194942289,2.22,0.13974859283447266
671.9299926757812,694.0,0.05338036194942289,1.84,0.1384973846435547
671.9299926757812,695.0,0.05338036194942289,1.78,0.13709359008789065
671.9299926757812,696.0,0.05338036194942289,1.5,0.13581186462402345
671.9299926757812,697.0,0.05338036194942289,1.34,0.13471324279785157
671.9299926757812,698.0,0.05338036194942289,1.25,0.1331873791503906
671.9299926757812,699.0,0.05338036194942289,1.08,0.13251599914550782
671.9299926757812,700.0,0.05338036194942289,0.98,0.13147841186523437
671.9299926757812,701.0,0.05338036194942289,0.8,0.1307459973144531
671.9299926757812,702.0,0.05338036194942289,0.76,0.12964737548828126
671.9299926757812,703.0,0.05338036194942289,0.68,0.1289149609375
671.9299926757812,704.0,0.05338036194942289,0.52,0.1283046154785156
671.9299926757812,705.0,0.05338036194942289,0.48,0.12781633911132811
671.9299926757812,706.0,0.05338036194942289,0.46,0.12696185546875
671.9299926757812,707.0,0.05338036194942289,0.34,0.12683978637695312
671.9299926757812,708.0,0.05338036194942289,0.34,0.1263515100097656
671.9299926757812,709.0,0.05338036194942289,0.4,0.1256190954589844
671.9299926757812,710.0,0.05338036194942289,0.28,0.125985302734375
671.9299926757812,715.0,0.05338036194942289,0.12,0.12549702636718751
671.9299926757812,720.0,0.05338036194942289,0.07,0.127938408203125
671.9299926757812,725.0,0.05338036194942289,0.05,0.131844619140625
671.9299926757812,730.0,0.05338036194942289,0.03,0.139657041015625
671.9299926757812,735.0,0.05338036194942289,0.04,0.145516357421875
671.9299926757812,740.0,0.05338036194942289,0.03,0.15039912109375003
671.9299926757812,745.0,0.05338036194942289,0.02,0.1601646484375
671.9299926757812,750.0,0.05338036194942289,0.02,0.16895362304687503
671.9299926757812,755.0,0.05338036194942289,0.02,0.178719150390625
671.9299926757812,760.0,0.05338036194942289,0.02,0.179695703125
671.9299926757812,765.0,0.05338036194942289,0.02,0.18946123046875002
671.9299926757812,770.0,0.05338036194942289,0.02,0.19727365234375
671.9299926757812,775.0,0.05338036194942289,0.03,0.20508607421874997
671.9299926757812,780.0,0.05338036194942289,0.01,0.2148516015625
671.9299926757812,785.0,0.05338036194942289,0.02,0.2304764453125
671.9299926757812,790.0,0.05338036194942289,0.02,0.24024197265624997
671.9299926757812,210.0,0.16844885510010782,470.92,1.3459505358886714
671.9299926757812,215.0,0.16844885510010782,378.12,1.0000000000000003e-05
671.9299926757812,220.0,0.16844885510010782,441.89,1.0000000000000003e-05
671.9299926757812,225.0,0.16844885510010782,443.0,1.0000000000000003e-05
671.9299926757812,230.0,0.16844885510010782,319.5,1.0000000000000003e-05
671.9299926757812,235.0,0.16844885510010782,421.01,1.2365760827636718
671.9299926757812,240.0,0.16844885510010782,390.41,1.0000000000000003e-05
671.9299926757812,245.0,0.16844885510010782,354.04,1.0000000000000003e-05
671.9299926757812,250.0,0.16844885510010782,412.94,1.0754440759277344
671.9299926757812,255.0,0.16844885510010782,406.03,1.5111108428955078
671.9299926757812,260.0,0.16844885510010782,291.0,1.0000000000000003e-05
671.9299926757812,265.0,0.16844885510010782,251.24,1.0000000000000003e-05
671.9299926757812,270.0,0.16844885510010782,376.0,1.0000000000000003e-05
671.9299926757812,275.0,0.16844885510010782,408.81,1.0842330944824217
671.9299926757812,280.0,0.16844885510010782,366.05,1.0000000000000003e-05
671.9299926757812,285.0,0.16844885510010782,326.48,1.0000000000000003e-05
671.9299926757812,290.0,0.16844885510010782,380.48,1.0000000000000003e-05
671.9299926757812,295.0,0.16844885510010782,341.61,1.0000000000000003e-05
671.9299926757812,300.0,0.16844885510010782,375.66,0.9985351708984375
671.9299926757812,305.0,0.16844885510010782,327.39,1.0000000000000003e-05
671.9299926757812,310.0,0.16844885510010782,364.36,0.9089364575195311
671.9299926757812,315.0,0.16844885510010782,368.74,0.9509282250976561
671.9299926757812,320.0,0.16844885510010782,346.19,1.0000000000000003e-05
671.9299926757812,325.0,0.16844885510010782,329.51,1.0000000000000003e-05
671.9299926757812,330.0,0.16844885510010782,353.83,0.9045419702148438
671.9299926757812,335.0,0.16844885510010782,287.11,1.0000000000000003e-05
671.9299926757812,340.0,0.16844885510010782,294.2,1.0000000000000003e-05
671.9299926757812,345.0,0.16844885510010782,306.26,1.0000000000000003e-05
671.9299926757812,350.0,0.16844885510010782,330.68,0.8533950207519532
671.9299926757812,355.0,0.16844885510010782,310.76,0.8336198278808591
671.9299926757812,360.0,0.16844885510010782,311.22,1.0000000000000003e-05
671.9299926757812,365.0,0.16844885510010782,284.9,1.0000000000000003e-05
671.9299926757812,370.0,0.16844885510010782,302.0,0.7908956457519531
671.9299926757812,375.0,0.16844885510010782,310.0,0.7774680456542968
671.9299926757812,380.0,0.16844885510010782,282.6,0.991211025390625
671.9299926757812,385.0,0.16844885510010782,283.75,0.7573266455078126
671.9299926757812,390.0,0.16844885510010782,292.48,0.7442652526855469
671.9299926757812,395.0,0.16844885510010782,268.07,0.7258328198242188
671.9299926757812,400.0,0.16844885510010782,282.3,0.7187528125
671.9299926757812,405.0,0.16844885510010782,268.94,0.706179696044922
671.9299926757812,410.0,0.16844885510010782,262.31,0.6939727868652343
671.9299926757812,415.0,0.16844885510010782,270.4,0.6781038049316408
671.9299926757812,420.0,0.16844885510010782,250.23,0.6666293103027345
671.9299926757812,425.0,0.16844885510010782,245.08,0.659305164794922
671.9299926757812,430.0,0.16844885510010782,241.3,0.6442906665039063
671.9299926757812,435.0,0.16844885510010782,235.28,0.6333044482421876
671.9299926757812,440.0,0.16844885510010782,225.9,0.6256140954589844
671.9299926757812,445.0,0.16844885510010782,230.53,0.6107216662597659
671.9299926757812,450.0,0.16844885510010782,227.8,0.6044961425781252
671.9299926757812,455.0,0.16844885510010782,223.3,0.5924723370361329
671.9299926757812,460.0,0.16844885510010782,225.95,0.5816692224121094
671.9299926757812,465.0,0.16844885510010782,210.13,0.5704388659667969
671.9299926757812,470.0,0.16844885510010782,205.77,0.5596357513427734
671.9299926757812,475.0,0.16844885510010782,200.55,0.5497481549072267
671.9299926757812,480.0,0.16844885510010782,206.42,0.5381515911865236
671.9299926757812,485.0,0.16844885510010782,201.15,0.5274095111083985
671.9299926757812,490.0,0.16844885510010782,186.1,0.516606396484375
671.9299926757812,495.0,0.16844885510010782,191.71,0.5059253509521484
671.9299926757812,500.0,0.16844885510010782,176.46,0.5280808911132813
671.9299926757812,505.0,0.16844885510010782,188.19,0.5211839874267576
671.9299926757812,510.0,0.16844885510010782,159.31,0.5052234536743164
671.9299926757812,515.0,0.16844885510010782,171.0,0.49823499816894534
671.9299926757812,520.0,0.16844885510010782,155.57,0.48660791717529295
671.9299926757812,525.0,0.16844885510010782,153.85,0.4754080780029296
671.9299926757812,530.0,0.16844885510010782,148.64,0.46411668701171876
671.9299926757812,535.0,0.16844885510010782,146.65,0.44940736145019533
671.9299926757812,540.0,0.16844885510010782,137.0,0.4420221813964844
671.9299926757812,545.0,0.16844885510010782,135.1,0.4313411358642578
671.9299926757812,550.0,0.16844885510010782,128.74,0.42035491760253907
671.9299926757812,555.0,0.16844885510010782,120.07,0.4098264584350586
671.9299926757812,560.0,0.16844885510010782,118.7,0.3991759301757813
671.9299926757812,565.0,0.16844885510010782,114.17,0.3888916091918946
671.9299926757812,570.0,0.16844885510010782,109.4,0.37573866455078125
671.9299926757812,575.0,0.16844885510010782,103.04,0.36832296722412117
671.9299926757812,580.0,0.16844885510010782,99.5,0.35831330169677733
671.9299926757812,585.0,0.16844885510010782,94.79,0.3423527679443359
671.9299926757812,590.0,0.16844885510010782,90.8,0.33875172973632806
671.9299926757812,595.0,0.16844885510010782,86.54,0.32910827148437494
671.9299926757812,600.0,0.16844885510010782,79.07,0.3194342959594726
671.9299926757812,605.0,0.16844885510010782,77.06,0.3100807518005371
671.9299926757812,610.0,0.16844885510010782,70.44,0.29944548217773437
671.9299926757812,615.0,0.16844885510010782,61.09,0.2916635775756835
671.9299926757812,620.0,0.16844885510010782,60.78,0.2827220166015625
671.9299926757812,625.0,0.16844885510010782,58.46,0.26285527191162117
671.9299926757812,630.0,0.16844885510010782,53.93,0.25510388458251965
671.9299926757812,635.0,0.16844885510010782,49.51,0.24640646179199222
671.9299926757812,640.0,0.16844885510010782,44.45,0.23792265991210934
671.9299926757812,645.0,0.16844885510010782,41.36,0.23014075531005856
671.9299926757812,650.0,0.16844885510010782,35.86,0.2219163502502441
671.9299926757812,655.0,0.16844885510010782,32.25,0.21411918701171873
671.9299926757812,660.0,0.16844885510010782,28.59,0.20322452056884766
671.9299926757812,665.0,0.16844885510010782,24.54,0.19886055053710935
671.9299926757812,670.0,0.16844885510010782,21.9,0.188210022277832
671.9299926757812,675.0,0.16844885510010782,18.58,0.18129785995483394
671.9299926757812,680.0,0.16844885510010782,15.54,0.17449250808715822
671.9299926757812,685.0,0.16844885510010782,12.8,0.1685416398620606
671.9299926757812,690.0,0.16844885510010782,10.62,0.16285016845703126
671.9299926757812,695.0,0.16844885510010782,8.32,0.1576164561462402
671.9299926757812,700.0,0.16844885510010782,6.79,0.15253533020019533
671.9299926757812,705.0,0.16844885510010782,5.13,0.1487511883544922
671.9299926757812,710.0,0.16844885510010782,4.05,0.1453027365112305
671.9299926757812,715.0,0.16844885510010782,3.04,0.14264773376464845
671.9299926757812,720.0,0.16844885510010782,2.34,0.14038945556640625
671.9299926757812,725.0,0.16844885510010782,1.71,0.13892462646484377
671.9299926757812,730.0,0.16844885510010782,1.3,0.1380091082763672
671.9299926757812,735.0,0.16844885510010782,1.0,0.1375208319091797
671.9299926757812,740.0,0.16844885510010782,0.72,0.1376429010009766
671.9299926757812,745.0,0.16844885510010782,0.56,0.13807014282226562
671.9299926757812,750.0,0.16844885510010782,0.44,0.13855841918945314
671.9299926757812,755.0,0.16844885510010782,0.33,0.13953497192382813
671.9299926757812,760.0,0.16844885510010782,0.25,0.14112187011718752
671.9299926757812,765.0,0.16844885510010782,0.24,0.14222049194335937
671.9299926757812,770.0,0.16844885510010782,0.16,0.14417359741210936
671.9299926757812,775.0,0.16844885510010782,0.12,0.1450280810546875
671.9299926757812,780.0,0.16844885510010782,0.1,0.14771360107421877
671.9299926757812,785.0,0.16844885510010782,0.1,0.14966670654296876
671.9299926757812,790.0,0.16844885510010782,0.07,0.15284050292968754
671.9299926757812,795.0,0.16844885510010782,0.07,0.1557701611328125
671.9299926757812,800.0,0.16844885510010782,0.06,0.15821154296875
671.9299926757812,805.0,0.16844885510010782,0.06,0.16358258300781253
671.9299926757812,810.0,0.16844885510010782,0.05,0.165047412109375
671.9299926757812,815.0,0.16844885510010782,0.05,0.16993017578125003
671.9299926757812,820.0,0.16844885510010782,0.04,0.17090672851562502
671.9299926757812,825.0,0.16844885510010782,0.04,0.1757894921875
671.9299926757812,830.0,0.16844885510010782,0.04,0.180672255859375
671.9299926757812,835.0,0.16844885510010782,0.04,0.18457846679687498
671.9299926757812,840.0,0.16844885510010782,0.03,0.18457846679687498
671.9299926757812,345.0,0.2643392660590119,343.0,0.7573266455078126
671.9299926757812,350.0,0.2643392660590119,320.74,0.747072841796875
671.9299926757812,365.0,0.2643392660590119,304.51,0.7147245324707032
671.9299926757812,385.0,0.2643392660590119,291.95,0.6731600067138674
671.9299926757812,390.0,0.2643392660590119,263.91,0.6268347863769532
671.9299926757812,395.0,0.2643392660590119,285.26,0.6531406756591798
671.9299926757812,400.0,0.2643392660590119,269.8,0.6429479064941408
671.9299926757812,420.0,0.2643392660590119,249.2,0.6033059689331056
671.9299926757812,435.0,0.2643392660590119,248.96,0.574070421447754
671.9299926757812,440.0,0.2643392660590119,243.73,0.5645185150146486
671.9299926757812,455.0,0.2643392660590119,213.23,0.5349777947998047
671.9299926757812,460.0,0.2643392660590119,228.57,0.5257615783691407
671.9299926757812,465.0,0.2643392660590119,208.13,0.5164232928466796
671.9299926757812,470.0,0.2643392660590119,201.2,0.5072681109619142
671.9299926757812,475.0,0.2643392660590119,193.41,0.5282639947509766
671.9299926757812,480.0,0.2643392660590119,199.16,0.5183153637695312
671.9299926757812,485.0,0.2643392660590119,193.95,0.5087024227905274
671.9299926757812,490.0,0.2643392660590119,182.87,0.4989063781738281
671.9299926757812,495.0,0.2643392660590119,194.68,0.4892629199218751
671.9299926757812,500.0,0.2643392660590119,172.04,0.4797720480346679
671.9299926757812,505.0,0.2643392660590119,173.47,0.4702506588745118
671.9299926757812,510.0,0.2643392660590119,186.15,0.46085133880615237
671.9299926757812,515.0,0.2643392660590119,155.4,0.45157408782958985
671.9299926757812,520.0,0.2643392660590119,170.31,0.4423578713989258
671.9299926757812,525.0,0.2643392660590119,164.25,0.4331111376953125
671.9299926757812,530.0,0.2643392660590119,155.89,0.4241085421752929
671.9299926757812,535.0,0.2643392660590119,147.02,0.4151364639282227
671.9299926757812,540.0,0.2643392660590119,136.3,0.4063780065917969
671.9299926757812,545.0,0.2643392660590119,145.72,0.39761954925537113
671.9299926757812,550.0,0.2643392660590119,131.59,0.3890441955566406
671.9299926757812,555.0,0.2643392660590119,126.96,0.3804688418579102
671.9299926757812,560.0,0.2643392660590119,121.99,0.37210710906982425
671.9299926757812,565.0,0.2643392660590119,116.86,0.3642031353759766
671.9299926757812,570.0,0.2643392660590119,122.23,0.3554141607666015
671.9299926757812,575.0,0.2643392660590119,108.12,0.34717449707031245
671.9299926757812,580.0,0.2643392660590119,111.0,0.3391789715576171
671.9299926757812,585.0,0.2643392660590119,106.5,0.3311681874084473
671.9299926757812,590.0,0.2643392660590119,92.85,0.3233557655334472
671.9299926757812,595.0,0.2643392660590119,89.58,0.31821360504150387
671.9299926757812,600.0,0.2643392660590119,84.0,0.3103096313476562
671.9299926757812,605.0,0.2643392660590119,80.67,0.30260401992797853
671.9299926757812,610.0,0.2643392660590119,72.37,0.29253331985473624
671.9299926757812,615.0,0.2643392660590119,70.77,0.2851481398010253
671.9299926757812,620.0,0.2643392660590119,66.8,0.2777477011108398
671.9299926757812,625.0,0.2643392660590119,62.98,0.2638470832824707
671.9299926757812,630.0,0.2643392660590119,58.27,0.25653819641113285
671.9299926757812,635.0,0.2643392660590119,55.85,0.24958025817871093
671.9299926757812,640.0,0.2643392660590119,50.57,0.24250025085449217
671.9299926757812,645.0,0.2643392660590119,47.45,0.2355728298950195
671.9299926757812,650.0,0.2643392660590119,42.04,0.22855385711669923
671.9299926757812,655.0,0.2643392660590119,39.33,0.22162643615722655
671.9299926757812,660.0,0.2643392660590119,35.01,0.21493552406311037
671.9299926757812,665.0,0.2643392660590119,31.52,0.20847349151611322
671.9299926757812,670.0,0.2643392660590119,28.47,0.19883003326416016
671.9299926757812,675.0,0.2643392660590119,24.72,0.19272657867431642
671.9299926757812,680.0,0.2643392660590119,21.78,0.18692829681396483
671.9299926757812,685.0,0.2643392660590119,18.93,0.18120630813598632
671.9299926757812,690.0,0.2643392660590119,16.4,0.1757894921875
671.9299926757812,695.0,0.2643392660590119,13.97,0.17089146987915044
671.9299926757812,700.0,0.2643392660590119,11.71,0.16611551666259772
671.9299926757812,705.0,0.2643392660590119,9.8,0.1618278398132324
671.9299926757812,710.0,0.2643392660590119,8.4,0.15796740478515625
671.9299926757812,715.0,0.2643392660590119,6.63,0.15451895294189455
671.9299926757812,720.0,0.2643392660590119,5.43,0.15152826019287113
671.9299926757812,725.0,0.2643392660590119,4.4,0.14884274017333982
671.9299926757812,730.0,0.2643392660590119,3.52,0.14664549652099607
671.9299926757812,735.0,0.2643392660590119,2.82,0.14487549468994143
671.9299926757812,740.0,0.2643392660590119,2.29,0.14350221740722657
671.9299926757812,745.0,0.2643392660590119,1.99,0.1424035955810547
671.9299926757812,750.0,0.2643392660590119,1.47,0.14130497375488282
671.9299926757812,755.0,0.2643392660590119,1.18,0.14093876647949222
671.9299926757812,760.0,0.2643392660590119,0.94,0.14075566284179689
671.9299926757812,765.0,0.2643392660590119,0.81,0.1408166973876953
671.9299926757812,770.0,0.2643392660590119,0.71,0.14112187011718752
671.9299926757812,775.0,0.2643392660590119,0.5,0.141610146484375
671.9299926757812,780.0,0.2643392660590119,0.41,0.1419763537597656
671.9299926757812,785.0,0.2643392660590119,0.34,0.1430749755859375
671.9299926757812,790.0,0.2643392660590119,0.31,0.14405152832031248
671.9299926757812,795.0,0.2643392660590119,0.24,0.1450280810546875
671.9299926757812,800.0,0.2643392660590119,0.21,0.14600463378906248
671.9299926757812,245.0,0.3410515948261352,386.89,1.0000000000000003e-05
671.9299926757812,250.0,0.3410515948261352,426.48,0.9185799157714845
671.9299926757812,255.0,0.3410515948261352,355.14,1.0000000000000003e-05
671.9299926757812,260.0,0.3410515948261352,388.32,1.0000000000000003e-05
671.9299926757812,265.0,0.3410515948261352,383.68,1.0000000000000003e-05
671.9299926757812,270.0,0.3410515948261352,396.21,1.0000000000000003e-05
671.9299926757812,275.0,0.3410515948261352,374.11,1.0000000000000003e-05
671.9299926757812,285.0,0.3410515948261352,321.9,1.0000000000000003e-05
671.9299926757812,290.0,0.3410515948261352,367.29,1.0000000000000003e-05
671.9299926757812,295.0,0.3410515948261352,253.05,1.0000000000000003e-05
671.9299926757812,300.0,0.3410515948261352,369.02,0.8061542822265625
671.9299926757812,305.0,0.3410515948261352,368.6,0.7661156201171876
671.9299926757812,310.0,0.3410515948261352,260.19,1.0000000000000003e-05
671.9299926757812,315.0,0.3410515948261352,367.52,0.773561834716797
671.9299926757812,320.0,0.3410515948261352,361.74,0.7630638928222657
671.9299926757812,325.0,0.3410515948261352,325.76,1.0000000000000003e-05
671.9299926757812,330.0,0.3410515948261352,340.28,0.7428614581298827
671.9299926757812,335.0,0.3410515948261352,326.27,1.0000000000000003e-05
671.9299926757812,340.0,0.3410515948261352,333.5,0.7207669525146485
671.9299926757812,345.0,0.3410515948261352,338.25,0.710940390625
671.9299926757812,350.0,0.3410515948261352,322.97,0.7022124505615235
671.9299926757812,355.0,0.3410515948261352,311.0,0.8255022332763671
671.9299926757812,360.0,0.3410515948261352,303.0,0.6823151885986329
671.9299926757812,365.0,0.3410515948261352,281.95,1.0000000000000003e-05
671.9299926757812,370.0,0.3410515948261352,319.46,0.6627841339111329
671.9299926757812,375.0,0.3410515948261352,303.0,0.6374547973632813
671.9299926757812,380.0,0.3410515948261352,299.68,0.6425816992187501
671.9299926757812,385.0,0.3410515948261352,282.19,0.4650932397460938
671.9299926757812,390.0,0.3410515948261352,293.34,0.6250037500000001
671.9299926757812,395.0,0.3410515948261352,276.01,0.6044961425781252
671.9299926757812,400.0,0.3410515948261352,279.92,0.6094704580688478
671.9299926757812,405.0,0.3410515948261352,280.95,0.5973551007080078
671.9299926757812,410.0,0.3410515948261352,264.01,0.5779461151123046
671.9299926757812,415.0,0.3410515948261352,263.8,0.5695843823242188
671.9299926757812,420.0,0.3410515948261352,263.71,0.5699505895996093
671.9299926757812,425.0,0.3410515948261352,253.28,0.5635114450073243
671.9299926757812,430.0,0.3410515948261352,256.4,0.5510909149169922
671.9299926757812,435.0,0.3410515948261352,195.67,0.3967345483398438
671.9299926757812,440.0,0.3410515948261352,245.9,0.5344284838867188
671.9299926757812,445.0,0.3410515948261352,237.83,0.5256395092773438
671.9299926757812,450.0,0.3410515948261352,239.7,0.5194139855957032
671.9299926757812,455.0,0.3410515948261352,217.71,0.5077869046020508
671.9299926757812,460.0,0.3410515948261352,219.07,0.5021412091064454
671.9299926757812,465.0,0.3410515948261352,224.6,0.5155993264770508
671.9299926757812,470.0,0.3410515948261352,216.18,0.511876219177246
671.9299926757812,475.0,0.3410515948261352,198.35,0.4978382736206055
671.9299926757812,480.0,0.3410515948261352,196.2,0.4889272299194337
671.9299926757812,485.0,0.3410515948261352,196.66,0.48016877258300783
671.9299926757812,490.0,0.3410515948261352,200.37,0.47626256164550784
671.9299926757812,495.0,0.3410515948261352,177.32,0.4630180651855469
671.9299926757812,500.0,0.3410515948261352,180.4,0.4589592678833009
671.9299926757812,505.0,0.3410515948261352,187.79,0.45050598327636715
671.9299926757812,510.0,0.3410515948261352,171.39,0.43774976318359377
671.9299926757812,515.0,0.3410515948261352,179.13,0.43362993133544925
671.9299926757812,520.0,0.3410515948261352,162.0,0.42307095489501956
671.9299926757812,525.0,0.3410515948261352,158.58,0.4133969793701171
671.9299926757812,530.0,0.3410515948261352,153.98,0.40657636886596676
671.9299926757812,535.0,0.3410515948261352,149.14,0.39856558471679693
671.9299926757812,540.0,0.3410515948261352,144.9,0.3908141973876953
671.9299926757812,545.0,0.3410515948261352,147.79,0.38315436187744134
671.9299926757812,550.0,0.3410515948261352,135.21,0.37531142272949214
671.9299926757812,555.0,0.3410515948261352,128.86,0.3668123622131348
671.9299926757812,560.0,0.3410515948261352,125.56,0.36177701217651365
671.9299926757812,565.0,0.3410515948261352,115.3,0.35500217758178704
671.9299926757812,570.0,0.3410515948261352,118.91,0.34467208068847655
671.9299926757812,575.0,0.3410515948261352,112.14,0.32948973739624016
671.9299926757812,580.0,0.3410515948261352,115.89,0.33302974105834965
671.9299926757812,585.0,0.3410515948261352,100.46,0.32588869918823243
671.9299926757812,590.0,0.3410515948261352,95.35,0.31880869186401356
671.9299926757812,595.0,0.3410515948261352,90.06,0.3118507536315917
671.9299926757812,600.0,0.3410515948261352,90.35,0.3049843672180175
671.9299926757812,605.0,0.3410515948261352,86.39,0.2981027221679687
671.9299926757812,610.0,0.3410515948261352,79.14,0.284263138885498
671.9299926757812,615.0,0.3410515948261352,75.39,0.2778392529296875
671.9299926757812,620.0,0.3410515948261352,72.09,0.27118648742675777
671.9299926757812,625.0,0.3410515948261352,68.63,0.26462527374267575
671.9299926757812,630.0,0.3410515948261352,64.15,0.25821664642333986
671.9299926757812,635.0,0.3410515948261352,61.24,0.2518385363769531
671.9299926757812,640.0,0.3410515948261352,54.41,0.24546042633056642
671.9299926757812,645.0,0.3410515948261352,51.12,0.23917386810302732
671.9299926757812,650.0,0.3410515948261352,47.01,0.23279575805664063
671.9299926757812,655.0,0.3410515948261352,44.21,0.22631083755493164
671.9299926757812,660.0,0.3410515948261352,39.86,0.22087876296997067
671.9299926757812,665.0,0.3410515948261352,36.5,0.21483634292602538
671.9299926757812,670.0,0.3410515948261352,32.63,0.2092211647033691
671.9299926757812,675.0,0.3410515948261352,29.27,0.20011175872802733
671.9299926757812,680.0,0.3410515948261352,26.5,0.19442028732299804
671.9299926757812,685.0,0.3410515948261352,23.76,0.18959855819702148
671.9299926757812,690.0,0.3410515948261352,20.93,0.18447165634155271
671.9299926757812,695.0,0.3410515948261352,18.2,0.17966518585205077
671.9299926757812,700.0,0.3410515948261352,16.2,0.17516388809204103
671.9299926757812,705.0,0.3410515948261352,13.91,0.17095250442504883
671.9299926757812,710.0,0.3410515948261352,11.74,0.16649698257446294
671.9299926757812,715.0,0.3410515948261352,10.28,0.16341473800659184
671.9299926757812,720.0,0.3410515948261352,8.69,0.16031723480224608
671.9299926757812,725.0,0.3410515948261352,7.86,0.1573723179626465
671.9299926757812,730.0,0.3410515948261352,6.16,0.15465628067016607
671.9299926757812,735.0,0.3410515948261352,4.99,0.15236748519897464
671.9299926757812,740.0,0.3410515948261352,4.2,0.1503533451843262
671.9299926757812,745.0,0.3410515948261352,3.45,0.14869015380859374
671.9299926757812,750.0,0.3410515948261352,2.82,0.1472863592529297
671.9299926757812,755.0,0.3410515948261352,2.35,0.14820187744140628
671.9299926757812,760.0,0.3410515948261352,1.98,0.14539428833007811
671.9299926757812,765.0,0.3410515948261352,1.63,0.14405152832031248
671.9299926757812,770.0,0.3410515948261352,1.36,0.1437463555908203
671.9299926757812,775.0,0.3410515948261352,1.13,0.14344118286132812
671.9299926757812,780.0,0.3410515948261352,0.91,0.14344118286132812
671.9299926757812,785.0,0.3410515948261352,0.76,0.14380739013671873
671.9299926757812,790.0,0.3410515948261352,0.65,0.14405152832031248
671.9299926757812,795.0,0.3410515948261352,0.55,0.14429566650390624
671.9299926757812,800.0,0.3410515948261352,0.45,0.14515015014648439
671.9299926757812,805.0,0.3410515948261352,0.39,0.14539428833007811
671.9299926757812,810.0,0.3410515948261352,0.34,0.14673704833984375
671.9299926757812,815.0,0.3410515948261352,0.24,0.147469462890625
671.9299926757812,820.0,0.3410515948261352,0.24,0.14771360107421877
671.9299926757812,825.0,0.3410515948261352,0.2,0.14905636108398437
671.9299926757812,830.0,0.3410515948261352,0.2,0.14991084472656252
671.9299926757812,835.0,0.3410515948261352,0.15,0.15137567382812503
671.9299926757812,840.0,0.3410515948261352,0.14,0.15259636474609378
671.9299926757812,845.0,0.3410515948261352,0.14,0.15357291748046875
671.9299926757812,850.0,0.3410515948261352,0.11,0.15552602294921875
671.9299926757812,475.0,0.4533803619494229,216.0,0.455632885131836
671.9299926757812,480.0,0.4533803619494229,206.69,0.44826296371459956
671.9299926757812,500.0,0.4533803619494229,183.66,0.41972931350708004
671.9299926757812,505.0,0.4533803619494229,178.29,0.4127866339111328
671.9299926757812,510.0,0.4533803619494229,187.22,0.4058897302246094
671.9299926757812,520.0,0.4533803619494229,171.93,0.39230954376220706
671.9299926757812,550.0,0.4533803619494229,138.88,0.3534152793884277
671.9299926757812,555.0,0.4533803619494229,127.16,0.3471439797973632
671.9299926757812,560.0,0.4533803619494229,133.0,0.34097949066162114
671.9299926757812,570.0,0.4533803619494229,111.45,0.3288030987548828
671.9299926757812,575.0,0.4533803619494229,119.51,0.32282171325683584
671.9299926757812,580.0,0.4533803619494229,119.39,0.31908334732055654
671.9299926757812,585.0,0.4533803619494229,103.93,0.3110115286254882
671.9299926757812,590.0,0.4533803619494229,110.99,0.30522850540161134
671.9299926757812,595.0,0.4533803619494229,99.1,0.29944548217773437
671.9299926757812,600.0,0.4533803619494229,94.72,0.2936624589538574
671.9299926757812,605.0,0.4533803619494229,91.24,0.28792521163940415
671.9299926757812,610.0,0.4533803619494229,86.3,0.2818141277313232
671.9299926757812,612.0,0.4533803619494229,92.34,0.279807617034912
671.9299926757812,613.0,0.4533803619494229,90.41,0.27845722770690917
671.9299926757812,615.0,0.4533803619494229,82.09,0.2761302856445312
671.9299926757812,616.0,0.4533803619494229,72.87,0.2750011465454102
671.9299926757812,618.0,0.4533803619494229,85.76,0.27280390289306633
671.9299926757812,620.0,0.4533803619494229,78.18,0.2706219178771973
671.9299926757812,621.0,0.4533803619494229,82.9,0.26950803741455076
671.9299926757812,622.0,0.4533803619494229,83.47,0.2683788983154296
671.9299926757812,625.0,0.4533803619494229,73.5,0.26538820556640624
671.9299926757812,627.0,0.4533803619494229,71.13,0.2631604446411133
671.9299926757812,630.0,0.4533803619494229,65.15,0.25984932052612303
671.9299926757812,631.0,0.4533803619494229,80.0,0.2587354400634766
671.9299926757812,635.0,0.4533803619494229,65.26,0.25429517684936526
671.9299926757812,637.0,0.4533803619494229,64.25,0.2521742263793946
671.9299926757812,639.0,0.4533803619494229,63.45,0.24994646545410154
671.9299926757812,640.0,0.4533803619494229,60.27,0.24895465408325196
671.9299926757812,641.0,0.4533803619494229,72.61,0.2477721097564697
671.9299926757812,643.0,0.4533803619494229,66.27,0.24559775405883788
671.9299926757812,644.0,0.4533803619494229,64.02,0.24455253746032715
671.9299926757812,645.0,0.4533803619494229,55.6,0.2434920622253418
671.9299926757812,646.0,0.4533803619494229,58.66,0.2424086990356445
671.9299926757812,647.0,0.4533803619494229,54.65,0.24137111175537107
671.9299926757812,648.0,0.4533803619494229,62.43,0.24025723129272458
671.9299926757812,649.0,0.4533803619494229,58.04,0.23918912673950193
671.9299926757812,650.0,0.4533803619494229,52.39,0.2381667980957031
671.9299926757812,651.0,0.4533803619494229,57.55,0.23706817626953125
671.9299926757812,652.0,0.4533803619494229,58.89,0.236061106262207
671.9299926757812,653.0,0.4533803619494229,58.76,0.23459627716064452
671.9299926757812,654.0,0.4533803619494229,57.83,0.23349765533447264
671.9299926757812,655.0,0.4533803619494229,46.5,0.2329025685119629
671.9299926757812,656.0,0.4533803619494229,48.59,0.23189549850463864
671.9299926757812,657.0,0.4533803619494229,51.35,0.23035437622070312
671.9299926757812,658.0,0.4533803619494229,49.5,0.2293625648498535
671.9299926757812,659.0,0.4533803619494229,41.5,0.22829446029663086
671.9299926757812,660.0,0.4533803619494229,42.98,0.227272131652832
671.9299926757812,661.0,0.4533803619494229,40.75,0.22623454437255858
671.9299926757812,662.0,0.4533803619494229,46.97,0.22566997482299805
671.9299926757812,663.0,0.4533803619494229,39.12,0.2246476461791992
671.9299926757812,664.0,0.4533803619494229,40.86,0.223716869354248
671.9299926757812,665.0,0.4533803619494229,43.15,0.22209182456970208
671.9299926757812,666.0,0.4533803619494229,40.81,0.22112290115356442
671.9299926757812,667.0,0.4533803619494229,37.8,0.22013108978271478
671.9299926757812,669.0,0.4533803619494229,40.84,0.2181474670410156
671.9299926757812,670.0,0.4533803619494229,39.74,0.21715565567016604
671.9299926757812,671.0,0.4533803619494229,39.5,0.2161943615722656
671.9299926757812,672.0,0.4533803619494229,38.5,0.21521780883789063
671.9299926757812,673.0,0.4533803619494229,37.51,0.2142107388305664
671.9299926757812,674.0,0.4533803619494229,36.71,0.21054103675842287
671.9299926757812,675.0,0.4533803619494229,37.2,0.2074053869628906
671.9299926757812,676.0,0.4533803619494229,35.94,0.20644409286499016
671.9299926757812,677.0,0.4533803619494229,31.9,0.2054675401306152
671.9299926757812,678.0,0.4533803619494229,33.43,0.2045215046691894
671.9299926757812,679.0,0.4533803619494229,37.2,0.20361361579895018
671.9299926757812,680.0,0.4533803619494229,32.12,0.20075262145996092
671.9299926757812,681.0,0.4533803619494229,32.58,0.20172154487609864
671.9299926757812,682.0,0.4533803619494229,31.11,0.19979895668029787
671.9299926757812,683.0,0.4533803619494229,30.53,0.19890632644653317
671.9299926757812,684.0,0.4533803619494229,30.85,0.19797554962158204
671.9299926757812,685.0,0.4533803619494229,29.38,0.1970905487060547
671.9299926757812,686.0,0.4533803619494229,29.13,0.19617503051757812
671.9299926757812,687.0,0.4533803619494229,28.74,0.19528240028381347
671.9299926757812,688.0,0.4533803619494229,28.8,0.1943745114135742
671.9299926757812,689.0,0.4533803619494229,27.58,0.19348951049804688
671.9299926757812,690.0,0.4533803619494229,27.79,0.19084976638793943
671.9299926757812,691.0,0.4533803619494229,26.5,0.19175002593994145
671.9299926757812,692.0,0.4533803619494229,25.95,0.19089554229736327
671.9299926757812,693.0,0.4533803619494229,25.75,0.1900181707000733
671.9299926757812,694.0,0.4533803619494229,24.89,0.18917131637573242
671.9299926757812,695.0,0.4533803619494229,24.63,0.1871114004516602
671.9299926757812,696.0,0.4533803619494229,23.87,0.1874928663635254
671.9299926757812,697.0,0.4533803619494229,23.04,0.18666889999389646
671.9299926757812,698.0,0.4533803619494229,23.1,0.18457083747863767
671.9299926757812,699.0,0.4533803619494229,22.61,0.18373924179077145
671.9299926757812,700.0,0.4533803619494229,21.14,0.18294579269409178
671.9299926757812,701.0,0.4533803619494229,21.34,0.18210656768798827
671.9299926757812,702.0,0.4533803619494229,21.09,0.1826863958740234
671.9299926757812,703.0,0.4533803619494229,20.66,0.18192346405029297
671.9299926757812,704.0,0.4533803619494229,20.11,0.18111475631713864
671.9299926757812,705.0,0.4533803619494229,18.72,0.18040522972106934
671.9299926757812,706.0,0.4533803619494229,19.88,0.17966518585205077
671.9299926757812,707.0,0.4533803619494229,18.51,0.17888699539184572
671.9299926757812,708.0,0.4533803619494229,18.06,0.17819272743225098
671.9299926757812,709.0,0.4533803619494229,17.64,0.17746794219970702
671.9299926757812,710.0,0.4533803619494229,17.34,0.17469087036132813
671.9299926757812,711.0,0.4533803619494229,16.71,0.17599548377990723
671.9299926757812,715.0,0.4533803619494229,19.63,0.17325655853271482
671.9299926757812,720.0,0.4533803619494229,13.55,0.16790077713012697
671.9299926757812,725.0,0.4533803619494229,11.77,0.16507792938232424
671.9299926757812,730.0,0.4533803619494229,10.22,0.16198042617797853
671.9299926757812,735.0,0.4533803619494229,8.33,0.15975266525268556
671.9299926757812,740.0,0.4533803619494229,7.8,0.1570671452331543
671.9299926757812,745.0,0.4533803619494229,6.78,0.15531240203857422
671.9299926757812,750.0,0.4533803619494229,5.25,0.1530846411132813
671.9299926757812,755.0,0.4533803619494229,4.53,0.15465628067016607
671.9299926757812,760.0,0.4533803619494229,4.07,0.14997187927246097
671.9299926757812,765.0,0.4533803619494229,3.52,0.15270317520141607
671.9299926757812,770.0,0.4533803619494229,2.97,0.14765256652832032
671.9299926757812,775.0,0.4533803619494229,2.27,0.1518334329223633
671.9299926757812,780.0,0.4533803619494229,1.99,0.1460351510620117
671.9299926757812,785.0,0.4533803619494229,1.72,0.1454858401489258
671.9299926757812,790.0,0.4533803619494229,1.8,0.14515015014648439
671.9299926757812,795.0,0.4533803619494229,1.92,0.14490601196289063
671.9299926757812,800.0,0.4533803619494229,1.02,0.14466187377929687
671.9299926757812,805.0,0.4533803619494229,0.9,0.1448449774169922
671.9299926757812,810.0,0.4533803619494229,0.86,0.1447229083251953
671.9299926757812,815.0,0.4533803619494229,0.74,0.14496704650878905
671.9299926757812,820.0,0.4533803619494229,0.63,0.1450280810546875
671.9299926757812,825.0,0.4533803619494229,0.52,0.1453332537841797
671.9299926757812,830.0,0.4533803619494229,0.42,0.14563842651367187
671.9299926757812,245.0,0.5876269372918886,434.95,0.7445704254150391
671.9299926757812,250.0,0.5876269372918886,423.03,0.7370021417236328
671.9299926757812,255.0,0.5876269372918886,433.07,0.7590966473388674
671.9299926757812,260.0,0.5876269372918886,368.98,1.0000000000000003e-05
671.9299926757812,265.0,0.5876269372918886,349.37,1.0000000000000003e-05
671.9299926757812,270.0,0.5876269372918886,398.95,0.7326076544189453
671.9299926757812,275.0,0.5876269372918886,414.0,0.7241238525390624
671.9299926757812,280.0,0.5876269372918886,314.93,1.0000000000000003e-05
671.9299926757812,285.0,0.5876269372918886,379.6,0.450200810546875
671.9299926757812,290.0,0.5876269372918886,356.09,1.0000000000000003e-05
671.9299926757812,295.0,0.5876269372918886,325.1,1.0000000000000003e-05
671.9299926757812,300.0,0.5876269372918886,381.46,0.6834443276977541
671.9299926757812,305.0,0.5876269372918886,360.68,0.4880422290039063
671.9299926757812,310.0,0.5876269372918886,368.7,0.646365841064453
671.9299926757812,315.0,0.5876269372918886,365.18,0.6382482464599608
671.9299926757812,320.0,0.5876269372918886,350.08,0.6491734301757812
671.9299926757812,325.0,0.5876269372918886,325.6,0.6055337298583985
671.9299926757812,330.0,0.5876269372918886,357.81,0.6333960000610351
671.9299926757812,335.0,0.5876269372918886,309.16,0.4429987341308594
671.9299926757812,340.0,0.5876269372918886,344.41,0.6174049490356447
671.9299926757812,345.0,0.5876269372918886,297.47,0.4467828759765625
671.9299926757812,350.0,0.5876269372918886,318.5,0.6020852780151369
671.9299926757812,355.0,0.5876269372918886,323.62,0.5958292370605469
671.9299926757812,360.0,0.5876269372918886,312.84,0.5722393850708009
671.9299926757812,365.0,0.5876269372918886,284.64,0.44434149414062496
671.9299926757812,370.0,0.5876269372918886,301.0,0.5714459359741212
671.9299926757812,375.0,0.5876269372918886,297.95,0.5639081695556643
671.9299926757812,380.0,0.5876269372918886,293.08,0.5567060931396486
671.9299926757812,385.0,0.5876269372918886,308.3,0.5485579812622071
671.9299926757812,390.0,0.5876269372918886,280.03,1.0000000000000003e-05
671.9299926757812,395.0,0.5876269372918886,273.4,0.5340317593383789
671.9299926757812,400.0,0.5876269372918886,272.95,0.5275773561096193
671.9299926757812,405.0,0.5876269372918886,276.36,0.5196581237792968
671.9299926757812,410.0,0.5876269372918886,282.67,0.5133105310058592
671.9299926757812,415.0,0.5876269372918886,265.31,0.5062457823181152
671.9299926757812,420.0,0.5876269372918886,265.83,0.5178881219482423
671.9299926757812,425.0,0.5876269372918886,257.49,0.5105334591674805
671.9299926757812,430.0,0.5876269372918886,263.31,0.5032703482055664
671.9299926757812,435.0,0.5876269372918886,248.07,0.4960377545166016
671.9299926757812,440.0,0.5876269372918886,213.92,0.49312335494995124
671.9299926757812,445.0,0.5876269372918886,232.67,0.4602257347106934
671.9299926757812,450.0,0.5876269372918886,240.57,0.47482824981689453
671.9299926757812,455.0,0.5876269372918886,231.78,0.4678703115844727
671.9299926757812,460.0,0.5876269372918886,235.76,0.4610039251708985
671.9299926757812,465.0,0.5876269372918886,214.19,0.4542290905761719
671.9299926757812,470.0,0.5876269372918886,214.74,0.44751529052734373
671.9299926757812,475.0,0.5876269372918886,221.29,0.44089304229736326
671.9299926757812,480.0,0.5876269372918886,207.75,0.4343013113403321
671.9299926757812,485.0,0.5876269372918886,203.25,0.4277858735656738
671.9299926757812,490.0,0.5876269372918886,194.78,0.4213162117004395
671.9299926757812,495.0,0.5876269372918886,195.67,0.4140836180114746
671.9299926757812,500.0,0.5876269372918886,189.23,0.41152016708374023
671.9299926757812,505.0,0.5876269372918886,180.25,0.4016478292846679
671.9299926757812,510.0,0.5876269372918886,180.0,0.3988860160827637
671.9299926757812,515.0,0.5876269372918886,175.42,0.3915466119384765
671.9299926757812,520.0,0.5876269372918886,170.8,0.3840851387023925
671.9299926757812,525.0,0.5876269372918886,154.91,0.3779664254760742
671.9299926757812,530.0,0.5876269372918886,166.98,0.37200029861450196
671.9299926757812,535.0,0.5876269372918886,157.78,0.3662630513000488
671.9299926757812,540.0,0.5876269372918886,152.88,0.36057157989501953
671.9299926757812,545.0,0.5876269372918886,153.99,0.35594821304321284
671.9299926757812,550.0,0.5876269372918886,137.7,0.34996682754516595
671.9299926757812,555.0,0.5876269372918886,137.35,0.34528242614746096
671.9299926757812,560.0,0.5876269372918886,132.71,0.3394841442871094
671.9299926757812,565.0,0.5876269372918886,130.1,0.33411310424804685
671.9299926757812,570.0,0.5876269372918886,124.53,0.3289938317108153
671.9299926757812,575.0,0.5876269372918886,120.2,0.32353886917114244
671.9299926757812,580.0,0.5876269372918886,115.09,0.31812968254089347
671.9299926757812,585.0,0.5876269372918886,121.49,0.31275864250183105
671.9299926757812,590.0,0.5876269372918886,107.75,0.30741049041748036
671.9299926757812,595.0,0.5876269372918886,102.84,0.29958280990600583
671.9299926757812,600.0,0.5876269372918886,98.61,0.2937845280456542
671.9299926757812,605.0,0.5876269372918886,96.76,0.28919167846679683
671.9299926757812,610.0,0.5876269372918886,90.87,0.28394270751953116
671.9299926757812,615.0,0.5876269372918886,87.75,0.2787852883911133
671.9299926757812,620.0,0.5876269372918886,83.62,0.2727428683471679
671.9299926757812,625.0,0.5876269372918886,81.3,0.2686230364990234
671.9299926757812,630.0,0.5876269372918886,76.04,0.2634961346435547
671.9299926757812,635.0,0.5876269372918886,72.77,0.25713328323364254
671.9299926757812,640.0,0.5876269372918886,66.87,0.2533796586608887
671.9299926757812,645.0,0.5876269372918886,64.1,0.24836719657897952
671.9299926757812,650.0,0.5876269372918886,61.46,0.24176020698547365
671.9299926757812,655.0,0.5876269372918886,57.27,0.23847197082519528
671.9299926757812,660.0,0.5876269372918886,52.0,0.23172765350341795
671.9299926757812,665.0,0.5876269372918886,50.0,0.2277604080200195
671.9299926757812,670.0,0.5876269372918886,45.6,0.2228852736663818
671.9299926757812,675.0,0.5876269372918886,42.6,0.21492026542663575
671.9299926757812,680.0,0.5876269372918886,39.0,0.21019771743774412
671.9299926757812,685.0,0.5876269372918886,35.88,0.20572693695068356
671.9299926757812,690.0,0.5876269372918886,33.36,0.20143926010131835
671.9299926757812,695.0,0.5876269372918886,30.32,0.19689981575012205
671.9299926757812,700.0,0.5876269372918886,28.04,0.1928867943572998
671.9299926757812,705.0,0.5876269372918886,25.56,0.18933916137695314
671.9299926757812,710.0,0.5876269372918886,22.7,0.1852956227111816
671.9299926757812,715.0,0.5876269372918886,20.35,0.18178613632202145
671.9299926757812,720.0,0.5876269372918886,18.86,0.1789480299377441
671.9299926757812,725.0,0.5876269372918886,16.76,0.17521729331970212
671.9299926757812,730.0,0.5876269372918886,14.72,0.1726767303466797
671.9299926757812,735.0,0.5876269372918886,13.99,0.1698920291900635
671.9299926757812,740.0,0.5876269372918886,10.6,0.16734383689880375
671.9299926757812,745.0,0.5876269372918886,10.45,0.16492534301757814
671.9299926757812,750.0,0.5876269372918886,8.92,0.163368962097168
671.9299926757812,755.0,0.5876269372918886,8.22,0.16072921798706058
671.9299926757812,760.0,0.5876269372918886,7.21,0.15889818161010744
671.9299926757812,765.0,0.5876269372918886,6.0,0.157234990234375
671.9299926757812,770.0,0.5876269372918886,5.3,0.1552971434020996
671.9299926757812,775.0,0.5876269372918886,4.73,0.1544579183959961
671.9299926757812,780.0,0.5876269372918886,4.0,0.15332877929687502
671.9299926757812,785.0,0.5876269372918886,3.47,0.15227593338012696
671.9299926757812,790.0,0.5876269372918886,3.26,0.15139093246459961
671.9299926757812,795.0,0.5876269372918886,2.81,0.1506432592773438
671.9299926757812,800.0,0.5876269372918886,2.28,0.1491173956298828
671.9299926757812,805.0,0.5876269372918886,2.07,0.14850705017089844
671.9299926757812,810.0,0.5876269372918886,1.95,0.14801877380371098
671.9299926757812,815.0,0.5876269372918886,1.7,0.14765256652832032
671.9299926757812,820.0,0.5876269372918886,1.37,0.14740842834472656
671.9299926757812,825.0,0.5876269372918886,1.19,0.14704222106933595
671.9299926757812,830.0,0.5876269372918886,1.1,0.14692015197753905
671.9299926757812,835.0,0.5876269372918886,0.93,0.14685911743164062
671.9299926757812,840.0,0.5876269372918886,0.82,0.14692015197753905
671.9299926757812,845.0,0.5876269372918886,0.66,0.14685911743164062
671.9299926757812,850.0,0.5876269372918886,0.56,0.1471642901611328
671.9299926757812,855.0,0.5876269372918886,0.53,0.147469462890625
671.9299926757812,860.0,0.5876269372918886,0.45,0.14734739379882814
671.9299926757812,865.0,0.5876269372918886,0.4,0.14783567016601565
671.9299926757812,870.0,0.5876269372918886,0.33,0.1480798083496094
671.9299926757812,300.0,0.8396817318124365,386.25,0.6124306335449221
671.9299926757812,305.0,0.8396817318124365,313.6,0.45252012329101565
671.9299926757812,310.0,0.8396817318124365,361.95,0.5962869961547851
671.9299926757812,315.0,0.8396817318124365,362.91,0.5895121615600586
671.9299926757812,320.0,0.8396817318124365,328.58,0.4534356414794922
671.9299926757812,325.0,0.8396817318124365,333.69,1.0000000000000003e-05
671.9299926757812,330.0,0.8396817318124365,351.86,0.5698590377807617
671.9299926757812,335.0,0.8396817318124365,344.25,1.0000000000000003e-05
671.9299926757812,345.0,0.8396817318124365,276.53,0.44598942687988286
671.9299926757812,350.0,0.8396817318124365,324.0,0.5441329766845704
671.9299926757812,360.0,0.8396817318124365,329.55,0.5316514120483399
671.9299926757812,365.0,0.8396817318124365,292.84,0.4353694158935547
671.9299926757812,370.0,0.8396817318124365,299.26,0.4567315069580079
671.9299926757812,375.0,0.8396817318124365,296.56,0.43774976318359377
671.9299926757812,385.0,0.8396817318124365,311.5,0.5007374145507812
671.9299926757812,390.0,0.8396817318124365,252.74,0.4189816403198242
671.9299926757812,395.0,0.8396817318124365,297.18,0.5042926768493652
671.9299926757812,400.0,0.8396817318124365,290.86,0.49799085998535164
671.9299926757812,405.0,0.8396817318124365,283.66,0.4917805949401856
671.9299926757812,410.0,0.8396817318124365,287.21,0.48566188171386715
671.9299926757812,415.0,0.8396817318124365,267.0,1.0000000000000003e-05
671.9299926757812,420.0,0.8396817318124365,276.09,0.4735160070800781
671.9299926757812,425.0,0.8396817318124365,276.0,0.46754988021850585
671.9299926757812,430.0,0.8396817318124365,257.83,0.4615837533569337
671.9299926757812,435.0,0.8396817318124365,204.15,0.38587039916992183
671.9299926757812,440.0,0.8396817318124365,249.75,0.44995667236328124
671.9299926757812,445.0,0.8396817318124365,220.63,0.41116921844482424
671.9299926757812,450.0,0.8396817318124365,251.0,0.43848217773437503
671.9299926757812,455.0,0.8396817318124365,230.22,0.431920964050293
671.9299926757812,460.0,0.8396817318124365,214.33,0.4272975971984864
671.9299926757812,465.0,0.8396817318124365,218.03,1.0000000000000003e-05
671.9299926757812,470.0,0.8396817318124365,230.9,0.41631137893676756
671.9299926757812,475.0,0.8396817318124365,232.72,0.41097085617065426
671.9299926757812,480.0,0.8396817318124365,226.91,0.40559981613159174
671.9299926757812,485.0,0.8396817318124365,198.96,0.4003355865478516
671.9299926757812,490.0,0.8396817318124365,184.69,0.2679516564941406
671.9299926757812,495.0,0.8396817318124365,177.0,1.0000000000000003e-05
671.9299926757812,500.0,0.8396817318124365,196.26,0.38475651870727534
671.9299926757812,505.0,0.8396817318124365,189.34,0.3796753927612304
671.9299926757812,510.0,0.8396817318124365,194.98,0.3746705599975586
671.9299926757812,515.0,0.8396817318124365,184.23,0.3696504685974121
671.9299926757812,520.0,0.8396817318124365,182.92,0.3647677049255372
671.9299926757812,525.0,0.8396817318124365,180.48,0.35986205329895016
671.9299926757812,530.0,0.8396817318124365,175.3,0.3550632121276855
671.9299926757812,535.0,0.8396817318124365,174.46,0.352194588470459
671.9299926757812,540.0,0.8396817318124365,157.65,0.3455189350128174
671.9299926757812,545.0,0.8396817318124365,164.12,0.34087268020629885
671.9299926757812,550.0,0.8396817318124365,146.35,0.33624931335449215
671.9299926757812,555.0,0.8396817318124365,140.5,0.33170223968505863
671.9299926757812,560.0,0.8396817318124365,151.0,0.3288793919372558
671.9299926757812,565.0,0.8396817318124365,138.0,0.324301800994873
671.9299926757812,570.0,0.8396817318124365,132.4,0.31821360504150387
671.9299926757812,575.0,0.8396817318124365,123.16,0.3137580831909179
671.9299926757812,580.0,0.8396817318124365,126.7,0.30938648384094236
671.9299926757812,585.0,0.8396817318124365,129.76,0.305045401763916
671.9299926757812,590.0,0.8396817318124365,109.6,0.30071194900512693
671.9299926757812,595.0,0.8396817318124365,119.44,0.29645478942871095
671.9299926757812,600.0,0.8396817318124365,110.57,0.29214422462463374
671.9299926757812,605.0,0.8396817318124365,102.4,0.2878794357299803
671.9299926757812,610.0,0.8396817318124365,101.13,0.2836070175170897
671.9299926757812,615.0,0.8396817318124365,95.49,0.27936511657714835
671.9299926757812,620.0,0.8396817318124365,92.28,0.2751537329101562
671.9299926757812,625.0,0.8396817318124365,89.4,0.27085842674255367
671.9299926757812,630.0,0.8396817318124365,84.68,0.26665467239379886
671.9299926757812,635.0,0.8396817318124365,79.7,0.2624127714538575
671.9299926757812,640.0,0.8396817318124365,79.0,0.2581937584686279
671.9299926757812,645.0,0.8396817318124365,74.75,0.25399763343811044
671.9299926757812,650.0,0.8396817318124365,67.31,0.24986254295349122
671.9299926757812,655.0,0.8396817318124365,69.07,0.24568167655944825
671.9299926757812,660.0,0.8396817318124365,63.75,0.2415313274383545
671.9299926757812,665.0,0.8396817318124365,57.94,0.23744964218139647
671.9299926757812,670.0,0.8396817318124365,56.4,0.23279575805664063
671.9299926757812,675.0,0.8396817318124365,53.99,0.22941597007751466
671.9299926757812,680.0,0.8396817318124365,51.55,0.22552501777648923
671.9299926757812,685.0,0.8396817318124365,48.42,0.22168747070312497
671.9299926757812,690.0,0.8396817318124365,40.3,0.21286034950256347
671.9299926757812,695.0,0.8396817318124365,41.28,0.20916775947570795
671.9299926757812,700.0,0.8396817318124365,38.33,0.20568879035949705
671.9299926757812,705.0,0.8396817318124365,36.08,0.20208012283325194
671.9299926757812,710.0,0.8396817318124365,34.28,0.19834175689697264
671.9299926757812,715.0,0.8396817318124365,31.19,0.1951527018737793
671.9299926757812,720.0,0.8396817318124365,28.21,0.19142959457397463
671.9299926757812,725.0,0.8396817318124365,25.96,0.18854571228027345
671.9299926757812,730.0,0.8396817318124365,24.52,0.18808032386779786
671.9299926757812,735.0,0.8396817318124365,21.92,0.1824193697357178
671.9299926757812,740.0,0.8396817318124365,20.35,0.179695703125
671.9299926757812,745.0,0.8396817318124365,18.2,0.17752897674560547
671.9299926757812,750.0,0.8396817318124365,16.59,0.17469849967956544
671.9299926757812,755.0,0.8396817318124365,13.2,0.17309634284973144
671.9299926757812,760.0,0.8396817318124365,14.15,0.17388216262817385
671.9299926757812,765.0,0.8396817318124365,13.17,0.16895362304687503
671.9299926757812,770.0,0.8396817318124365,11.13,0.16769478553771974
671.9299926757812,775.0,0.8396817318124365,10.06,0.16544413665771485
671.9299926757812,780.0,0.8396817318124365,9.01,0.1640327127838135
671.9299926757812,785.0,0.8396817318124365,7.3,0.16245344390869143
671.9299926757812,790.0,0.8396817318124365,7.75,0.16431499755859375
671.9299926757812,795.0,0.8396817318124365,5.67,0.16004257934570312
671.9299926757812,800.0,0.8396817318124365,5.84,0.1589744747924805
671.9299926757812,805.0,0.8396817318124365,5.57,0.1577232666015625
671.9299926757812,810.0,0.8396817318124365,4.64,0.1601646484375
671.9299926757812,815.0,0.8396817318124365,4.48,0.15598378204345703
671.9299926757812,820.0,0.8396817318124365,3.34,0.15602955795288087
671.9299926757812,825.0,0.8396817318124365,3.5,0.15821154296875
671.9299926757812,830.0,0.8396817318124365,3.0,0.152977830657959
671.9299926757812,835.0,0.8396817318124365,2.85,0.1524437783813477
671.9299926757812,840.0,0.8396817318124365,2.44,0.1519555020141602
671.9299926757812,845.0,0.8396817318124365,3.01,0.15165032928466798
671.9299926757812,850.0,0.8396817318124365,2.04,0.1511315356445313
671.9299926757812,855.0,0.8396817318124365,1.8,0.15091791473388677
671.9299926757812,860.0,0.8396817318124365,1.62,0.15073481109619147
671.9299926757812,865.0,0.8396817318124365,1.93,0.15039912109375003
671.9299926757812,870.0,0.8396817318124365,1.2,0.15015498291015628
671.9299926757812,875.0,0.8396817318124365,1.21,0.1500329138183594
671.9299926757812,880.0,0.8396817318124365,0.96,0.15009394836425782
671.9299926757812,885.0,0.8396817318124365,0.92,0.1498803274536133
671.9299926757812,890.0,0.8396817318124365,0.85,0.14991084472656252
671.9299926757812,895.0,0.8396817318124365,0.99,0.1500329138183594
671.9299926757812,900.0,0.8396817318124365,0.64,0.14984981018066407
