S0,K,T,C_mkt,iv_market
660.08,575.0,0.0,84.56,1.158207333984375
660.08,580.0,0.0,94.58,1.0993697375488285
660.08,585.0,0.0,78.59,1.0405321411132817
660.08,590.0,0.0,89.22,0.983398603515625
660.08,605.0,0.0,53.43,0.8078632495117187
660.08,610.0,0.0,54.07,0.7480493945312501
660.08,615.0,0.0,47.81,0.6796907031250001
660.08,625.0,0.0,35.02,0.5627485131835939
660.08,630.0,0.0,32.62,0.5031787963867188
660.08,632.0,0.0,31.73,1.0000000000000003e-05
660.08,635.0,0.0,28.82,1.0000000000000003e-05
660.08,640.0,0.0,21.35,0.179695703125
660.08,642.0,0.0,17.09,0.192390888671875
660.08,644.0,0.0,18.2,0.19727365234375
660.08,645.0,0.0,15.18,0.19702951416015624
660.08,646.0,0.0,16.39,0.19800606689453126
660.08,647.0,0.0,13.15,0.198250205078125
660.08,648.0,0.0,12.33,0.19849434326171872
660.08,649.0,0.0,12.24,0.19702951416015624
660.08,650.0,0.0,10.73,0.19654123779296873
660.08,651.0,0.0,9.5,0.19568675415039063
660.08,652.0,0.0,9.06,0.19458813232421873
660.08,653.0,0.0,8.43,0.19361157958984376
660.08,654.0,0.0,7.45,0.1914143359375
660.08,655.0,0.0,6.6,0.18982743774414065
660.08,656.0,0.0,6.03,0.18799640136718748
660.08,657.0,0.0,5.39,0.18628743408203124
660.08,658.0,0.0,4.74,0.18518881225585934
660.08,659.0,0.0,4.14,0.1825032922363281
660.08,660.0,0.0,3.54,0.17957363403320312
660.08,661.0,0.0,3.04,0.17847501220703127
660.08,662.0,0.0,2.59,0.17701018310546873
660.08,663.0,0.0,2.15,0.17524018127441404
660.08,664.0,0.0,1.75,0.1726156958007813
660.08,665.0,0.0,1.42,0.17127293579101563
660.08,666.0,0.0,1.14,0.16919776123046876
660.08,667.0,0.0,0.9,0.1667563793945313
660.08,668.0,0.0,0.72,0.16529155029296877
660.08,669.0,0.0,0.52,0.16333844482421878
660.08,670.0,0.0,0.4,0.16211775390625
660.08,671.0,0.0,0.3,0.1601646484375
660.08,672.0,0.0,0.23,0.159188095703125
660.08,673.0,0.0,0.17,0.1601646484375
660.08,674.0,0.0,0.11,0.159188095703125
660.08,675.0,0.0,0.09,0.1601646484375
660.08,676.0,0.0,0.06,0.15821154296875
660.08,677.0,0.0,0.04,0.16211775390625
660.08,678.0,0.0,0.04,0.16407085937500002
660.08,679.0,0.0,0.03,0.16602396484375004
660.08,680.0,0.0,0.03,0.17383638671875
660.08,681.0,0.0,0.02,0.17188328125000002
660.08,682.0,0.0,0.02,0.179695703125
660.08,683.0,0.0,0.01,0.18555501953124998
660.08,684.0,0.0,0.02,0.19336744140625
660.08,685.0,0.0,0.01,0.1992267578125
660.08,686.0,0.0,0.02,0.20703917968749996
660.08,687.0,0.0,0.01,0.1992267578125
660.08,688.0,0.0,0.01,0.20703917968749996
660.08,689.0,0.0,0.01,0.21094539062499998
660.08,690.0,0.0,0.01,0.21875781249999998
660.08,691.0,0.0,0.02,0.22657023437499998
660.08,692.0,0.0,0.01,0.2304764453125
660.08,693.0,0.0,0.01,0.23828886718749998
660.08,694.0,0.0,0.01,0.242195078125
660.08,695.0,0.0,0.01,0.2500075
660.08,696.0,0.0,0.01,0.257819921875
660.08,697.0,0.0,0.01,0.2617261328125
660.08,698.0,0.0,0.01,0.2695385546875
660.08,699.0,0.0,0.01,0.273444765625
660.08,700.0,0.0,0.01,0.28125718749999995
660.08,701.0,0.0,0.02,0.2890696093749999
660.08,702.0,0.0,0.02,0.2929758203124999
660.08,703.0,0.0,0.01,0.29688203124999996
660.08,704.0,0.0,0.01,0.304694453125
660.08,705.0,0.0,0.01,0.31250687499999996
660.08,706.0,0.0,0.01,0.32031929687499994
660.08,707.0,0.0,0.01,0.3242255078124999
660.08,708.0,0.0,0.01,0.32813171874999997
660.08,709.0,0.0,0.01,0.335944140625
660.08,710.0,0.0,0.01,0.3437565625
660.08,711.0,0.0,0.01,0.34766277343749996
660.08,712.0,0.0,0.01,0.35156898437499995
660.08,713.0,0.0,0.02,0.35938140625
660.08,714.0,0.0,0.01,0.367193828125
660.08,715.0,0.0,0.01,0.3711000390625
660.08,716.0,0.0,0.03,0.37500625
660.08,717.0,0.0,0.01,0.38281867187499996
660.08,718.0,0.0,0.01,0.39063109375
660.08,719.0,0.0,0.02,0.39453730468750003
660.08,720.0,0.0,0.01,0.398443515625
660.08,722.0,0.0,0.03,0.414068359375
660.08,723.0,0.0,0.03,0.41797457031249996
660.08,724.0,0.0,0.03,0.42188078125
660.08,725.0,0.0,0.02,0.42969320312500003
660.08,728.0,0.0,0.02,0.445318046875
660.08,729.0,0.0,0.01,0.45313046875
660.08,730.0,0.0,0.01,0.46094289062500005
660.08,735.0,0.0,0.01,0.48438015625
660.08,740.0,0.0,0.01,0.51562984375
660.08,745.0,0.0,0.01,0.51562984375
660.08,750.0,0.0,0.01,0.570316796875
660.08,765.0,0.0,0.01,0.648441015625
660.08,780.0,0.0,0.01,0.726565234375
660.08,500.0,0.04,160.33,0.6898224377441409
660.08,505.0,0.04,165.5,0.6728548339843752
660.08,510.0,0.04,164.32,0.6557651611328126
660.08,515.0,0.04,154.92,0.6384313500976562
660.08,520.0,0.04,142.08,0.6215858154296876
660.08,525.0,0.04,148.83,0.6044961425781252
660.08,530.0,0.04,153.64,0.5871623315429688
660.08,535.0,0.04,139.25,0.570316796875
660.08,540.0,0.04,124.14,0.553837469482422
660.08,545.0,0.04,120.9,0.5371140039062501
660.08,550.0,0.04,134.55,0.5202684692382812
660.08,555.0,0.04,119.61,0.5037891418457032
660.08,560.0,0.04,101.74,0.5585981640625001
660.08,565.0,0.04,110.74,0.5389450402832032
660.08,570.0,0.04,106.67,0.5191698474121094
660.08,575.0,0.04,110.1,0.5003101727294923
660.08,580.0,0.04,81.2,0.48120635986328125
660.08,585.0,0.04,89.15,0.4624077197265626
660.08,590.0,0.04,71.57,0.44397528686523435
660.08,595.0,0.04,90.71,0.4259700958251954
660.08,600.0,0.04,66.79,0.4083921466064453
660.08,605.0,0.04,71.7,0.34955484436035156
660.08,610.0,0.04,54.0,0.3352727606201171
660.08,615.0,0.04,50.42,0.3215399877929687
660.08,620.0,0.04,42.55,0.3080208358764648
660.08,625.0,0.04,41.16,0.2951120294189453
660.08,630.0,0.04,38.89,0.28253891296386713
660.08,635.0,0.04,33.69,0.2703930383300781
660.08,640.0,0.04,29.94,0.25867440551757814
660.08,641.0,0.04,26.79,0.25629405822753903
660.08,642.0,0.04,26.57,0.25379164184570313
660.08,643.0,0.04,26.46,0.25156388092041015
660.08,644.0,0.04,25.5,0.2491835336303711
660.08,645.0,0.04,23.98,0.24665059997558597
660.08,646.0,0.04,21.51,0.24439232177734377
660.08,647.0,0.04,20.4,0.24213404357910157
660.08,648.0,0.04,22.49,0.23975369628906246
660.08,649.0,0.04,20.74,0.23740386627197263
660.08,650.0,0.04,20.36,0.2350540362548828
660.08,651.0,0.04,18.41,0.2327347235107422
660.08,652.0,0.04,20.38,0.23044592803955077
660.08,653.0,0.04,18.29,0.22815713256835937
660.08,654.0,0.04,18.0,0.22583781982421874
660.08,655.0,0.04,15.98,0.22354902435302731
660.08,656.0,0.04,15.52,0.22122971160888671
660.08,657.0,0.04,15.36,0.21887988159179686
660.08,658.0,0.04,15.44,0.2167131552124023
660.08,659.0,0.04,13.06,0.21411918701171873
660.08,660.0,0.04,12.43,0.21186090881347652
660.08,661.0,0.04,11.98,0.20990780334472653
660.08,662.0,0.04,11.26,0.2075579733276367
660.08,663.0,0.04,10.57,0.20533021240234373
660.08,664.0,0.04,10.53,0.20319400329589843
660.08,665.0,0.04,9.45,0.20096624237060545
660.08,666.0,0.04,8.92,0.19870796417236325
660.08,667.0,0.04,8.74,0.1966633068847656
660.08,668.0,0.04,8.75,0.19440502868652343
660.08,669.0,0.04,7.33,0.1923603713989258
660.08,670.0,0.04,6.81,0.19022416229248051
660.08,671.0,0.04,7.2,0.18799640136718748
660.08,672.0,0.04,6.38,0.18601277862548826
660.08,673.0,0.04,5.53,0.1839070867919922
660.08,674.0,0.04,5.15,0.1818319122314453
660.08,675.0,0.04,4.76,0.1798788067626953
660.08,676.0,0.04,4.98,0.1779257012939453
660.08,677.0,0.04,4.41,0.17585052673339846
660.08,678.0,0.04,3.81,0.17386690399169924
660.08,679.0,0.04,3.87,0.17191379852294925
660.08,680.0,0.04,3.06,0.1700522448730469
660.08,681.0,0.04,2.83,0.16825172576904301
660.08,682.0,0.04,2.46,0.166573275756836
660.08,683.0,0.04,2.3,0.16468120483398438
660.08,684.0,0.04,2.29,0.16297223754882814
660.08,685.0,0.04,1.86,0.1613243048095703
660.08,686.0,0.04,1.68,0.15992051025390625
660.08,687.0,0.04,1.5,0.15863878479003907
660.08,688.0,0.04,1.5,0.15699085205078128
660.08,689.0,0.04,1.16,0.15589223022460938
660.08,690.0,0.04,1.07,0.1544274011230469
660.08,691.0,0.04,0.95,0.15320671020507814
660.08,692.0,0.04,0.83,0.15210808837890627
660.08,693.0,0.04,0.87,0.15137567382812503
660.08,694.0,0.04,0.72,0.15027705200195315
660.08,695.0,0.04,0.57,0.14930049926757813
660.08,696.0,0.04,0.46,0.148446015625
660.08,697.0,0.04,0.44,0.14771360107421877
660.08,698.0,0.04,0.39,0.14734739379882814
660.08,699.0,0.04,0.42,0.14673704833984375
660.08,700.0,0.04,0.3,0.1463708410644531
660.08,701.0,0.04,0.35,0.14563842651367187
660.08,702.0,0.04,0.26,0.145516357421875
660.08,703.0,0.04,0.23,0.1450280810546875
660.08,704.0,0.04,0.17,0.145516357421875
660.08,705.0,0.04,0.19,0.145516357421875
660.08,706.0,0.04,0.19,0.145516357421875
660.08,707.0,0.04,0.16,0.1450280810546875
660.08,708.0,0.04,0.16,0.14600463378906248
660.08,709.0,0.04,0.11,0.14649291015625
660.08,710.0,0.04,0.09,0.1469811865234375
660.08,715.0,0.04,0.06,0.149422568359375
660.08,720.0,0.04,0.04,0.157234990234375
660.08,725.0,0.04,0.03,0.16407085937500002
660.08,730.0,0.04,0.04,0.174812939453125
660.08,735.0,0.04,0.03,0.179695703125
660.08,740.0,0.04,0.02,0.18946123046875002
660.08,745.0,0.04,0.02,0.1992267578125
660.08,750.0,0.04,0.02,0.20899228515624996
660.08,755.0,0.04,0.02,0.21875781249999998
660.08,760.0,0.04,0.02,0.22852333984375
660.08,765.0,0.04,0.02,0.23828886718749998
660.08,770.0,0.04,0.02,0.23828886718749998
660.08,775.0,0.04,0.02,0.24805439453125
660.08,780.0,0.04,0.02,0.25586681640625003
660.08,785.0,0.04,0.02,0.26563234375
660.08,790.0,0.04,0.02,0.273444765625
660.08,580.0,0.12,94.13,0.3645998599243164
660.08,630.0,0.12,39.59,0.26651734466552734
660.08,640.0,0.12,35.15,0.24974810317993162
660.08,645.0,0.12,30.43,0.2206193661499023
660.08,650.0,0.12,26.67,0.21270013381958008
660.08,655.0,0.12,22.01,0.20468934967041014
660.08,656.0,0.12,21.92,0.20322452056884766
660.08,657.0,0.12,20.4,0.2016681396484375
660.08,658.0,0.12,20.0,0.20005072418212888
660.08,659.0,0.12,19.1,0.19852486053466795
660.08,660.0,0.12,18.05,0.19704477279663085
660.08,661.0,0.12,18.64,0.19547313323974608
660.08,662.0,0.12,17.8,0.1940083041381836
660.08,663.0,0.12,17.6,0.19246718185424805
660.08,664.0,0.12,16.68,0.1909260595703125
660.08,665.0,0.12,15.66,0.18949174774169925
660.08,666.0,0.12,15.53,0.18798114273071287
660.08,667.0,0.12,16.28,0.18656208953857423
660.08,668.0,0.12,15.65,0.18506674316406246
660.08,669.0,0.12,13.79,0.18366294860839844
660.08,670.0,0.12,12.61,0.18225915405273438
660.08,671.0,0.12,13.76,0.18073329040527342
660.08,672.0,0.12,12.17,0.17932949584960936
660.08,673.0,0.12,12.66,0.1780325117492676
660.08,674.0,0.12,11.2,0.1766134585571289
660.08,675.0,0.12,10.14,0.1753012158203125
660.08,676.0,0.12,10.17,0.17397371444702148
660.08,677.0,0.12,9.81,0.17264621307373051
660.08,678.0,0.12,10.13,0.17141026351928712
660.08,679.0,0.12,9.64,0.1700522448730469
660.08,680.0,0.12,8.02,0.16880103668212892
660.08,681.0,0.12,8.52,0.16767189758300782
660.08,682.0,0.12,8.17,0.16639017211914067
660.08,683.0,0.12,6.77,0.1652152571105957
660.08,684.0,0.12,7.52,0.16404034210205082
660.08,685.0,0.12,6.1,0.16281965118408204
660.08,686.0,0.12,6.13,0.16187361572265624
660.08,687.0,0.12,5.8,0.1606529248046875
660.08,688.0,0.12,6.15,0.1596763720703125
660.08,689.0,0.12,5.0,0.15869981933593752
660.08,690.0,0.12,4.64,0.15757068023681642
660.08,691.0,0.12,4.88,0.15659412750244145
660.08,692.0,0.12,4.66,0.15573964385986327
660.08,693.0,0.12,4.51,0.1547630911254883
660.08,694.0,0.12,4.22,0.1539086074829102
660.08,695.0,0.12,3.36,0.1530846411132813
660.08,696.0,0.12,3.62,0.15226067474365235
660.08,697.0,0.12,3.38,0.15165032928466798
660.08,698.0,0.12,3.18,0.15088739746093754
660.08,699.0,0.12,2.86,0.15012446563720705
660.08,700.0,0.12,2.42,0.1496056719970703
660.08,701.0,0.12,2.44,0.1489342919921875
660.08,702.0,0.12,2.04,0.14850705017089844
660.08,704.0,0.12,2.16,0.147469462890625
660.08,705.0,0.12,2.04,0.14704222106933595
660.08,707.0,0.12,1.83,0.14624877197265623
660.08,709.0,0.12,1.52,0.1456994610595703
660.08,710.0,0.12,1.47,0.14539428833007811
660.08,715.0,0.12,0.89,0.1443567010498047
660.08,720.0,0.12,0.7,0.14466187377929687
660.08,725.0,0.12,0.54,0.14496704650878905
660.08,730.0,0.12,0.34,0.14624877197265623
660.08,735.0,0.12,0.29,0.14771360107421877
660.08,740.0,0.12,0.23,0.14991084472656252
660.08,745.0,0.12,0.18,0.15284050292968754
660.08,750.0,0.12,0.13,0.15601429931640626
660.08,755.0,0.12,0.13,0.15821154296875
660.08,770.0,0.12,0.07,0.16895362304687503
660.08,790.0,0.12,0.05,0.1870198486328125
660.08,345.0,0.25,343.0,0.715701085205078
660.08,350.0,0.25,320.74,0.7064238342285156
660.08,365.0,0.25,304.51,0.6780427703857423
660.08,385.0,0.25,291.95,0.6392858337402343
660.08,390.0,0.25,263.91,0.9136971520996093
660.08,395.0,0.25,285.26,0.6220130572509766
660.08,400.0,0.25,262.97,0.6169471899414063
660.08,405.0,0.25,270.59,0.601810622558594
660.08,420.0,0.25,249.2,0.576054044189453
660.08,435.0,0.25,230.64,0.5494429821777345
660.08,440.0,0.25,243.73,0.5385483157348634
660.08,455.0,0.25,213.23,0.5155077746582031
660.08,460.0,0.25,208.64,0.5048267291259765
660.08,465.0,0.25,208.13,0.5299729620361329
660.08,470.0,0.25,201.2,0.5221605401611327
660.08,475.0,0.25,193.41,0.5128222546386718
660.08,480.0,0.25,186.6,0.5077563873291016
660.08,485.0,0.25,179.86,0.49454240814208983
660.08,490.0,0.25,174.54,0.48895774719238294
660.08,495.0,0.25,183.85,0.47949739257812496
660.08,500.0,0.25,170.41,0.4440363214111328
660.08,505.0,0.25,166.29,0.4611870288085938
660.08,510.0,0.25,186.15,0.4510247769165039
660.08,515.0,0.25,155.4,0.4431818377685547
660.08,520.0,0.25,170.31,0.4332026895141602
660.08,525.0,0.25,164.25,0.4255428540039063
660.08,530.0,0.25,155.89,0.41583836120605466
660.08,535.0,0.25,135.43,0.4082700775146484
660.08,540.0,0.25,130.05,0.3989012747192383
660.08,545.0,0.25,127.16,0.3906005764770508
660.08,550.0,0.25,124.07,0.3823609127807617
660.08,555.0,0.25,117.48,0.3740907318115234
660.08,560.0,0.25,113.19,0.3669191726684571
660.08,565.0,0.25,107.32,0.35890838851928714
660.08,570.0,0.25,103.09,0.35111122528076166
660.08,575.0,0.25,97.38,0.3432835447692871
660.08,580.0,0.25,95.83,0.33551689880371094
660.08,585.0,0.25,90.48,0.327857063293457
660.08,590.0,0.25,85.79,0.3196936927795409
660.08,595.0,0.25,81.45,0.2998422067260742
660.08,600.0,0.25,74.36,0.29225866439819326
660.08,605.0,0.25,72.5,0.28578900253295897
660.08,610.0,0.25,65.87,0.27893787475585935
660.08,615.0,0.25,63.86,0.28301193069458
660.08,620.0,0.25,59.64,0.2759624406433105
660.08,625.0,0.25,54.49,0.2689739851379394
660.08,630.0,0.25,51.8,0.2510298286437988
660.08,635.0,0.25,47.6,0.2447280117797852
660.08,640.0,0.25,45.0,0.2348709326171875
660.08,645.0,0.25,39.11,0.2283249775695801
660.08,650.0,0.25,35.5,0.22190109161376947
660.08,655.0,0.25,32.74,0.21553824020385742
660.08,660.0,0.25,28.05,0.2093584924316406
660.08,665.0,0.25,25.0,0.20330081375122067
660.08,670.0,0.25,22.04,0.19742623870849607
660.08,675.0,0.25,19.29,0.19171950866699222
660.08,680.0,0.25,16.64,0.18627217544555663
660.08,685.0,0.25,14.37,0.1810842390441894
660.08,690.0,0.25,12.06,0.17630828582763675
660.08,695.0,0.25,10.1,0.17182224670410157
660.08,700.0,0.25,8.45,0.1677634494018555
660.08,705.0,0.25,7.0,0.1640861180114746
660.08,710.0,0.25,5.69,0.1608207698059082
660.08,715.0,0.25,4.68,0.15799792205810548
660.08,720.0,0.25,3.77,0.15552602294921875
660.08,725.0,0.25,3.03,0.1534508483886719
660.08,730.0,0.25,2.43,0.1520165365600586
660.08,735.0,0.25,1.96,0.15067377655029301
660.08,740.0,0.25,1.58,0.14997187927246097
660.08,745.0,0.25,1.33,0.149422568359375
660.08,750.0,0.25,1.0,0.14908687835693357
660.08,755.0,0.25,0.86,0.14930049926757813
660.08,760.0,0.25,0.75,0.14978877563476564
660.08,765.0,0.25,0.62,0.15046015563964849
660.08,770.0,0.25,0.47,0.1511315356445313
660.08,775.0,0.25,0.38,0.1519860192871094
660.08,780.0,0.25,0.33,0.15332877929687502
660.08,785.0,0.25,0.28,0.1538170556640625
660.08,790.0,0.25,0.25,0.15528188476562502
660.08,795.0,0.25,0.19,0.15699085205078128
660.08,800.0,0.25,0.18,0.15943223388671873
660.08,245.0,0.33,386.89,1.0988814587402347
660.08,250.0,0.33,414.43,0.8621839953613282
660.08,255.0,0.33,355.14,1.0672654058837894
660.08,260.0,0.33,388.32,1.0519456582641604
660.08,265.0,0.33,383.68,1.0368090151977545
660.08,270.0,0.33,396.21,1.0672654058837894
660.08,275.0,0.33,374.11,1.007329182128906
660.08,285.0,0.33,321.9,1.0000000000000003e-05
660.08,290.0,0.33,367.29,1.0000000000000003e-05
660.08,295.0,0.33,253.05,1.0000000000000003e-05
660.08,300.0,0.33,369.02,0.7651390673828126
660.08,305.0,0.33,368.6,1.0958297161865236
660.08,310.0,0.33,260.19,1.0000000000000003e-05
660.08,315.0,0.33,367.52,0.7346217944335938
660.08,320.0,0.33,361.74,0.7258328198242188
660.08,325.0,0.33,325.76,0.8716443499755859
660.08,330.0,0.33,340.28,0.7067900415039063
660.08,335.0,0.33,326.27,0.5712933496093751
660.08,340.0,0.33,333.5,0.6882965740966798
660.08,345.0,0.33,338.25,0.6810334631347659
660.08,350.0,0.33,322.97,0.6699862103271486
660.08,355.0,0.33,311.0,1.0341845166015626
660.08,360.0,0.33,316.23,0.6550327465820314
660.08,365.0,0.33,281.95,0.7743552838134766
660.08,370.0,0.33,319.46,0.6359289337158205
660.08,375.0,0.33,303.0,0.8763440100097657
660.08,380.0,0.33,299.68,0.616336844482422
660.08,385.0,0.33,282.19,0.7531762963867188
660.08,390.0,0.33,293.34,0.5989419989013673
660.08,395.0,0.33,276.01,0.8219927468872069
660.08,400.0,0.33,263.55,0.581180946044922
660.08,405.0,0.33,280.95,0.573673696899414
660.08,410.0,0.33,264.01,0.7815115843200684
660.08,415.0,0.33,263.8,0.7685264846801759
660.08,420.0,0.33,263.71,0.5471847039794924
660.08,425.0,0.33,254.4,0.5395859030151369
660.08,430.0,0.33,256.4,0.5303086520385744
660.08,435.0,0.33,195.67,0.6217384017944337
660.08,440.0,0.33,245.9,0.5165758792114258
660.08,445.0,0.33,237.83,0.5083056982421875
660.08,450.0,0.33,215.1,0.5000965518188477
660.08,455.0,0.33,215.53,0.5229845065307617
660.08,460.0,0.33,219.07,0.5129138064575195
660.08,465.0,0.33,224.6,0.5052844882202149
660.08,470.0,0.33,196.69,0.49551896087646485
660.08,475.0,0.33,198.35,0.48471584625244146
660.08,480.0,0.33,196.2,0.47937532348632805
660.08,485.0,0.33,196.66,0.46854169158935544
660.08,490.0,0.33,175.82,0.4586540951538086
660.08,495.0,0.33,172.0,0.45337460693359377
660.08,500.0,0.33,172.66,0.44528752960205076
660.08,505.0,0.33,187.79,0.4371394177246094
660.08,510.0,0.33,157.57,0.4296626858520508
660.08,515.0,0.33,179.13,0.4216976776123047
660.08,520.0,0.33,148.6,0.4138852557373046
660.08,525.0,0.33,158.58,0.40621016159057616
660.08,530.0,0.33,140.05,0.3985350674438477
660.08,535.0,0.33,134.87,0.39049376602172853
660.08,540.0,0.33,144.9,0.383444275970459
660.08,545.0,0.33,125.82,0.37579969909667965
660.08,550.0,0.33,125.25,0.36759055267333984
660.08,555.0,0.33,127.32,0.3603884762573242
660.08,560.0,0.33,110.57,0.3532779516601562
660.08,565.0,0.33,115.3,0.3462742375183105
660.08,570.0,0.33,106.85,0.3390569024658203
660.08,575.0,0.33,100.25,0.33244991287231446
660.08,580.0,0.33,95.52,0.3255987850952148
660.08,585.0,0.33,93.37,0.3086616986083984
660.08,590.0,0.33,88.75,0.31120989089965817
660.08,595.0,0.33,81.75,0.295905478515625
660.08,600.0,0.33,79.55,0.28958840301513666
660.08,605.0,0.33,73.82,0.2833323620605468
660.08,610.0,0.33,73.28,0.2770152865600586
660.08,615.0,0.33,66.71,0.27829701202392576
660.08,620.0,0.33,62.67,0.2742076974487304
660.08,625.0,0.33,58.87,0.2585370777893067
660.08,630.0,0.33,55.64,0.25238784729003905
660.08,635.0,0.33,48.92,0.24622335815429688
660.08,640.0,0.33,47.22,0.24030300720214842
660.08,645.0,0.33,44.04,0.23436739761352537
660.08,650.0,0.33,42.07,0.23706817626953125
660.08,655.0,0.33,38.86,0.22005479660034177
660.08,660.0,0.33,33.67,0.21445487701416016
660.08,665.0,0.33,29.41,0.20894650924682612
660.08,670.0,0.33,26.81,0.20348391738891602
660.08,675.0,0.33,23.73,0.19821205848693849
660.08,680.0,0.33,21.87,0.19315382049560548
660.08,685.0,0.33,18.4,0.18824053955078124
660.08,690.0,0.33,16.88,0.18360191406249998
660.08,695.0,0.33,14.25,0.17926846130371094
660.08,700.0,0.33,12.05,0.17516388809204103
660.08,705.0,0.33,10.68,0.1713950048828125
660.08,710.0,0.33,8.75,0.16797707031250003
660.08,715.0,0.33,7.62,0.16489482574462894
660.08,720.0,0.33,6.2,0.16208723663330077
660.08,725.0,0.33,5.21,0.1596763720703125
660.08,730.0,0.33,4.33,0.1574486111450195
660.08,735.0,0.33,3.83,0.1555870574951172
660.08,740.0,0.33,3.25,0.15403067657470704
660.08,745.0,0.33,2.55,0.15287102020263676
660.08,750.0,0.33,2.0,0.1518334329223633
660.08,755.0,0.33,1.65,0.1511315356445313
660.08,760.0,0.33,1.56,0.1506432592773438
660.08,765.0,0.33,1.18,0.15027705200195315
660.08,770.0,0.33,1.1,0.15033808654785158
660.08,775.0,0.33,0.8,0.15039912109375003
660.08,780.0,0.33,0.75,0.15070429382324224
660.08,785.0,0.33,0.57,0.15143670837402345
660.08,790.0,0.33,0.49,0.1519860192871094
660.08,795.0,0.33,0.4,0.15284050292968754
660.08,800.0,0.33,0.35,0.15369498657226563
660.08,805.0,0.33,0.33,0.15528188476562502
660.08,810.0,0.33,0.27,0.1557701611328125
660.08,815.0,0.33,0.3,0.1573570593261719
660.08,820.0,0.33,0.22,0.15857775024414064
660.08,825.0,0.33,0.19,0.15943223388671873
660.08,830.0,0.33,0.17,0.16089706298828127
660.08,835.0,0.33,0.15,0.16333844482421878
660.08,840.0,0.33,0.14,0.16407085937500002
660.08,845.0,0.33,0.14,0.1662681030273438
660.08,850.0,0.33,0.1,0.16797707031250003
660.08,475.0,0.44,216.0,0.4464166687011719
660.08,480.0,0.44,206.69,0.4385432122802735
660.08,500.0,0.44,183.66,0.41174904663085937
660.08,505.0,0.44,178.29,0.404577487487793
660.08,510.0,0.44,187.22,0.3985045501708985
660.08,515.0,0.44,175.75,0.39147031875610344
660.08,520.0,0.44,171.93,0.38544315734863277
660.08,530.0,0.44,143.65,0.37244279907226563
660.08,535.0,0.44,155.9,0.36594261993408206
660.08,540.0,0.44,146.86,0.3602053726196288
660.08,550.0,0.44,138.88,0.34703716934204093
660.08,555.0,0.44,127.16,0.3410863011169434
660.08,560.0,0.44,133.0,0.3346318978881836
660.08,565.0,0.44,122.7,0.3288030987548828
660.08,570.0,0.44,111.45,0.3232642137145995
660.08,575.0,0.44,119.51,0.3174201559448242
660.08,580.0,0.44,103.1,0.31173631385803224
660.08,585.0,0.44,98.01,0.30547264358520504
660.08,590.0,0.44,93.74,0.3004067762756348
660.08,595.0,0.44,89.78,0.29444064941406245
660.08,600.0,0.44,86.43,0.2889170230102538
660.08,605.0,0.44,81.16,0.2834544311523437
660.08,610.0,0.44,75.32,0.27794606338500977
660.08,612.0,0.44,92.34,0.2773814938354492
660.08,613.0,0.44,90.41,0.27624472541809075
660.08,615.0,0.44,82.09,0.27208674697875973
660.08,616.0,0.44,72.87,0.27104153038024903
660.08,618.0,0.44,85.76,0.27042355560302733
660.08,620.0,0.44,78.18,0.26828734649658204
660.08,621.0,0.44,82.9,0.26711243148803715
660.08,622.0,0.44,83.47,0.265983292388916
660.08,625.0,0.44,73.5,0.2632443671417237
660.08,627.0,0.44,62.05,0.260551217803955
660.08,630.0,0.44,65.15,0.2576597061920166
660.08,631.0,0.44,57.38,0.2562787995910644
660.08,634.0,0.44,71.1,0.25308211524963387
660.08,635.0,0.44,58.66,0.2524793991088867
660.08,637.0,0.44,56.72,0.24986254295349122
660.08,638.0,0.44,64.28,0.24932849067687987
660.08,639.0,0.44,52.5,0.24777973907470702
660.08,640.0,0.44,60.27,0.23856352264404296
660.08,641.0,0.44,53.61,0.24567404724121095
660.08,642.0,0.44,61.01,0.24518577087402343
660.08,643.0,0.44,66.27,0.24356835540771482
660.08,644.0,0.44,64.02,0.24275964767456054
660.08,645.0,0.44,50.25,0.24081417152404785
660.08,646.0,0.44,47.81,0.24100490447998046
660.08,647.0,0.44,54.65,0.23944089424133297
660.08,648.0,0.44,48.2,0.23791503059387203
660.08,649.0,0.44,58.04,0.2373580903625488
660.08,650.0,0.44,47.35,0.23688507263183595
660.08,651.0,0.44,57.55,0.23479463943481443
660.08,652.0,0.44,58.89,0.23387912124633786
660.08,653.0,0.44,44.35,0.23329929306030273
660.08,654.0,0.44,41.8,0.2244645425415039
660.08,655.0,0.44,40.73,0.2304764453125
660.08,656.0,0.44,39.25,0.2302857123565674
660.08,657.0,0.44,41.86,0.222389367980957
660.08,658.0,0.44,49.5,0.22142044456481932
660.08,659.0,0.44,39.0,0.220436262512207
660.08,660.0,0.44,38.75,0.2194291925048828
660.08,661.0,0.44,37.25,0.21596548202514648
660.08,662.0,0.44,38.72,0.2174684577178955
660.08,663.0,0.44,37.61,0.2165147929382324
660.08,664.0,0.44,36.71,0.21547720565795897
660.08,665.0,0.44,36.46,0.21453117019653317
660.08,666.0,0.44,36.57,0.2135546174621582
660.08,667.0,0.44,38.61,0.21262384063720702
660.08,668.0,0.44,32.27,0.2116625465393066
660.08,669.0,0.44,33.63,0.21073176971435548
660.08,670.0,0.44,33.77,0.20757323196411132
660.08,671.0,0.44,33.57,0.2061465494537353
660.08,672.0,0.44,31.85,0.20525391921997066
660.08,673.0,0.44,31.29,0.20428499580383297
660.08,674.0,0.44,30.46,0.20340762420654296
660.08,675.0,0.44,30.32,0.20243870079040524
660.08,676.0,0.44,30.06,0.2015613291931152
660.08,677.0,0.44,29.44,0.20066106964111324
660.08,678.0,0.44,28.89,0.1997302928161621
660.08,679.0,0.44,28.49,0.19888343849182125
660.08,680.0,0.44,27.78,0.19796029098510742
660.08,681.0,0.44,27.39,0.19706003143310546
660.08,682.0,0.44,26.84,0.19619028915405273
660.08,683.0,0.44,26.29,0.19535106414794923
660.08,684.0,0.44,25.6,0.1944813218688965
660.08,685.0,0.44,24.15,0.19358869163513184
660.08,686.0,0.44,24.56,0.19272657867431642
660.08,687.0,0.44,24.03,0.1918873536682129
660.08,688.0,0.44,23.5,0.19107864593505858
660.08,689.0,0.44,21.99,0.19023942092895513
660.08,690.0,0.44,22.54,0.1894230838775635
660.08,691.0,0.44,21.96,0.18857622955322267
660.08,692.0,0.44,21.64,0.18776752182006834
660.08,693.0,0.44,21.12,0.1869893313598633
660.08,694.0,0.44,20.56,0.1862263995361328
660.08,695.0,0.44,19.07,0.18544820907592768
660.08,696.0,0.44,19.75,0.1846242427062988
660.08,697.0,0.44,19.42,0.18383079360961913
660.08,698.0,0.44,18.94,0.18306786178588863
660.08,699.0,0.44,16.85,0.18233544723510742
660.08,700.0,0.44,17.49,0.18157251541137692
660.08,701.0,0.44,17.67,0.1808401008605957
660.08,702.0,0.44,15.63,0.18012294494628905
660.08,703.0,0.44,16.75,0.17939053039550779
660.08,704.0,0.44,16.33,0.17867337448120119
660.08,705.0,0.44,15.44,0.17798673583984376
660.08,706.0,0.44,14.12,0.1772695799255371
660.08,707.0,0.44,15.08,0.1765829412841797
660.08,708.0,0.44,18.06,0.17592681991577147
660.08,709.0,0.44,17.64,0.17524018127441404
660.08,710.0,0.44,13.81,0.1745764305877686
660.08,711.0,0.44,12.51,0.17388216262817385
660.08,715.0,0.44,11.84,0.17134922897338867
660.08,720.0,0.44,10.59,0.16838905349731448
660.08,725.0,0.44,8.9,0.16570353347778322
660.08,730.0,0.44,6.93,0.16315534118652347
660.08,735.0,0.44,6.59,0.1609275802612305
660.08,740.0,0.44,5.39,0.1588524057006836
660.08,745.0,0.44,6.78,0.1570824038696289
660.08,750.0,0.44,4.23,0.15555654022216797
660.08,755.0,0.44,3.41,0.15415274566650394
660.08,760.0,0.44,3.12,0.15303886520385745
660.08,765.0,0.44,2.48,0.15219964019775395
660.08,770.0,0.44,2.01,0.15128412200927738
660.08,775.0,0.44,1.9,0.1508263629150391
660.08,780.0,0.44,1.51,0.15033808654785158
660.08,785.0,0.44,1.72,0.1500329138183594
660.08,790.0,0.44,1.13,0.14997187927246097
660.08,795.0,0.44,0.95,0.15009394836425782
660.08,800.0,0.44,0.78,0.14991084472656252
660.08,805.0,0.44,0.72,0.15046015563964849
660.08,810.0,0.44,0.62,0.15088739746093754
660.08,815.0,0.44,0.58,0.15125360473632815
660.08,820.0,0.44,0.47,0.15161981201171876
660.08,825.0,0.44,0.39,0.15259636474609378
660.08,830.0,0.44,0.34,0.15320671020507814
660.08,245.0,0.57,434.95,1.0399217926025395
660.08,250.0,0.57,423.03,1.0241748010253908
660.08,255.0,0.57,433.07,0.7189969506835938
660.08,260.0,0.57,368.98,0.8433243206787109
660.08,265.0,0.57,349.37,0.8321855160522459
660.08,270.0,0.57,398.95,0.6967193414306643
660.08,275.0,0.57,414.0,0.6885407122802736
660.08,280.0,0.57,314.93,1.0000000000000003e-05
660.08,285.0,0.57,379.6,0.8145160150146484
660.08,290.0,0.57,356.09,0.7791159783935546
660.08,295.0,0.57,325.1,0.7688621746826172
660.08,300.0,0.57,381.46,0.6522861920166017
660.08,305.0,0.57,360.68,0.7710899356079101
660.08,310.0,0.57,368.7,0.856721403503418
660.08,315.0,0.57,365.18,0.8438431143188475
660.08,320.0,0.57,350.08,0.6215247808837892
660.08,325.0,0.57,325.6,0.8085041122436524
660.08,330.0,0.57,357.81,0.6074868353271485
660.08,335.0,0.57,309.16,0.6912567495727541
660.08,340.0,0.57,344.41,0.5925944061279298
660.08,345.0,0.57,297.47,0.6728548339843752
660.08,350.0,0.57,318.5,0.5792583578491212
660.08,355.0,0.57,323.62,0.5740399041748048
660.08,360.0,0.57,312.84,0.7388331781005859
660.08,365.0,0.57,284.64,0.6370275555419922
660.08,370.0,0.57,301.0,0.5503279830932618
660.08,375.0,0.57,297.95,0.5424850439453126
660.08,380.0,0.57,293.08,0.5365036584472658
660.08,385.0,0.57,308.3,0.5287522711181643
660.08,390.0,0.57,280.03,1.0000000000000003e-05
660.08,395.0,0.57,273.4,0.5157519128417969
660.08,400.0,0.57,270.5,0.5091296646118165
660.08,405.0,0.57,274.84,0.5021717263793947
660.08,410.0,0.57,282.67,0.5208025215148926
660.08,415.0,0.57,265.31,0.5085498364257812
660.08,420.0,0.57,265.83,0.5055286264038085
660.08,425.0,0.57,257.49,0.4951069776916504
660.08,430.0,0.57,263.31,0.4883474017333985
660.08,435.0,0.57,248.07,0.4815420498657227
660.08,440.0,0.57,213.92,0.5903513865661623
660.08,445.0,0.57,232.67,0.5580488531494141
660.08,450.0,0.57,240.57,0.46402513519287114
660.08,455.0,0.57,226.07,0.45737236968994144
660.08,460.0,0.57,235.76,0.45108581146240234
660.08,465.0,0.57,214.19,0.4441278732299804
660.08,470.0,0.57,209.61,0.4383448500061035
660.08,475.0,0.57,221.29,0.4318904467773438
660.08,480.0,0.57,195.87,0.4255886299133301
660.08,485.0,0.57,203.25,0.41864595031738283
660.08,490.0,0.57,186.45,0.4130460307312011
660.08,495.0,0.57,186.21,0.40691205886840826
660.08,500.0,0.57,178.71,0.40086963882446286
660.08,505.0,0.57,169.0,0.3948424774169922
660.08,510.0,0.57,180.0,0.3882202291870117
660.08,515.0,0.57,163.2,0.3828491891479492
660.08,520.0,0.57,160.28,0.3765626309204102
660.08,525.0,0.57,154.91,0.37135943588256837
660.08,530.0,0.57,147.87,0.36511865356445317
660.08,535.0,0.57,143.48,0.359457699432373
660.08,540.0,0.57,141.0,0.35390355575561516
660.08,545.0,0.57,138.4,0.3482960068511963
660.08,550.0,0.57,134.31,0.3424900956726074
660.08,555.0,0.57,124.92,0.33704276245117193
660.08,560.0,0.57,125.4,0.33179379150390625
660.08,565.0,0.57,130.1,0.32651430328369135
660.08,570.0,0.57,115.45,0.31641308593749995
660.08,575.0,0.57,112.89,0.3116752793121338
660.08,580.0,0.57,107.38,0.3062432047271729
660.08,585.0,0.57,103.29,0.30155117401123044
660.08,590.0,0.57,100.5,0.2961801339721679
660.08,595.0,0.57,103.25,0.2911371546173095
660.08,600.0,0.57,87.72,0.28617809776306147
660.08,605.0,0.57,96.76,0.2812266702270507
660.08,610.0,0.57,81.65,0.27626761337280265
660.08,615.0,0.57,79.05,0.27128566856384273
660.08,620.0,0.57,74.0,0.2663266117095948
660.08,625.0,0.57,72.49,0.261375184173584
660.08,630.0,0.57,65.81,0.25640849800109866
660.08,635.0,0.57,62.22,0.25177750183105463
660.08,640.0,0.57,59.96,0.24663534133911136
660.08,645.0,0.57,54.19,0.2425612854003906
660.08,650.0,0.57,52.8,0.23706817626953125
660.08,655.0,0.57,50.85,0.23239140419006346
660.08,660.0,0.57,45.0,0.2280350634765625
660.08,665.0,0.57,42.34,0.21970384796142578
660.08,670.0,0.57,39.6,0.21528647270202636
660.08,675.0,0.57,35.87,0.21067073516845702
660.08,680.0,0.57,32.97,0.20638305831909176
660.08,685.0,0.57,30.0,0.20224796783447263
660.08,690.0,0.57,27.9,0.19820442916870118
660.08,695.0,0.57,27.0,0.19426770095825197
660.08,700.0,0.57,22.59,0.1905522229766846
660.08,705.0,0.57,21.52,0.18692829681396483
660.08,710.0,0.57,18.77,0.1834951036071777
660.08,715.0,0.57,16.88,0.18019923812866212
660.08,720.0,0.57,15.55,0.17704070037841796
660.08,725.0,0.57,14.17,0.17415681808471684
660.08,730.0,0.57,11.92,0.1713950048828125
660.08,735.0,0.57,10.11,0.16890784713745122
660.08,740.0,0.57,10.0,0.16651224121093755
660.08,745.0,0.57,8.0,0.16434551483154297
660.08,750.0,0.57,6.85,0.16239240936279298
660.08,755.0,0.57,6.1,0.16053085571289064
660.08,760.0,0.57,5.56,0.15891344024658205
660.08,765.0,0.57,4.48,0.1575554216003418
660.08,770.0,0.57,4.05,0.1562279202270508
660.08,775.0,0.57,3.62,0.1552208502197266
660.08,780.0,0.57,3.29,0.15415274566650394
660.08,785.0,0.57,2.83,0.15335929656982422
660.08,790.0,0.57,2.28,0.15268791656494146
660.08,795.0,0.57,2.19,0.15204705383300782
660.08,800.0,0.57,1.68,0.1514977429199219
660.08,805.0,0.57,1.54,0.15116205291748053
660.08,810.0,0.57,1.33,0.15091791473388677
660.08,815.0,0.57,1.15,0.15061274200439456
660.08,820.0,0.57,1.0,0.15030756927490235
660.08,825.0,0.57,0.8,0.15033808654785158
660.08,830.0,0.57,0.76,0.15027705200195315
660.08,835.0,0.57,0.69,0.15039912109375003
660.08,840.0,0.57,0.6,0.1505211901855469
660.08,845.0,0.57,0.51,0.15070429382324224
660.08,850.0,0.57,0.42,0.15088739746093754
660.08,855.0,0.57,0.44,0.15125360473632815
660.08,860.0,0.57,0.36,0.1519860192871094
660.08,865.0,0.57,0.4,0.15235222656250003
660.08,870.0,0.57,0.26,0.1530846411132813
660.08,300.0,0.83,386.25,0.5921671643066408
660.08,305.0,0.83,313.6,0.6525608474731447
660.08,310.0,0.83,361.95,0.5794719787597657
660.08,315.0,0.83,362.91,0.5740093869018555
660.08,320.0,0.83,328.58,0.6297034100341796
660.08,325.0,0.83,333.69,1.0000000000000003e-05
660.08,330.0,0.83,351.86,0.5541731594848633
660.08,335.0,0.83,344.25,1.0000000000000003e-05
660.08,340.0,0.83,328.0,0.5415390084838869
660.08,345.0,0.83,276.53,0.5918009570312501
660.08,350.0,0.83,324.0,0.5301865829467775
660.08,360.0,0.83,329.55,0.5179644151306153
660.08,365.0,0.83,292.84,0.5629926513671876
660.08,370.0,0.83,299.26,0.572391971435547
660.08,375.0,0.83,296.56,0.5590864404296876
660.08,385.0,0.83,311.5,0.5091601818847658
660.08,390.0,0.83,252.74,0.5283097706604005
660.08,395.0,0.83,276.4,0.4965412895202637
660.08,400.0,0.83,276.21,0.49042257629394537
660.08,405.0,0.83,273.96,0.4842886044311524
660.08,410.0,0.83,287.21,0.478246184387207
660.08,415.0,0.83,262.5,0.4721732470703125
660.08,420.0,0.83,276.09,0.46626815475463873
660.08,425.0,0.83,276.0,0.46034780380249024
660.08,430.0,0.83,257.83,0.4545037460327148
660.08,435.0,0.83,204.15,0.48599757171630864
660.08,440.0,0.83,249.75,0.4430597686767578
660.08,445.0,0.83,220.63,0.49925732681274415
660.08,450.0,0.83,226.47,0.4318141535949707
660.08,455.0,0.83,230.22,0.5113116496276855
660.08,460.0,0.83,214.33,0.42081267669677735
660.08,465.0,0.83,218.03,1.0000000000000003e-05
660.08,470.0,0.83,230.9,0.4101774070739746
660.08,475.0,0.83,232.72,0.404928436126709
660.08,480.0,0.83,226.91,0.399694723815918
660.08,485.0,0.83,198.96,0.39453730468750003
660.08,490.0,0.83,192.36,0.38939514419555665
660.08,495.0,0.83,188.75,0.3843140182495117
660.08,500.0,0.83,196.26,0.37937022003173826
660.08,505.0,0.83,189.34,0.3744264218139648
660.08,510.0,0.83,171.4,0.36952077018737794
660.08,515.0,0.83,167.8,0.3646608944702149
660.08,520.0,0.83,166.55,0.3599154585266113
660.08,525.0,0.83,180.48,0.35512424667358394
660.08,530.0,0.83,158.48,0.35048562118530263
660.08,535.0,0.83,174.46,0.3458164784240722
660.08,540.0,0.83,149.15,0.34120837020874023
660.08,545.0,0.83,164.12,0.33666892585754393
660.08,550.0,0.83,146.35,0.33218288673400886
660.08,555.0,0.83,140.5,0.32775025283813475
660.08,560.0,0.83,151.0,0.3233023603057861
660.08,565.0,0.83,131.56,0.31522291229248034
660.08,570.0,0.83,127.25,0.3145515322875976
660.08,575.0,0.83,123.16,0.3102943727111816
660.08,580.0,0.83,117.58,0.3059914372253418
660.08,585.0,0.83,129.76,0.3017495362854004
660.08,590.0,0.83,108.7,0.29755341125488277
660.08,595.0,0.83,105.66,0.2933420275878905
660.08,600.0,0.83,99.0,0.2891687905120849
660.08,605.0,0.83,102.4,0.2849726654815673
660.08,610.0,0.83,89.81,0.2807460231781005
660.08,615.0,0.83,95.49,0.27652701019287107
660.08,620.0,0.83,90.29,0.2723537731170653
660.08,625.0,0.83,80.98,0.2681729067230224
660.08,630.0,0.83,77.1,0.2639691523742676
660.08,635.0,0.83,74.36,0.2577970339202881
660.08,640.0,0.83,74.9,0.25308974456787114
660.08,645.0,0.83,65.26,0.25152573432922365
660.08,650.0,0.83,65.08,0.24505607246398928
660.08,655.0,0.83,59.15,0.24098201652526854
660.08,660.0,0.83,57.63,0.2369995124053955
660.08,665.0,0.83,54.36,0.2324219214630127
660.08,670.0,0.83,50.6,0.22409070594787592
660.08,675.0,0.83,47.26,0.22295393753051757
660.08,680.0,0.83,44.23,0.21649190498352047
660.08,685.0,0.83,41.64,0.21246362495422363
660.08,690.0,0.83,38.3,0.20876340560913081
660.08,695.0,0.83,35.54,0.20514710876464842
660.08,700.0,0.83,33.4,0.20163762237548827
660.08,705.0,0.83,31.09,0.19818917053222657
660.08,710.0,0.83,28.35,0.19487041709899902
660.08,715.0,0.83,27.15,0.19159743957519532
660.08,720.0,0.83,23.15,0.18853045364379883
660.08,725.0,0.83,22.72,0.18554739021301267
660.08,730.0,0.83,20.85,0.18273217178344725
660.08,735.0,0.83,18.12,0.18006191040039063
660.08,740.0,0.83,17.1,0.17751371810913086
660.08,745.0,0.83,18.2,0.17518677604675292
660.08,750.0,0.83,13.44,0.17292086853027344
660.08,755.0,0.83,12.39,0.1708456939697266
660.08,760.0,0.83,10.5,0.168877329864502
660.08,765.0,0.83,9.89,0.1670920693969727
660.08,770.0,0.83,11.13,0.16541361938476565
660.08,775.0,0.83,8.42,0.16387249710083013
660.08,780.0,0.83,7.4,0.1624229266357422
660.08,785.0,0.83,5.95,0.1611106838989258
660.08,790.0,0.83,6.36,0.15988999298095702
660.08,795.0,0.83,6.45,0.15873033660888675
660.08,800.0,0.83,4.75,0.1577385252380371
660.08,805.0,0.83,5.03,0.15680774841308598
660.08,810.0,0.83,4.64,0.1559532647705078
660.08,815.0,0.83,3.5,0.15525136749267582
660.08,820.0,0.83,2.93,0.15459524612426762
660.08,825.0,0.83,3.5,0.15393912475585939
660.08,830.0,0.83,2.42,0.1534508483886719
660.08,835.0,0.83,2.02,0.15302360656738284
660.08,840.0,0.83,1.84,0.15253533020019533
660.08,845.0,0.83,3.01,0.15241326110839848
660.08,850.0,0.83,1.53,0.1521386056518555
660.08,855.0,0.83,1.8,0.1519555020141602
660.08,860.0,0.83,1.16,0.1516808465576172
660.08,865.0,0.83,1.25,0.15180291564941406
660.08,870.0,0.83,1.03,0.15161981201171876
660.08,875.0,0.83,0.93,0.15174188110351564
660.08,880.0,0.83,0.75,0.15155877746582033
660.08,885.0,0.83,0.71,0.15174188110351564
660.08,890.0,0.83,0.59,0.15174188110351564
660.08,895.0,0.83,0.54,0.15180291564941406
660.08,900.0,0.83,0.49,0.15210808837890627
660.08,150.0,1.07,537.08,0.659183095703125
660.08,200.0,1.07,471.68,0.6470372210693358
660.08,210.0,1.07,457.78,0.6383092810058593
660.08,220.0,1.07,463.34,0.6287268572998048
660.08,230.0,1.07,427.69,0.5681805877685546
660.08,240.0,1.07,345.0,1.0000000000000003e-05
660.08,245.0,1.07,422.0,0.7084379742431641
660.08,250.0,1.07,429.0,0.601810622558594
660.08,255.0,1.07,344.5,1.0000000000000003e-05
660.08,260.0,1.07,411.21,0.5905802661132813
660.08,265.0,1.07,360.55,0.6511265356445313
660.08,270.0,1.07,414.31,0.5790142196655274
660.08,275.0,1.07,396.0,1.0000000000000003e-05
660.08,280.0,1.07,377.43,1.0000000000000003e-05
660.08,285.0,1.07,353.65,0.6217078845214845
660.08,290.0,1.07,378.29,0.558170922241211
660.08,295.0,1.07,385.01,0.5518843640136719
660.08,300.0,1.07,376.12,0.5472152212524416
660.08,305.0,1.07,365.0,0.6133766690063477
660.08,310.0,1.07,331.12,0.5878337115478516
660.08,315.0,1.07,367.54,0.5309189974975587
660.08,320.0,1.07,362.81,0.5244035597229004
660.08,325.0,1.07,346.06,0.5845836219787597
660.08,330.0,1.07,343.58,0.5146838082885742
660.08,335.0,1.07,343.0,0.5093127682495118
660.08,340.0,1.07,315.5,0.5488936712646486
660.08,345.0,1.07,339.14,0.5199938137817383
660.08,350.0,1.07,346.01,0.514256566467285
660.08,355.0,1.07,329.83,0.5083056982421875
660.08,360.0,1.07,311.85,0.46188892608642584
660.08,365.0,1.07,329.6,0.497197410888672
660.08,370.0,1.07,323.97,0.4915364567565918
660.08,375.0,1.07,320.61,0.4859670544433594
660.08,380.0,1.07,319.18,0.48055023849487305
660.08,385.0,1.07,231.72,1.0000000000000003e-05
660.08,390.0,1.07,309.0,0.46976238250732427
660.08,395.0,1.07,281.46,0.5071918177795411
660.08,400.0,1.07,288.5,0.45917288879394536
660.08,405.0,1.07,275.15,0.5627103665924074
660.08,410.0,1.07,269.0,0.4488122746276855
660.08,415.0,1.07,286.21,0.4436853727722168
660.08,420.0,1.07,259.03,0.4386652813720704
660.08,425.0,1.07,274.5,0.43362993133544925
660.08,430.0,1.07,231.24,0.45763176651000986
660.08,435.0,1.07,269.27,0.42380336944580077
660.08,440.0,1.07,247.5,0.418951123046875
660.08,445.0,1.07,216.81,0.44113718048095707
660.08,450.0,1.07,233.85,0.40938395797729493
660.08,455.0,1.07,235.44,1.0000000000000003e-05
660.08,460.0,1.07,232.42,0.4001067070007324
660.08,465.0,1.07,225.97,0.39549859878540045
660.08,470.0,1.07,217.0,0.3910201889801025
660.08,475.0,1.07,210.96,0.3864807446289062
660.08,480.0,1.07,203.4,0.38207862800598136
660.08,485.0,1.07,203.46,0.3776688820648193
660.08,490.0,1.07,197.08,0.37331254135131836
660.08,495.0,1.07,188.76,0.36900960586547854
660.08,500.0,1.07,188.64,0.3647982221984864
660.08,505.0,1.07,192.24,0.3605258039855957
660.08,510.0,1.07,180.0,0.3563907135009765
660.08,515.0,1.07,177.13,0.35223273506164554
660.08,520.0,1.07,171.6,0.34810527389526363
660.08,525.0,1.07,166.0,0.34409988182067863
660.08,530.0,1.07,163.41,0.3400563431549073
660.08,535.0,1.07,160.51,0.3360356924438477
660.08,540.0,1.07,154.75,0.3321142228698731
660.08,545.0,1.07,153.18,0.32819275329589837
660.08,550.0,1.07,146.1,0.3243246889495849
660.08,555.0,1.07,149.8,0.31948007186889643
660.08,560.0,1.07,138.05,0.3148338170623779
660.08,565.0,1.07,138.15,0.3119041588592528
660.08,570.0,1.07,131.5,0.3072121281433105
660.08,575.0,1.07,128.43,0.30486229812622073
660.08,580.0,1.07,124.59,0.30095608718872074
660.08,585.0,1.07,129.41,0.29710328147888176
660.08,590.0,1.07,116.69,0.2938074160003661
660.08,595.0,1.07,109.21,0.2897562480163574
660.08,600.0,1.07,108.5,0.28432417343139643
660.08,605.0,1.07,103.59,0.2824702490997314
660.08,610.0,1.07,101.95,0.27877002975463866
660.08,615.0,1.07,94.8,0.27583274223327625
660.08,620.0,1.07,93.8,0.2714611428833008
660.08,625.0,1.07,89.24,0.2679974324035644
660.08,630.0,1.07,86.16,0.26495333442687985
660.08,635.0,1.07,81.0,0.2606427696228027
660.08,640.0,1.07,78.6,0.2570569900512696
660.08,645.0,1.07,75.72,0.25378401252746585
660.08,650.0,1.07,71.21,0.2472609454345703
660.08,655.0,1.07,70.48,0.2465743067932129
660.08,660.0,1.07,65.49,0.2402724899291992
660.08,665.0,1.07,62.63,0.2366943396759033
660.08,670.0,1.07,58.6,0.23313144805908204
660.08,675.0,1.07,58.05,0.22695932960510248
660.08,680.0,1.07,52.5,0.22360242958068846
660.08,685.0,1.07,51.34,0.22035234001159665
660.08,690.0,1.07,47.97,0.21642324111938477
660.08,695.0,1.07,44.36,0.2132036688232422
660.08,700.0,1.07,41.41,0.21002224311828613
660.08,705.0,1.07,38.92,0.2069247399139404
660.08,710.0,1.07,36.25,0.20388827125549316
660.08,715.0,1.07,35.55,0.20087469055175777
660.08,720.0,1.07,31.5,0.19799080825805665
660.08,725.0,1.07,31.08,0.19512218460083008
660.08,730.0,1.07,28.9,0.1924214059448242
660.08,735.0,1.07,26.84,0.18976640319824223
660.08,740.0,1.07,24.17,0.18724872817993166
660.08,745.0,1.07,23.1,0.1848149756622314
660.08,750.0,1.07,19.99,0.18251855087280272
660.08,755.0,1.07,18.7,0.1802831606292725
660.08,760.0,1.07,17.78,0.17824613265991213
660.08,765.0,1.07,16.67,0.1762472512817383
660.08,770.0,1.07,14.83,0.17443147354125982
660.08,775.0,1.07,13.41,0.17266147171020513
660.08,780.0,1.07,12.27,0.17107457351684574
660.08,785.0,1.07,11.27,0.16951819259643558
660.08,790.0,1.07,10.2,0.1680609928131104
660.08,795.0,1.07,14.35,0.1667411207580567
660.08,800.0,1.07,8.31,0.1655051712036133
660.08,805.0,1.07,7.55,0.16432262687683105
660.08,810.0,1.07,7.45,0.16327741027832032
660.08,815.0,1.07,6.33,0.16227796958923338
660.08,820.0,1.07,6.17,0.16140059799194334
660.08,825.0,1.07,5.25,0.16060714889526367
660.08,830.0,1.07,5.04,0.15984421707153318
660.08,835.0,1.07,4.33,0.15912706115722658
660.08,840.0,1.07,4.02,0.15859300888061523
660.08,845.0,1.07,4.04,0.15796740478515625
660.08,850.0,1.07,3.5,0.15747912841796874
660.08,855.0,1.07,2.9,0.1570518865966797
660.08,860.0,1.07,2.98,0.1567314552307129
660.08,865.0,1.07,2.45,0.1564110238647461
660.08,870.0,1.07,2.24,0.15609059249877932
660.08,875.0,1.07,2.6,0.15583119567871095
660.08,880.0,1.07,1.93,0.15561757476806642
660.08,885.0,1.07,1.84,0.15549550567626952
660.08,890.0,1.07,1.68,0.15534291931152344
660.08,895.0,1.07,1.42,0.15534291931152344
660.08,900.0,1.07,1.39,0.1551292984008789
660.08,905.0,1.07,1.19,0.1550987811279297
660.08,910.0,1.07,1.21,0.1551292984008789
660.08,915.0,1.07,1.09,0.1552208502197266
660.08,920.0,1.07,0.88,0.1550987811279297
660.08,925.0,1.07,0.84,0.1550377465820313
660.08,930.0,1.07,0.75,0.1550987811279297
660.08,935.0,1.07,0.72,0.15497671203613284
660.08,200.0,1.15,469.03,0.6259192681884767
660.08,205.0,1.15,436.75,0.71914953704834
660.08,210.0,1.15,473.8,0.6175575354003908
660.08,215.0,1.15,408.8,0.702853313293457
660.08,220.0,1.15,433.71,0.7664207928466797
660.08,240.0,1.15,440.19,0.7838461557006836
660.08,250.0,1.15,431.17,0.7628807891845704
660.08,255.0,1.15,276.0,1.0000000000000003e-05
660.08,260.0,1.15,395.84,1.0000000000000003e-05
660.08,265.0,1.15,275.85,1.0000000000000003e-05
660.08,270.0,1.15,376.33,0.622470816345215
660.08,275.0,1.15,407.12,0.7138090142822267
660.08,280.0,1.15,373.63,0.7077055596923829
660.08,285.0,1.15,372.0,0.6774171662902833
660.08,290.0,1.15,404.5,0.5413559048461917
660.08,295.0,1.15,398.0,0.5343369320678711
660.08,300.0,1.15,381.82,0.5304307211303713
660.08,305.0,1.15,375.15,0.6604190452575684
660.08,310.0,1.15,327.0,0.5696911927795412
660.08,315.0,1.15,366.36,0.5151415673828125
660.08,320.0,1.15,335.0,0.5569807485961916
660.08,325.0,1.15,375.45,0.5038196591186525
660.08,330.0,1.15,363.31,0.5216722637939453
660.08,335.0,1.15,357.26,0.5161944132995604
660.08,340.0,1.15,356.5,0.5104876832580567
660.08,345.0,1.15,328.54,0.5408828871154787
660.08,350.0,1.15,345.63,0.4993946545410156
660.08,355.0,1.15,256.2,1.0000000000000003e-05
660.08,360.0,1.15,332.34,0.4884542121887208
660.08,365.0,1.15,320.04,0.48293058578491216
660.08,370.0,1.15,312.12,0.4776663562011719
660.08,375.0,1.15,280.11,0.507542766418457
660.08,380.0,1.15,318.91,0.4671989315795898
660.08,385.0,1.15,276.75,0.4955952540588379
660.08,390.0,1.15,222.12,1.0000000000000003e-05
660.08,395.0,1.15,279.77,0.4183712948608398
660.08,400.0,1.15,278.0,0.4468744277954102
660.08,405.0,1.15,276.78,0.512196650543213
660.08,410.0,1.15,281.04,0.5057346179962158
660.08,415.0,1.15,261.38,0.4032805033874512
660.08,420.0,1.15,282.91,0.42731285583496104
660.08,425.0,1.15,271.83,0.422506385345459
660.08,430.0,1.15,258.69,1.0000000000000003e-05
660.08,435.0,1.15,247.94,0.4487512400817871
660.08,440.0,1.15,254.62,0.4085294743347168
660.08,445.0,1.15,237.75,0.4039824006652832
660.08,450.0,1.15,242.24,0.3994658442687989
660.08,455.0,1.15,232.11,0.39502558105468755
660.08,460.0,1.15,244.5,0.3906005764770508
660.08,465.0,1.15,222.0,0.3863128996276855
660.08,470.0,1.15,236.03,0.3820252227783203
660.08,475.0,1.15,211.13,0.377737545928955
660.08,480.0,1.15,208.46,0.3735109036254882
660.08,485.0,1.15,222.9,0.3693452958679199
660.08,490.0,1.15,198.3,0.3652178347015381
660.08,495.0,1.15,213.64,0.3610293389892578
660.08,500.0,1.15,192.3,0.3570926107788086
660.08,505.0,1.15,195.0,0.35309484802246094
660.08,510.0,1.15,182.92,0.34917337844848634
660.08,515.0,1.15,176.99,0.3452213916015625
660.08,520.0,1.15,184.7,0.34134569793701175
660.08,525.0,1.15,178.04,0.3374852629089356
660.08,530.0,1.15,165.0,0.3336934917449951
660.08,535.0,1.15,158.94,0.3299093498992919
660.08,540.0,1.15,158.54,0.32613283737182613
660.08,545.0,1.15,149.5,0.3224402473449706
660.08,550.0,1.15,148.5,0.31875528663635244
660.08,555.0,1.15,159.94,0.31510084320068354
660.08,560.0,1.15,141.25,0.3110496752166747
660.08,565.0,1.15,136.37,0.307425749053955
660.08,570.0,1.15,131.88,0.3042900992584229
660.08,575.0,1.15,126.6,0.29986509468078615
660.08,580.0,1.15,133.0,0.29717194534301755
660.08,585.0,1.15,121.76,0.2934869846343994
660.08,590.0,1.15,118.12,0.29013008460998535
660.08,595.0,1.15,111.78,0.2866587448120117
660.08,600.0,1.15,109.77,0.28314162910461427
660.08,605.0,1.15,105.5,0.2795024443054199
660.08,610.0,1.15,102.47,0.2761913201904296
660.08,615.0,1.15,99.02,0.27271998039245604
660.08,620.0,1.15,95.96,0.2692562699127198
660.08,625.0,1.15,90.29,0.2633816948699951
660.08,630.0,1.15,87.5,0.2622907023620606
660.08,635.0,1.15,86.32,0.2590253541564942
660.08,640.0,1.15,80.94,0.25547009185791025
660.08,645.0,1.15,79.02,0.2521131918334961
660.08,650.0,1.15,75.85,0.2459105561065674
660.08,655.0,1.15,71.33,0.24552909019470212
660.08,660.0,1.15,67.6,0.24221033676147458
660.08,665.0,1.15,65.62,0.2356033471679687
660.08,670.0,1.15,62.73,0.232254076461792
660.08,675.0,1.15,58.0,0.23220067123413085
660.08,680.0,1.15,56.51,0.2231675584411621
660.08,685.0,1.15,52.66,0.22016923637390132
660.08,690.0,1.15,50.42,0.2171022504425049
660.08,695.0,1.15,47.73,0.21334099655151367
660.08,700.0,1.15,43.99,0.21030452789306642
660.08,705.0,1.15,42.7,0.20732146446228025
660.08,710.0,1.15,39.26,0.20440706489562985
660.08,715.0,1.15,37.79,0.20153081192016603
660.08,720.0,1.15,33.6,0.19872322280883786
660.08,725.0,1.15,32.68,0.19601481483459474
660.08,730.0,1.15,29.5,0.19336744140625
660.08,735.0,1.15,28.74,0.19078110252380373
660.08,740.0,1.15,27.02,0.1883244620513916
660.08,745.0,1.15,26.04,0.18592885612487792
660.08,750.0,1.15,23.03,0.18364006065368652
660.08,755.0,1.15,21.56,0.18145807563781738
660.08,760.0,1.15,19.56,0.17939053039550779
660.08,765.0,1.15,16.85,0.1774450542449951
660.08,770.0,1.15,16.38,0.1755911299133301
660.08,775.0,1.15,14.96,0.17384401603698732
660.08,780.0,1.15,13.77,0.17221134193420415
660.08,785.0,1.15,12.98,0.1706625903320313
660.08,790.0,1.15,11.62,0.16921301986694337
660.08,795.0,1.15,12.96,0.16783211326599126
660.08,800.0,1.15,9.44,0.16658853439331062
660.08,805.0,1.15,11.52,0.16539073143005376
660.08,810.0,1.15,8.0,0.16431499755859375
660.08,815.0,1.15,7.4,0.16326978096008302
660.08,820.0,1.15,6.67,0.16233137481689452
660.08,825.0,1.15,5.94,0.1615226670837402
660.08,830.0,1.15,5.9,0.16072921798706058
660.08,835.0,1.15,4.87,0.1599815447998047
660.08,840.0,1.15,4.73,0.1593711993408203
660.08,845.0,1.15,5.29,0.15874559524536136
660.08,850.0,1.15,4.2,0.15824206024169923
660.08,855.0,1.15,3.54,0.15778430114746095
660.08,860.0,1.15,3.57,0.1573723179626465
660.08,865.0,1.15,3.02,0.1570671452331543
660.08,870.0,1.15,2.88,0.15676197250366214
660.08,875.0,1.15,2.66,0.15647205841064454
660.08,880.0,1.15,2.35,0.1562279202270508
660.08,885.0,1.15,2.06,0.15604481658935548
660.08,890.0,1.15,2.75,0.15592274749755858
660.08,895.0,1.15,1.84,0.15580067840576173
660.08,900.0,1.15,1.63,0.15561757476806642
660.08,905.0,1.15,1.55,0.1555870574951172
660.08,910.0,1.15,1.47,0.15555654022216797
660.08,915.0,1.15,1.36,0.15555654022216797
660.08,920.0,1.15,1.28,0.1555870574951172
660.08,925.0,1.15,1.09,0.15567860931396482
660.08,930.0,1.15,0.98,0.15561757476806642
660.08,935.0,1.15,0.94,0.15589223022460938
660.08,940.0,1.15,1.08,0.15601429931640626
660.08,945.0,1.15,1.11,0.15598378204345703
660.08,950.0,1.15,0.71,0.1560753338623047
660.08,955.0,1.15,0.65,0.1560753338623047
660.08,960.0,1.15,0.61,0.15619740295410156
660.08,965.0,1.15,0.94,0.15662464477539065
660.08,970.0,1.15,0.62,0.15650257568359377
660.08,975.0,1.15,0.49,0.15662464477539065
660.08,980.0,1.15,0.46,0.1570518865966797
660.08,985.0,1.15,0.61,0.15699085205078128
660.08,990.0,1.15,0.41,0.15711292114257813
660.08,995.0,1.15,0.33,0.157234990234375
660.08,1000.0,1.15,0.3,0.157234990234375
660.08,1010.0,1.15,0.32,0.15796740478515625
660.08,1020.0,1.15,0.33,0.15833361206054689
660.08,1030.0,1.15,0.25,0.15821154296875
660.08,1040.0,1.15,0.18,0.15943223388671873
660.08,1050.0,1.15,0.16,0.15943223388671873
660.08,1060.0,1.15,0.15,0.161141201171875
660.08,1070.0,1.15,0.15,0.1626060302734375
660.08,1080.0,1.15,0.13,0.16407085937500002
660.08,1090.0,1.15,0.12,0.1667563793945313
660.08,1100.0,1.15,0.1,0.16797707031250003
660.08,1110.0,1.15,0.08,0.16919776123046876
660.08,1120.0,1.15,0.11,0.16993017578125003
660.08,1140.0,1.15,0.07,0.1733481103515625
660.08,1150.0,1.15,0.06,0.1757894921875
660.08,1160.0,1.15,0.06,0.1782308740234375
660.08,1170.0,1.15,0.06,0.180672255859375
660.08,1180.0,1.15,0.06,0.18311363769531247
660.08,1190.0,1.15,0.05,0.18311363769531247
660.08,1200.0,1.15,0.04,0.18555501953124998
660.08,1210.0,1.15,0.04,0.187508125
660.08,1220.0,1.15,0.06,0.18994950683593753
660.08,1230.0,1.15,0.05,0.18946123046875002
660.08,1240.0,1.15,0.05,0.19190261230468753
660.08,1250.0,1.15,0.04,0.194343994140625
660.08,1260.0,1.15,0.05,0.196297099609375
660.08,1270.0,1.15,0.04,0.198250205078125
660.08,1280.0,1.15,0.05,0.19727365234375
660.08,1290.0,1.15,0.04,0.1997150341796875
660.08,1300.0,1.15,0.02,0.2016681396484375
660.08,1310.0,1.15,0.02,0.2036212451171875
660.08,1320.0,1.15,0.03,0.20557435058593748
660.08,1330.0,1.15,0.03,0.20752745605468748
660.08,1340.0,1.15,0.05,0.20996883789062498
660.08,370.0,1.32,331.88,0.46735151794433594
660.08,410.0,1.32,291.32,0.4303340658569337
660.08,425.0,1.32,260.0,0.4160367234802246
660.08,500.0,1.32,191.0,0.3565204119110107
660.08,525.0,1.32,192.89,0.33847707427978513
660.08,535.0,1.32,179.63,0.3297109876251221
660.08,550.0,1.32,153.75,0.31902231277465815
660.08,560.0,1.32,143.56,0.31350631568908693
660.08,570.0,1.32,149.97,0.30560997131347656
660.08,575.0,1.32,147.64,0.30348139152526854
660.08,580.0,1.32,136.62,0.2993157837677002
660.08,585.0,1.32,128.92,0.29695832443237297
660.08,590.0,1.32,129.94,0.2926172423553466
660.08,595.0,1.32,127.28,0.29003853279113767
660.08,600.0,1.32,116.0,0.28733775413513174
660.08,610.0,1.32,110.38,0.2797923583984374
660.08,615.0,1.32,106.47,0.2767482604217528
660.08,620.0,1.32,98.67,0.27358972267150883
660.08,625.0,1.32,99.5,0.2703091158294677
660.08,630.0,1.32,91.75,0.2669064398956299
660.08,635.0,1.32,97.64,0.2633816948699951
660.08,640.0,1.32,85.45,0.2597310660934449
660.08,645.0,1.32,98.41,0.25764444755554194
660.08,650.0,1.32,95.0,0.2537306072998047
660.08,655.0,1.32,90.84,0.25135026000976557
660.08,660.0,1.32,73.83,0.24716176429748535
660.08,665.0,1.32,69.4,0.24448387359619145
660.08,670.0,1.32,67.24,0.24165339653015136
660.08,675.0,1.32,66.2,0.23866270378112792
660.08,680.0,1.32,62.96,0.2355117953491211
660.08,685.0,1.32,72.35,0.23218922725677488
660.08,690.0,1.32,55.73,0.2300110569000244
660.08,695.0,1.32,55.69,0.22666941551208494
660.08,700.0,1.32,50.15,0.2161714736175537
660.08,705.0,1.32,61.29,0.21328759132385253
660.08,710.0,1.32,58.86,0.2104647435760498
660.08,715.0,1.32,48.63,0.20770293037414547
660.08,720.0,1.32,43.63,0.2049640051269531
660.08,725.0,1.32,37.07,0.20230900238037108
660.08,730.0,1.32,34.22,0.1996997755432129
660.08,735.0,1.32,32.28,0.197174471206665
660.08,740.0,1.32,30.54,0.19469494277954102
660.08,745.0,1.32,39.21,0.19232603946685795
660.08,750.0,1.32,28.0,0.19000291206359868
660.08,755.0,1.32,34.6,0.18775989250183103
660.08,760.0,1.32,24.25,0.18563894203186035
660.08,765.0,1.32,22.94,0.18357139678955076
660.08,770.0,1.32,19.95,0.18159540336608884
660.08,775.0,1.32,19.09,0.17972622039794922
660.08,780.0,1.32,17.15,0.177918071975708
660.08,785.0,1.32,15.77,0.17623199264526368
660.08,790.0,1.32,20.46,0.1746298358154297
660.08,795.0,1.32,19.85,0.17308108421325683
660.08,800.0,1.32,15.96,0.17160099647521973
660.08,810.0,1.32,13.53,0.16897651100158692
660.08,815.0,1.32,12.63,0.1677634494018555
660.08,820.0,1.32,8.98,0.16662668098449712
660.08,830.0,1.32,9.39,0.16457439437866211
660.08,840.0,1.32,10.14,0.16275861663818358
660.08,845.0,1.32,8.05,0.1619346502685547
660.08,850.0,1.32,5.53,0.16123275299072265
660.08,855.0,1.32,8.25,0.16051559707641605
660.08,860.0,1.32,4.79,0.15988999298095702
660.08,865.0,1.32,6.95,0.1593711993408203
660.08,870.0,1.32,4.11,0.1588218884277344
660.08,880.0,1.32,3.42,0.1580131806945801
660.08,885.0,1.32,4.99,0.1576164561462402
660.08,890.0,1.32,2.9,0.15734180068969728
660.08,895.0,1.32,2.63,0.1570061106872559
660.08,900.0,1.32,2.98,0.1568382656860352
660.08,905.0,1.32,2.24,0.15662464477539065
660.08,910.0,1.32,2.54,0.15650257568359377
660.08,915.0,1.32,2.69,0.15650257568359377
660.08,920.0,1.32,2.07,0.1563499893188477
660.08,925.0,1.32,2.48,0.1563499893188477
660.08,930.0,1.32,1.78,0.1563499893188477
660.08,935.0,1.32,1.72,0.1564110238647461
660.08,940.0,1.32,2.07,0.15631947204589847
660.08,945.0,1.32,1.36,0.15650257568359377
660.08,950.0,1.32,1.32,0.156533092956543
660.08,955.0,1.32,1.61,0.15665516204833985
660.08,960.0,1.32,1.01,0.1568687829589844
660.08,975.0,1.32,1.02,0.15711292114257813
660.08,980.0,1.32,0.75,0.1574180938720703
660.08,985.0,1.32,1.08,0.1573570593261719
660.08,990.0,1.32,1.05,0.1577232666015625
660.08,995.0,1.32,0.75,0.1577232666015625
660.08,1000.0,1.32,0.59,0.15796740478515625
660.08,1010.0,1.32,0.49,0.15845568115234376
660.08,1020.0,1.32,0.61,0.15863878479003907
660.08,1030.0,1.32,0.44,0.1588218884277344
660.08,1040.0,1.32,0.34,0.1596763720703125
660.08,1060.0,1.32,0.26,0.16040878662109376
660.08,1070.0,1.32,0.34,0.1601646484375
660.08,1080.0,1.32,0.2,0.16126327026367188
660.08,1090.0,1.32,0.24,0.161141201171875
660.08,1100.0,1.32,0.19,0.1626060302734375
660.08,1110.0,1.32,0.16,0.16407085937500002
660.08,1120.0,1.32,0.17,0.16553568847656253
660.08,1170.0,1.32,0.12,0.1733481103515625
660.08,1190.0,1.32,0.09,0.17627776855468752
660.08,1230.0,1.32,0.09,0.18335777587890623
660.08,1240.0,1.32,0.08,0.18360191406249998
660.08,1280.0,1.32,0.04,0.18946123046875002
660.08,1290.0,1.32,0.07,0.1914143359375
660.08,1300.0,1.32,0.06,0.19336744140625
660.08,1320.0,1.32,0.06,0.19727365234375
660.08,1330.0,1.32,0.05,0.19678537597656248
660.08,1340.0,1.32,0.04,0.19873848144531248
660.08,250.0,1.57,448.32,0.5334519311523438
660.08,280.0,1.57,408.66,0.5094653546142578
660.08,300.0,1.57,397.41,0.5173845869445801
660.08,310.0,1.57,388.21,0.5076343182373046
660.08,375.0,1.57,317.53,0.44643192733764653
660.08,400.0,1.57,287.2,0.42624475128173833
660.08,410.0,1.57,302.0,0.4167309914398193
660.08,450.0,1.57,256.11,0.38616031326293937
660.08,500.0,1.57,212.75,0.34947092185974116
660.08,505.0,1.57,210.34,0.3463963066101074
660.08,510.0,1.57,193.65,0.34325302749633785
660.08,515.0,1.57,197.92,0.3400410845184326
660.08,530.0,1.57,189.25,0.3299932723999023
660.08,535.0,1.57,190.57,0.32652193260192863
660.08,540.0,1.57,187.03,0.32298192893981925
660.08,550.0,1.57,170.06,0.3142539888763427
660.08,560.0,1.57,164.1,0.31185838294982904
660.08,570.0,1.57,142.3,0.3057930749511719
660.08,575.0,1.57,141.5,0.301764794921875
660.08,585.0,1.57,135.5,0.2952340985107421
660.08,590.0,1.57,148.18,0.292701164855957
660.08,600.0,1.57,130.89,0.28733775413513174
660.08,605.0,1.57,137.51,0.28285934432983395
660.08,610.0,1.57,131.16,0.2799525740814208
660.08,615.0,1.57,120.5,0.27694662269592285
660.08,620.0,1.57,113.02,0.2738414901733398
660.08,625.0,1.57,112.68,0.27223551868438717
660.08,630.0,1.57,99.38,0.2689205799102783
660.08,635.0,1.57,106.97,0.2655102746582031
660.08,640.0,1.57,109.87,0.26200078826904294
660.08,645.0,1.57,97.51,0.25993705768585207
660.08,650.0,1.57,88.23,0.25621013572692874
660.08,655.0,1.57,82.0,0.2539098962783814
660.08,660.0,1.57,89.13,0.2514875877380371
660.08,665.0,1.57,82.96,0.24890887817382812
660.08,670.0,1.57,75.13,0.24601736656188963
660.08,675.0,1.57,71.0,0.2431868894958496
660.08,680.0,1.57,70.71,0.24040600299835202
660.08,685.0,1.57,67.64,0.23745727149963378
660.08,690.0,1.57,70.12,0.2342529578399658
660.08,695.0,1.57,61.59,0.23217778327941893
660.08,700.0,1.57,57.69,0.22892006439208984
660.08,705.0,1.57,68.64,0.2267914846038818
660.08,710.0,1.57,60.89,0.21690388816833497
660.08,715.0,1.57,54.11,0.21428321735382078
660.08,720.0,1.57,49.0,0.21173883972167967
660.08,725.0,1.57,44.2,0.2092364233398437
660.08,730.0,1.57,44.21,0.20674926559448237
660.08,735.0,1.57,39.21,0.20435747432708734
660.08,740.0,1.57,38.93,0.20197331237792968
660.08,745.0,1.57,36.84,0.19965399963378905
660.08,750.0,1.57,34.82,0.19739572143554687
660.08,755.0,1.57,32.83,0.19517558982849123
660.08,760.0,1.57,30.9,0.19302412208557126
660.08,765.0,1.57,28.75,0.1909336888885498
660.08,770.0,1.57,28.2,0.18891191955566405
660.08,775.0,1.57,32.01,0.18695881408691406
660.08,780.0,1.57,22.45,0.18508200180053708
660.08,785.0,1.57,20.64,0.18325096542358393
660.08,790.0,1.57,28.19,0.1814962222290039
660.08,795.0,1.57,24.46,0.17984066017150876
660.08,800.0,1.57,17.49,0.17823850334167482
660.08,805.0,1.57,16.49,0.17669738105773927
660.08,810.0,1.57,18.48,0.1751944053649902
660.08,815.0,1.57,14.16,0.1738058694458008
660.08,820.0,1.57,14.62,0.17247836807250982
660.08,825.0,1.57,15.69,0.1712042719268799
660.08,830.0,1.57,14.28,0.16999121032714848
660.08,835.0,1.57,13.8,0.16881629531860354
660.08,840.0,1.57,12.5,0.16773293212890628
660.08,845.0,1.57,12.6,0.1667640087127686
660.08,850.0,1.57,10.86,0.16574930938720706
660.08,855.0,1.57,8.19,0.1648643084716797
660.08,860.0,1.57,7.83,0.1640250834655762
660.08,865.0,1.57,8.56,0.16323163436889648
660.08,870.0,1.57,8.04,0.16251447845458983
660.08,875.0,1.57,7.35,0.16179732254028317
660.08,880.0,1.57,8.51,0.1611869770812988
660.08,885.0,1.57,5.05,0.16060714889526367
660.08,890.0,1.57,6.5,0.16007309661865232
660.08,895.0,1.57,5.55,0.15963059616088865
660.08,900.0,1.57,4.14,0.15917283706665042
660.08,915.0,1.57,4.44,0.15811999114990233
660.08,920.0,1.57,4.02,0.1579063702392578
660.08,925.0,1.57,4.45,0.15763171478271482
660.08,935.0,1.57,3.02,0.1573723179626465
660.08,940.0,1.57,3.62,0.15729602478027344
660.08,950.0,1.57,3.21,0.15714343841552736
660.08,955.0,1.57,2.97,0.1570824038696289
660.08,960.0,1.57,2.05,0.1570824038696289
660.08,970.0,1.57,1.62,0.15717395568847659
660.08,975.0,1.57,1.96,0.15732654205322266
660.08,980.0,1.57,1.4,0.15738757659912112
660.08,985.0,1.57,1.24,0.1575401629638672
660.08,995.0,1.57,1.66,0.15775378387451172
660.08,1000.0,1.57,1.1,0.1580284393310547
660.08,1010.0,1.57,0.95,0.1583946466064453
660.08,1020.0,1.57,1.08,0.15863878479003907
660.08,1040.0,1.57,0.68,0.1595543029785156
660.08,1050.0,1.57,0.62,0.1596763720703125
660.08,1060.0,1.57,0.54,0.16022568298339845
660.08,1080.0,1.57,0.49,0.1609580975341797
660.08,1100.0,1.57,0.33,0.1615074084472656
660.08,1120.0,1.57,0.26,0.16272809936523439
660.08,1130.0,1.57,0.26,0.16297223754882814
660.08,1140.0,1.57,0.21,0.1638267211914063
660.08,1150.0,1.57,0.19,0.16358258300781253
660.08,1160.0,1.57,0.18,0.16492534301757814
660.08,1170.0,1.57,0.23,0.16614603393554692
660.08,1180.0,1.57,0.15,0.16724465576171876
660.08,1190.0,1.57,0.16,0.16834327758789067
660.08,1200.0,1.57,0.17,0.17041845214843754
660.08,1210.0,1.57,0.15,0.1713950048828125
660.08,1220.0,1.57,0.13,0.1733481103515625
660.08,1230.0,1.57,0.12,0.17408052490234377
660.08,1240.0,1.57,0.12,0.17627776855468752
660.08,1250.0,1.57,0.12,0.176766044921875
660.08,1260.0,1.57,0.11,0.178719150390625
660.08,1270.0,1.57,0.11,0.180672255859375
660.08,1290.0,1.57,0.1,0.18311363769531247
660.08,1300.0,1.57,0.06,0.1848226049804687
660.08,1310.0,1.57,0.1,0.18506674316406246
660.08,1320.0,1.57,0.1,0.1870198486328125
660.08,1330.0,1.57,0.09,0.18872881591796875
660.08,1340.0,1.57,0.07,0.1870198486328125
660.08,50.0,2.07,610.28,0.9467778759765625
660.08,55.0,2.07,608.25,0.9107674938964843
660.08,85.0,2.07,586.5,0.7413355944824218
660.08,125.0,2.07,555.44,0.6134682208251954
660.08,200.0,2.07,464.0,0.5225572647094726
660.08,205.0,2.07,476.0,0.6820710504150393
660.08,210.0,2.07,439.81,0.592350267944336
660.08,215.0,2.07,423.44,0.5872691419982912
660.08,220.0,2.07,434.0,0.5820964642333983
660.08,225.0,2.07,327.0,1.0000000000000003e-05
660.08,230.0,2.07,439.5,0.5092212164306642
660.08,235.0,2.07,373.97,1.0000000000000003e-05
660.08,240.0,2.07,444.97,0.5033008654785156
660.08,250.0,2.07,435.07,0.523320196533203
660.08,255.0,2.07,395.0,0.5463607376098634
660.08,260.0,2.07,415.8,0.5150347569274902
660.08,265.0,2.07,348.5,1.0000000000000003e-05
660.08,270.0,2.07,413.99,0.5069476795959473
660.08,275.0,2.07,375.7,0.5891154370117189
660.08,280.0,2.07,418.76,0.49843336044311526
660.08,285.0,2.07,353.09,0.5164232928466796
660.08,290.0,2.07,352.25,0.5115557878112793
660.08,295.0,2.07,399.76,0.48650110671997077
660.08,300.0,2.07,390.25,0.4823965335083008
660.08,305.0,2.07,382.91,0.47842928802490237
660.08,310.0,2.07,378.05,0.4744315252685547
660.08,315.0,2.07,348.0,0.5037891418457032
660.08,320.0,2.07,382.41,0.4664970343017578
660.08,325.0,2.07,355.5,0.4625526767730713
660.08,330.0,2.07,355.01,0.4586540951538086
660.08,335.0,2.07,360.93,0.45479366012573247
660.08,340.0,2.07,366.02,0.45058990577697755
660.08,345.0,2.07,354.89,0.4471338246154785
660.08,350.0,2.07,337.49,0.4433191654968262
660.08,355.0,2.07,313.58,0.4663520772552491
660.08,360.0,2.07,334.7,0.4358653215789795
660.08,365.0,2.07,330.0,0.43221087814331055
660.08,370.0,2.07,326.9,0.4936879244995118
660.08,375.0,2.07,323.65,0.4249325085449219
660.08,380.0,2.07,331.56,0.4213467289733887
660.08,385.0,2.07,325.99,0.4170437934875488
660.08,390.0,2.07,301.02,0.41426672164916994
660.08,395.0,2.07,308.0,0.4698234170532227
660.08,400.0,2.07,291.09,0.4073087834167481
660.08,405.0,2.07,288.77,0.4031813222503662
660.08,410.0,2.07,286.96,0.40051869018554687
660.08,415.0,2.07,289.0,0.39605553901672375
660.08,420.0,2.07,298.04,0.3936370451354981
660.08,425.0,2.07,280.0,0.3904861367034912
660.08,430.0,2.07,287.7,0.3862976409912109
660.08,435.0,2.07,280.94,0.3837189314270019
660.08,440.0,2.07,259.0,0.3980391617584229
660.08,445.0,2.07,275.4,0.3761964236450196
660.08,450.0,2.07,248.64,0.3734727570343017
660.08,455.0,2.07,254.58,0.37068805587768555
660.08,460.0,2.07,242.0,0.36784994949340827
660.08,465.0,2.07,239.0,0.36496606719970703
660.08,470.0,2.07,244.0,0.36202115036010746
660.08,475.0,2.07,236.54,0.35903808692932127
660.08,480.0,2.07,235.19,0.35600161827087395
660.08,485.0,2.07,219.0,0.35291937370300286
660.08,490.0,2.07,224.3,0.349791353225708
660.08,495.0,2.07,221.0,0.3466251861572265
660.08,500.0,2.07,209.93,0.3434132431793213
660.08,505.0,2.07,225.43,0.34015552429199214
660.08,510.0,2.07,203.78,0.33685965881347657
660.08,515.0,2.07,197.91,0.3352727606201171
660.08,520.0,2.07,196.68,0.3318777140045166
660.08,525.0,2.07,201.0,0.3284368914794922
660.08,530.0,2.07,184.8,0.32664400169372554
660.08,535.0,2.07,179.05,0.32310399803161605
660.08,540.0,2.07,189.31,0.32117378051757806
660.08,545.0,2.07,172.0,0.3175422250366211
660.08,550.0,2.07,171.02,0.31547467979431143
660.08,555.0,2.07,169.9,0.31174775783538816
660.08,560.0,2.07,164.49,0.30955432884216305
660.08,565.0,2.07,159.26,0.30728460666656493
660.08,570.0,2.07,156.24,0.3049462206268311
660.08,575.0,2.07,154.62,0.30101712173461914
660.08,580.0,2.07,150.0,0.29855285194396974
660.08,585.0,2.07,152.42,0.29602373294830325
660.08,590.0,2.07,140.0,0.2934259500885009
660.08,595.0,2.07,139.06,0.2907556887054442
660.08,600.0,2.07,137.21,0.2880205781173705
660.08,605.0,2.07,132.0,0.2852168036651611
660.08,610.0,2.07,136.52,0.2823481800079346
660.08,615.0,2.07,127.06,0.2808223163604736
660.08,620.0,2.07,121.7,0.2778049209976196
660.08,625.0,2.07,133.5,0.2747188617706299
660.08,630.0,2.07,116.83,0.2729488599395752
660.08,635.0,2.07,112.0,0.2697178436660767
660.08,640.0,2.07,107.7,0.26777999683380127
660.08,645.0,2.07,111.49,0.2643963941955566
660.08,650.0,2.07,99.58,0.26229451702117923
660.08,655.0,2.07,98.48,0.2601010880279542
660.08,660.0,2.07,97.5,0.25648479118347167
660.08,665.0,2.07,93.49,0.254123517189026
660.08,670.0,2.07,89.5,0.25167069137573245
660.08,675.0,2.07,87.6,0.2491263137435913
660.08,680.0,2.07,83.21,0.24649038429260253
660.08,685.0,2.07,82.14,0.2450789604187012
660.08,690.0,2.07,77.42,0.2422484833526611
660.08,695.0,2.07,79.03,0.2393264544677734
660.08,700.0,2.07,72.85,0.23761367252349852
660.08,705.0,2.07,70.8,0.23580170944213863
660.08,710.0,2.07,67.81,0.23256306385040282
660.08,715.0,2.07,65.07,0.23053747985839845
660.08,720.0,2.07,59.65,0.22840127075195313
660.08,725.0,2.07,61.05,0.2207414352416992
660.08,730.0,2.07,56.48,0.2184411957931518
660.08,735.0,2.07,56.08,0.21614858566284179
660.08,740.0,2.07,53.67,0.21392463939666745
660.08,745.0,2.07,49.79,0.21170832244873045
660.08,750.0,2.07,48.85,0.20949963481903072
660.08,755.0,2.07,44.85,0.2073748696899414
660.08,760.0,2.07,43.46,0.20523103126525874
660.08,765.0,2.07,43.33,0.20314059806823728
660.08,770.0,2.07,38.85,0.20114171669006345
660.08,775.0,2.07,37.76,0.19913902065277095
660.08,780.0,2.07,35.05,0.1971668418884277
660.08,785.0,2.07,34.05,0.19528240028381347
660.08,790.0,2.07,31.67,0.19339795867919923
660.08,795.0,2.07,29.55,0.19160506889343262
660.08,800.0,2.07,28.0,0.18984269638061524
660.08,805.0,2.07,31.6,0.18808795318603516
660.08,810.0,2.07,26.7,0.18645909374237057
660.08,815.0,2.07,24.74,0.18483786361694332
660.08,820.0,2.07,23.77,0.18325859474182124
660.08,825.0,2.07,21.5,0.18179376564025876
660.08,830.0,2.07,20.05,0.18030986324310305
660.08,835.0,2.07,19.04,0.17891369800567625
660.08,840.0,2.07,17.98,0.1775747526550293
660.08,845.0,2.07,16.9,0.17623199264526368
660.08,850.0,2.07,16.27,0.17503418968200682
660.08,855.0,2.07,15.27,0.17384401603698732
660.08,860.0,2.07,15.76,0.17265384239196782
660.08,865.0,2.07,13.8,0.17159336715698242
660.08,870.0,2.07,12.0,0.17051763328552252
660.08,875.0,2.07,14.2,0.1695487098693848
660.08,880.0,2.07,11.17,0.16861793304443362
660.08,885.0,2.07,10.98,0.16767189758300782
660.08,890.0,2.07,9.87,0.16687844848632816
660.08,895.0,2.07,10.28,0.16603922348022465
660.08,900.0,2.07,8.64,0.16526103302001954
660.08,905.0,2.07,8.0,0.1645591357421875
660.08,910.0,2.07,10.05,0.16394879028320314
660.08,915.0,2.07,7.95,0.1632621516418457
660.08,920.0,2.07,6.87,0.16274335800170897
660.08,925.0,2.07,6.74,0.16216352981567383
660.08,930.0,2.07,6.1,0.1616523654937744
660.08,935.0,2.07,6.13,0.16121749435424804
660.08,940.0,2.07,4.96,0.1608055111694336
660.08,945.0,2.07,6.27,0.16040878662109376
660.08,950.0,2.07,4.76,0.16013413116455077
660.08,955.0,2.07,6.02,0.15975266525268556
660.08,960.0,2.07,4.8,0.1595085270690918
660.08,965.0,2.07,5.41,0.15924913024902343
660.08,970.0,2.07,5.07,0.1590507679748535
660.08,975.0,2.07,4.75,0.1588524057006836
660.08,980.0,2.07,3.85,0.15876085388183597
660.08,985.0,2.07,4.3,0.1586693020629883
660.08,990.0,2.07,3.2,0.158486198425293
660.08,995.0,2.07,3.08,0.15842516387939454
660.08,1000.0,2.07,2.48,0.15851671569824222
660.08,1005.0,2.07,3.09,0.15851671569824222
660.08,1010.0,2.07,2.84,0.15845568115234376
660.08,1020.0,2.07,2.93,0.15857775024414064
660.08,1025.0,2.07,2.16,0.1586693020629883
660.08,1030.0,2.07,2.58,0.1588524057006836
660.08,1040.0,2.07,2.29,0.15912706115722658
660.08,1050.0,2.07,1.55,0.15949326843261719
660.08,1070.0,2.07,1.32,0.16022568298339845
660.08,1080.0,2.07,1.42,0.16083602844238282
660.08,1090.0,2.07,1.09,0.16126327026367188
660.08,1100.0,2.07,1.03,0.16169051208496094
660.08,1110.0,2.07,1.1,0.16217878845214845
660.08,1120.0,2.07,0.86,0.1627891339111328
660.08,1130.0,2.07,1.09,0.16346051391601565
660.08,1140.0,2.07,0.72,0.1640098248291016
660.08,1150.0,2.07,0.66,0.1643760321044922
660.08,1180.0,2.07,0.52,0.16632913757324225
660.08,1190.0,2.07,0.49,0.16687844848632816
660.08,1200.0,2.07,0.46,0.16724465576171876
660.08,1220.0,2.07,0.4,0.16846534667968754
660.08,1230.0,2.07,0.37,0.16931983032226564
660.08,1240.0,2.07,0.35,0.16968603759765627
660.08,1250.0,2.07,0.33,0.17041845214843754
660.08,1260.0,2.07,0.3,0.17115086669921875
660.08,1270.0,2.07,0.32,0.17176121215820314
660.08,1280.0,2.07,0.31,0.17224948852539065
660.08,1290.0,2.07,0.28,0.1726156958007813
660.08,1300.0,2.07,0.22,0.17359224853515626
660.08,1310.0,2.07,0.19,0.17456880126953128
660.08,1320.0,2.07,0.23,0.17542328491210937
660.08,1330.0,2.07,0.22,0.17627776855468752
660.08,1340.0,2.07,0.21,0.17701018310546873
660.08,50.0,2.17,626.62,0.9278571667480469
660.08,60.0,2.17,627.36,0.8569350244140624
660.08,100.0,2.17,571.78,0.6654086193847659
660.08,105.0,2.17,566.79,0.6478306701660157
660.08,110.0,2.17,563.32,0.6311682391357423
660.08,115.0,2.17,558.49,0.615360291748047
660.08,120.0,2.17,553.48,0.6171913281250001
660.08,130.0,2.17,545.83,0.5897257824707032
660.08,140.0,2.17,540.33,0.5780071496582031
660.08,150.0,2.17,510.6,0.5759930096435546
660.08,200.0,2.17,468.12,0.5167284655761719
660.08,220.0,2.17,462.0,0.5080615600585938
660.08,240.0,2.17,445.03,0.5218401087951661
660.08,245.0,2.17,449.09,0.5176439837646485
660.08,250.0,2.17,448.73,0.5141039801025391
660.08,255.0,2.17,417.83,0.6395604891967773
660.08,260.0,2.17,414.87,1.0000000000000003e-05
660.08,280.0,2.17,405.0,0.49005636901855476
660.08,295.0,2.17,407.72,0.4780173048400879
660.08,300.0,2.17,380.0,0.474187387084961
660.08,320.0,2.17,386.0,0.45866935379028323
660.08,330.0,2.17,358.77,0.4510247769165039
660.08,335.0,2.17,360.27,0.5056049195861816
660.08,340.0,2.17,362.25,0.44352515708923335
660.08,350.0,2.17,348.74,0.4361094597625732
660.08,370.0,2.17,334.74,0.421705306930542
660.08,375.0,2.17,330.51,0.4182415964508056
660.08,400.0,2.17,305.0,0.4011519235992431
660.08,420.0,2.17,287.0,0.3871597539520263
660.08,425.0,2.17,295.0,0.38468022552490233
660.08,430.0,2.17,270.0,0.38173530868530264
660.08,435.0,2.17,282.59,0.3786530641174316
660.08,440.0,2.17,265.5,0.37471633590698245
660.08,450.0,2.17,275.0,0.3692995199584961
660.08,455.0,2.17,251.2,0.3665071894836425
660.08,465.0,2.17,248.3,0.4033796845245362
660.08,470.0,2.17,236.92,0.35768769760131836
660.08,475.0,2.17,234.0,0.35478855667114245
660.08,480.0,2.17,246.0,0.3518360105133056
660.08,485.0,2.17,240.98,0.34876902458190917
660.08,490.0,2.17,238.5,0.3456638920593262
660.08,495.0,2.17,230.5,0.3425129836273193
660.08,500.0,2.17,210.5,0.33931629928588863
660.08,505.0,2.17,209.0,0.3378438408660889
660.08,510.0,2.17,222.53,0.3345479753875732
660.08,515.0,2.17,202.85,0.3312215926361084
660.08,520.0,2.17,196.0,0.329535513305664
660.08,525.0,2.17,190.29,0.32610994941711424
660.08,530.0,2.17,193.5,0.32429417167663566
660.08,535.0,2.17,182.0,0.3207770559692382
660.08,540.0,2.17,181.19,0.3188239505004882
660.08,545.0,2.17,195.0,0.31521528297424306
660.08,550.0,2.17,180.17,0.3131401084136963
660.08,555.0,2.17,175.7,0.3109962699890136
660.08,560.0,2.17,165.73,0.30725027473449706
660.08,565.0,2.17,178.94,0.3049805525588989
660.08,570.0,2.17,158.69,0.30264598117828373
660.08,575.0,2.17,156.4,0.3002465605926513
660.08,580.0,2.17,158.9,0.2977746614837645
660.08,585.0,2.17,157.48,0.2952455424880981
660.08,590.0,2.17,144.95,0.2926477596282958
660.08,595.0,2.17,142.29,0.28998894222259514
660.08,600.0,2.17,135.8,0.28726146095275873
660.08,605.0,2.17,148.99,0.28447675979614245
660.08,610.0,2.17,131.72,0.28162339477539056
660.08,615.0,2.17,134.7,0.2800899018096923
660.08,620.0,2.17,131.27,0.27709920906066887
660.08,625.0,2.17,128.46,0.2740436671066284
660.08,630.0,2.17,118.83,0.2722774799346923
660.08,635.0,2.17,125.06,0.2690807955932617
660.08,640.0,2.17,111.7,0.267158207397461
660.08,645.0,2.17,108.01,0.2638203806686401
660.08,650.0,2.17,102.58,0.2617337621307373
660.08,655.0,2.17,102.24,0.25956703575134277
660.08,660.0,2.17,98.2,0.2573163868713379
660.08,665.0,2.17,96.92,0.25498181549072274
660.08,670.0,2.17,95.15,0.25255950695037843
660.08,675.0,2.17,90.33,0.2500532759094238
660.08,680.0,2.17,86.0,0.2474593077087402
660.08,685.0,2.17,85.23,0.24477760234832763
660.08,690.0,2.17,80.81,0.24200434516906738
660.08,695.0,2.17,80.72,0.24042507629394527
660.08,700.0,2.17,75.0,0.23746490081787108
660.08,705.0,2.17,73.58,0.23569108432769775
660.08,710.0,2.17,70.44,0.23371890556335448
660.08,715.0,2.17,72.57,0.2305565531539917
660.08,720.0,2.17,63.0,0.2284813785934448
660.08,725.0,2.17,62.07,0.22629557891845703
660.08,730.0,2.17,60.18,0.2185975968170166
660.08,735.0,2.17,57.15,0.216354577255249
660.08,740.0,2.17,55.36,0.21418022155761718
660.08,745.0,2.17,52.8,0.2120173098373413
660.08,750.0,2.17,48.06,0.20986584209442133
660.08,755.0,2.17,50.44,0.20777540889739987
660.08,760.0,2.17,46.16,0.20571930763244625
660.08,765.0,2.17,50.3,0.20369753829956055
660.08,770.0,2.17,40.44,0.2017101008987427
660.08,775.0,2.17,38.5,0.1997569954299927
660.08,780.0,2.17,38.5,0.1978611098480225
660.08,785.0,2.17,33.78,0.19599955619812012
660.08,790.0,2.17,31.95,0.19417614913940429
660.08,795.0,2.17,30.83,0.19240996196746823
660.08,800.0,2.17,30.38,0.19068192138671874
660.08,805.0,2.17,27.62,0.18898821273803712
660.08,810.0,2.17,28.27,0.1873631679534912
660.08,815.0,2.17,26.5,0.18578389907836912
660.08,820.0,2.17,25.01,0.1842465914535522
660.08,825.0,2.17,23.54,0.18275505973815917
660.08,830.0,2.17,21.58,0.18135126518249509
660.08,835.0,2.17,21.4,0.17996272926330567
660.08,840.0,2.17,23.2,0.17863904254913332
660.08,845.0,2.17,21.62,0.17734587310791017
660.08,850.0,2.17,17.1,0.17611755287170414
660.08,855.0,2.17,17.2,0.1749350085449219
660.08,860.0,2.17,14.93,0.17379061080932617
660.08,865.0,2.17,19.48,0.17273776489257814
660.08,870.0,2.17,15.7,0.17170780693054202
660.08,875.0,2.17,13.8,0.17070073692321783
660.08,880.0,2.17,12.45,0.16976233078002934
660.08,885.0,2.17,10.8,0.16890784713745122
660.08,890.0,2.17,10.17,0.1680533634948731
660.08,895.0,2.17,9.81,0.16725228507995607
660.08,900.0,2.17,9.26,0.16651224121093755
660.08,905.0,2.17,8.95,0.16584086120605473
660.08,910.0,2.17,8.8,0.1651542225646973
660.08,915.0,2.17,9.65,0.1645438771057129
660.08,920.0,2.17,9.04,0.16397930755615236
660.08,925.0,2.17,9.69,0.16346814323425296
660.08,930.0,2.17,7.79,0.16295697891235356
660.08,935.0,2.17,6.7,0.16251447845458983
660.08,940.0,2.17,5.75,0.16209486595153808
660.08,945.0,2.17,7.2,0.16175917594909667
660.08,950.0,2.17,5.21,0.16138533935546873
660.08,955.0,2.17,4.76,0.1611259425354004
660.08,960.0,2.17,5.2,0.16083602844238282
660.08,965.0,2.17,4.4,0.16060714889526367
660.08,970.0,2.17,4.15,0.1603477520751953
660.08,975.0,2.17,3.76,0.1601646484375
660.08,980.0,2.17,4.55,0.16007309661865232
660.08,985.0,2.17,5.03,0.15988999298095702
660.08,990.0,2.17,3.47,0.15988999298095702
660.08,995.0,2.17,3.69,0.15981369979858395
660.08,1000.0,2.17,2.95,0.15976792388916017
660.08,1005.0,2.17,2.95,0.15973740661621094
660.08,1010.0,2.17,2.8,0.15984421707153318
660.08,1015.0,2.17,2.7,0.15988999298095702
660.08,1020.0,2.17,2.83,0.15996628616333008
660.08,1025.0,2.17,2.35,0.1599815447998047
660.08,1030.0,2.17,2.27,0.16019516571044923
660.08,1040.0,2.17,1.99,0.16040878662109376
660.08,1050.0,2.17,1.97,0.1608055111694336
660.08,1060.0,2.17,1.8,0.16126327026367188
660.08,1070.0,2.17,1.79,0.16169051208496094
660.08,1080.0,2.17,1.5,0.16223982299804687
660.08,1090.0,2.17,1.35,0.1627891339111328
660.08,1100.0,2.17,1.24,0.16339947937011723
660.08,1110.0,2.17,1.18,0.1640098248291016
660.08,1120.0,2.17,1.08,0.16443706665039062
660.08,1130.0,2.17,1.0,0.1651694812011719
660.08,1140.0,2.17,0.92,0.16577982666015628
660.08,1150.0,2.17,0.85,0.16651224121093755
660.08,1160.0,2.17,0.8,0.1671225866699219
660.08,1170.0,2.17,0.75,0.1675803457641602
660.08,1180.0,2.17,0.81,0.168526381225586
660.08,1190.0,2.17,0.65,0.16901465759277345
660.08,1200.0,2.17,0.6,0.16974707214355472
660.08,1210.0,2.17,0.57,0.17035741760253909
660.08,1220.0,2.17,0.54,0.1708456939697266
660.08,1230.0,2.17,0.51,0.17163914306640626
660.08,1240.0,2.17,0.48,0.17237155761718753
660.08,1250.0,2.17,0.47,0.17292086853027344
660.08,1260.0,2.17,0.43,0.17389742126464847
660.08,1270.0,2.17,0.4,0.17432466308593753
660.08,1280.0,2.17,0.38,0.1751181121826172
660.08,1290.0,2.17,0.3,0.17591156127929689
660.08,1300.0,2.17,0.34,0.17652190673828128
660.08,1310.0,2.17,0.32,0.1771322521972656
660.08,1320.0,2.17,0.25,0.17762052856445312
660.08,1330.0,2.17,0.3,0.178719150390625
660.08,1340.0,2.17,0.27,0.1790853576660156
