S0,K,T,P_mkt,iv_market
660.08,570.0,0.0,0.01,0.6250037500000001
660.08,575.0,0.0,0.01,0.64062859375
660.08,580.0,0.0,0.01,0.6015664843750002
660.08,585.0,0.0,0.01,0.5625043750000001
660.08,590.0,0.0,0.02,0.5312546875
660.08,595.0,0.0,0.02,0.5195360546875
660.08,600.0,0.0,0.03,0.48828636718750007
660.08,605.0,0.0,0.03,0.45117736328125
660.08,610.0,0.0,0.03,0.42578699218750005
660.08,615.0,0.0,0.04,0.38672488281249995
660.08,620.0,0.0,0.05,0.35742830078125
660.08,625.0,0.0,0.06,0.3242255078124999
660.08,630.0,0.0,0.08,0.29395237304687494
660.08,631.0,0.0,0.1,0.29004616210937495
660.08,632.0,0.0,0.1,0.28125718749999995
660.08,633.0,0.0,0.11,0.27686270019531245
660.08,634.0,0.0,0.1,0.27197993652343744
660.08,635.0,0.0,0.11,0.266608896484375
660.08,636.0,0.0,0.12,0.260749580078125
660.08,637.0,0.0,0.14,0.25489026367187506
660.08,638.0,0.0,0.15,0.25098405273437496
660.08,639.0,0.0,0.17,0.24414818359375
660.08,640.0,0.0,0.2,0.2417068017578125
660.08,641.0,0.0,0.22,0.23828886718749998
660.08,642.0,0.0,0.26,0.23389437988281248
660.08,643.0,0.0,0.29,0.2304764453125
660.08,644.0,0.0,0.35,0.22754678710937498
660.08,645.0,0.0,0.4,0.22510540527343748
660.08,646.0,0.0,0.46,0.2224198852539062
660.08,647.0,0.0,0.54,0.21973436523437498
660.08,648.0,0.0,0.63,0.21680470703125
660.08,649.0,0.0,0.75,0.21436332519531248
660.08,650.0,0.0,0.88,0.21289849609375
660.08,651.0,0.0,1.03,0.21070125244140625
660.08,652.0,0.0,1.19,0.20838193969726557
660.08,653.0,0.0,1.4,0.20642883422851557
660.08,654.0,0.0,1.61,0.20410952148437497
660.08,655.0,0.0,1.88,0.20227848510742186
660.08,656.0,0.0,2.15,0.2004474487304687
660.08,657.0,0.0,2.48,0.198250205078125
660.08,658.0,0.0,2.84,0.19678537597656248
660.08,659.0,0.0,3.28,0.19489330505371094
660.08,660.0,0.0,3.7,0.1928791650390625
660.08,661.0,0.0,4.15,0.19129226684570313
660.08,662.0,0.0,4.69,0.19013261047363283
660.08,663.0,0.0,5.22,0.18824053955078124
660.08,664.0,0.0,5.95,0.18726398681640627
660.08,665.0,0.0,6.71,0.18689777954101564
660.08,666.0,0.0,7.31,0.186531572265625
660.08,667.0,0.0,8.08,0.186531572265625
660.08,668.0,0.0,8.82,0.1870198486328125
660.08,669.0,0.0,9.72,0.188484677734375
660.08,670.0,0.0,10.6,0.19068192138671874
660.08,671.0,0.0,11.32,0.19385571777343752
660.08,672.0,0.0,12.54,0.19751779052734375
660.08,673.0,0.0,13.38,0.2024005541992187
660.08,674.0,0.0,14.14,0.2087481469726562
660.08,675.0,0.0,15.37,0.21973436523437498
660.08,676.0,0.0,16.35,0.2304764453125
660.08,677.0,0.0,17.09,0.241218525390625
660.08,678.0,0.0,17.0,0.2573316455078125
660.08,679.0,0.0,17.7,0.26367923828125
660.08,680.0,0.0,20.31,0.2710033837890625
660.08,681.0,0.0,19.06,0.2827220166015625
660.08,682.0,0.0,22.01,0.3673158972167969
660.08,683.0,0.0,22.6,0.3078682495117187
660.08,684.0,0.0,21.87,0.3178779150390625
660.08,685.0,0.0,25.01,0.32813171874999997
660.08,686.0,0.0,22.77,0.33301448242187504
660.08,687.0,0.0,24.0,0.37402969726562496
660.08,688.0,0.0,19.47,0.35425450439453116
660.08,689.0,0.0,17.7,0.5197801928710937
660.08,690.0,0.0,24.51,0.5317429638671876
660.08,691.0,0.0,17.9,0.5437057348632813
660.08,692.0,0.0,18.95,0.5554243676757813
660.08,693.0,0.0,19.94,0.5671430004882813
660.08,694.0,0.0,18.8,0.5788616333007812
660.08,695.0,0.0,22.01,0.5903361279296876
660.08,696.0,0.0,25.46,0.601810622558594
660.08,697.0,0.0,14.45,0.6132851171875001
660.08,698.0,0.0,27.02,0.6245154736328126
660.08,699.0,0.0,37.33,0.6357458300781251
660.08,700.0,0.0,38.38,0.6469761865234375
660.08,701.0,0.0,21.36,0.65820654296875
660.08,703.0,0.0,21.6,0.6801789794921876
660.08,705.0,0.0,43.46,0.7019072778320312
660.08,706.0,0.0,34.53,0.5014698291015626
660.08,708.0,0.0,46.48,0.5102588037109376
660.08,711.0,0.0,39.73,0.5356491748046875
660.08,720.0,0.0,58.3,0.6093789062500001
660.08,500.0,0.04,0.3,0.5644574804687501
660.08,505.0,0.04,0.31,0.55273884765625
660.08,510.0,0.04,0.33,0.5390671093750001
660.08,515.0,0.04,0.36,0.5268602001953125
660.08,520.0,0.04,0.37,0.5141650146484374
660.08,525.0,0.04,0.48,0.5019581054687501
660.08,530.0,0.04,0.43,0.4897511962890626
660.08,535.0,0.04,0.48,0.47730014892578126
660.08,540.0,0.04,0.59,0.4643608251953125
660.08,545.0,0.04,0.54,0.4519097778320313
660.08,550.0,0.04,0.67,0.43921459228515625
660.08,555.0,0.04,0.72,0.42578699218750005
660.08,560.0,0.04,0.81,0.41309180664062495
660.08,565.0,0.04,0.78,0.40039662109375
660.08,570.0,0.04,0.85,0.3880676428222656
660.08,575.0,0.04,0.88,0.37500625
660.08,580.0,0.04,1.11,0.3632876171875
660.08,585.0,0.04,1.24,0.35120277709960934
660.08,590.0,0.04,1.23,0.33924000610351557
660.08,595.0,0.04,1.34,0.32739930419921875
660.08,600.0,0.04,1.7,0.3161689477539062
660.08,605.0,0.04,1.95,0.30524376403808595
660.08,610.0,0.04,2.22,0.2942575457763671
660.08,615.0,0.04,2.54,0.28363753479003895
660.08,620.0,0.04,2.64,0.2732616619873046
660.08,625.0,0.04,3.53,0.263251996459961
660.08,630.0,0.04,4.04,0.2533033654785156
660.08,635.0,0.04,4.85,0.24341576904296874
660.08,640.0,0.04,5.71,0.23365024169921872
660.08,641.0,0.04,5.03,0.2316361016845703
660.08,642.0,0.04,5.17,0.2296524789428711
660.08,643.0,0.04,6.22,0.22772989074707028
660.08,644.0,0.04,6.45,0.22565471618652344
660.08,645.0,0.04,6.76,0.22361005889892577
660.08,646.0,0.04,5.83,0.22162643615722655
660.08,647.0,0.04,6.14,0.21945970977783202
660.08,648.0,0.04,7.43,0.2174760870361328
660.08,649.0,0.04,6.76,0.21537039520263673
660.08,650.0,0.04,8.03,0.21341728973388674
660.08,651.0,0.04,7.04,0.21131159790039059
660.08,652.0,0.04,8.56,0.20917538879394526
660.08,653.0,0.04,8.87,0.20722228332519527
660.08,654.0,0.04,9.12,0.20508607421874997
660.08,655.0,0.04,9.45,0.20307193420410152
660.08,656.0,0.04,9.45,0.2010272769165039
660.08,657.0,0.04,10.14,0.19879951599121093
660.08,658.0,0.04,10.39,0.19684641052246094
660.08,659.0,0.04,9.3,0.19464916687011719
660.08,660.0,0.04,11.22,0.1926045095825195
660.08,661.0,0.04,11.56,0.19046830047607421
660.08,662.0,0.04,12.14,0.18845416046142577
660.08,663.0,0.04,12.09,0.1863484686279297
660.08,664.0,0.04,12.85,0.18412070770263672
660.08,665.0,0.04,13.26,0.18201501586914062
660.08,666.0,0.04,13.67,0.17993984130859375
660.08,667.0,0.04,13.59,0.17777311492919923
660.08,668.0,0.04,14.57,0.17582000946044923
660.08,669.0,0.04,13.7,0.19617503051757812
660.08,670.0,0.04,16.03,0.17520966400146482
660.08,671.0,0.04,15.56,0.19245192321777344
660.08,672.0,0.04,14.5,0.1871724349975586
660.08,673.0,0.04,15.04,0.18888140228271483
660.08,674.0,0.04,17.37,0.187508125
660.08,675.0,0.04,18.8,0.17237155761718753
660.08,676.0,0.04,17.29,0.16254499572753905
660.08,677.0,0.04,16.63,0.18317467224121092
660.08,678.0,0.04,18.64,0.17026586578369146
660.08,679.0,0.04,21.02,0.18097742858886717
660.08,680.0,0.04,22.0,0.18006191040039063
660.08,681.0,0.04,22.5,0.17954311676025392
660.08,682.0,0.04,20.63,0.1803670831298828
660.08,683.0,0.04,22.23,0.18030604858398439
660.08,684.0,0.04,23.09,0.18021449676513673
660.08,685.0,0.04,26.15,0.1803670831298828
660.08,686.0,0.04,26.51,0.15027705200195315
660.08,687.0,0.04,25.56,0.14978877563476564
660.08,688.0,0.04,27.02,0.15259636474609378
660.08,689.0,0.04,28.13,0.1489342919921875
660.08,690.0,0.04,28.8,0.1485680847167969
660.08,691.0,0.04,26.5,0.18726398681640627
660.08,692.0,0.04,20.24,0.15265739929199224
660.08,693.0,0.04,28.19,0.19171950866699222
660.08,694.0,0.04,37.2,0.194343994140625
660.08,695.0,0.04,35.14,0.15320671020507814
660.08,696.0,0.04,32.81,0.20069158691406247
660.08,697.0,0.04,24.93,0.15589223022460938
660.08,698.0,0.04,25.24,0.2082598706054687
660.08,699.0,0.04,27.1,0.21204401245117185
660.08,700.0,0.04,40.0,0.16602396484375004
660.08,701.0,0.04,39.46,0.21949022705078125
660.08,702.0,0.04,33.65,0.22315229980468748
660.08,703.0,0.04,41.5,0.2268143725585937
660.08,704.0,0.04,40.98,0.2304764453125
660.08,705.0,0.04,41.41,0.23413851806640623
660.08,706.0,0.04,24.54,0.237739556274414
660.08,707.0,0.04,34.34,0.24134059448242187
660.08,708.0,0.04,21.9,0.24488059814453128
660.08,710.0,0.04,48.53,0.25196060546875
660.08,715.0,0.04,39.71,0.2694164855957031
660.08,720.0,0.04,48.99,0.28650615844726557
660.08,725.0,0.04,54.15,0.30322962402343745
660.08,730.0,0.04,46.96,0.31958688232421867
660.08,740.0,0.04,59.01,0.3515079498291015
660.08,750.0,0.04,67.52,0.38233039550781245
660.08,755.0,0.04,84.14,0.397466962890625
660.08,770.0,0.04,84.57,0.4412897668457031
660.08,400.0,0.12,0.33,0.594730615234375
660.08,405.0,0.12,0.22,0.585941640625
660.08,485.0,0.12,0.75,0.4456842541503906
660.08,490.0,0.12,0.73,0.4376276940917969
660.08,500.0,0.12,0.96,0.4200497448730469
660.08,515.0,0.12,1.15,0.3940490283203125
660.08,520.0,0.12,1.23,0.38623660644531244
660.08,525.0,0.12,1.31,0.3779969427490234
660.08,540.0,0.12,1.44,0.3540103662109374
660.08,545.0,0.12,1.56,0.3460758752441406
660.08,550.0,0.12,1.71,0.33838552246093745
660.08,555.0,0.12,2.19,0.3306951696777344
660.08,560.0,0.12,2.41,0.3233710241699218
660.08,565.0,0.12,2.07,0.315863775024414
660.08,570.0,0.12,2.69,0.3086311813354492
660.08,580.0,0.12,2.74,0.29431858032226554
660.08,585.0,0.12,3.52,0.28705546936035153
660.08,590.0,0.12,3.32,0.280158565673828
660.08,595.0,0.12,4.13,0.27304804107666014
660.08,600.0,0.12,4.85,0.26605958557128906
660.08,605.0,0.12,5.33,0.2592237164306641
660.08,610.0,0.12,5.64,0.25220474365234374
660.08,615.0,0.12,6.3,0.24546042633056642
660.08,620.0,0.12,7.25,0.23844145355224605
660.08,625.0,0.12,8.01,0.2316361016845703
660.08,630.0,0.12,8.84,0.22458661163330074
660.08,635.0,0.12,9.17,0.21755238021850587
660.08,640.0,0.12,10.42,0.21033504516601562
660.08,645.0,0.12,11.19,0.20313296874999998
660.08,650.0,0.12,13.6,0.19602244415283204
660.08,655.0,0.12,14.05,0.1887898504638672
660.08,656.0,0.12,15.09,0.1873555386352539
660.08,657.0,0.12,15.57,0.1859517440795898
660.08,658.0,0.12,15.92,0.18457846679687498
660.08,660.0,0.12,16.56,0.18161829132080076
660.08,664.0,0.12,17.15,0.17600311309814454
660.08,665.0,0.12,16.14,0.17456880126953128
660.08,666.0,0.12,15.7,0.17311923080444336
660.08,667.0,0.12,18.24,0.17176121215820314
660.08,668.0,0.12,18.78,0.17031164169311525
660.08,669.0,0.12,20.6,0.16895362304687503
660.08,670.0,0.12,19.34,0.1675803457641602
660.08,671.0,0.12,23.14,0.16620706848144534
660.08,672.0,0.12,19.67,0.16480327392578126
660.08,673.0,0.12,20.4,0.16352154846191408
660.08,674.0,0.12,20.97,0.1808401008605957
660.08,675.0,0.12,22.1,0.1803518244934082
660.08,676.0,0.12,22.58,0.17917690948486326
660.08,677.0,0.12,26.1,0.1771017349243164
660.08,678.0,0.12,19.86,0.17406526626586916
660.08,679.0,0.12,28.42,0.1757894921875
660.08,680.0,0.12,26.2,0.17188328125000002
660.08,681.0,0.12,28.41,0.17078465942382814
660.08,682.0,0.12,18.33,0.16979284805297856
660.08,683.0,0.12,25.3,0.1698996585083008
660.08,685.0,0.12,29.26,0.16666482757568363
660.08,686.0,0.12,29.2,0.16577982666015628
660.08,692.0,0.12,32.07,0.16312482391357425
660.08,701.0,0.12,32.13,0.1626060302734375
660.08,703.0,0.12,33.92,0.1632163757324219
660.08,704.0,0.12,41.5,0.16379620391845706
660.08,335.0,0.25,0.52,0.5896037133789063
660.08,340.0,0.25,0.54,0.5817912915039063
660.08,345.0,0.25,0.49,0.5742230078125
660.08,350.0,0.25,0.64,0.5668988623046876
660.08,355.0,0.25,0.67,0.5585981640625001
660.08,360.0,0.25,0.77,0.5510298803710938
660.08,365.0,0.25,0.79,0.5432174584960938
660.08,370.0,0.25,0.78,0.5356491748046875
660.08,375.0,0.25,0.86,0.5278367529296876
660.08,380.0,0.25,0.87,0.5202684692382812
660.08,385.0,0.25,0.92,0.5124560473632812
660.08,390.0,0.25,0.91,0.5051319018554687
660.08,395.0,0.25,0.97,0.49841810180664065
660.08,400.0,0.25,1.02,0.4904836108398438
660.08,405.0,0.25,1.04,0.4831594653320313
660.08,410.0,0.25,1.05,0.4758353198242187
660.08,415.0,0.25,1.3,0.4689994506835938
660.08,420.0,0.25,1.29,0.46130909790039065
660.08,425.0,0.25,1.23,0.4542290905761719
660.08,430.0,0.25,1.37,0.4470270141601562
660.08,435.0,0.25,1.32,0.43970286865234376
660.08,440.0,0.25,1.42,0.43286699951171875
660.08,445.0,0.25,1.46,0.42578699218750005
660.08,450.0,0.25,1.61,0.41864595031738283
660.08,455.0,0.25,1.61,0.41181008117675777
660.08,460.0,0.25,1.79,0.4048521429443359
660.08,465.0,0.25,1.84,0.39777213562011715
660.08,470.0,0.25,1.82,0.3909973010253906
660.08,475.0,0.25,2.04,0.38440557006835935
660.08,480.0,0.25,2.09,0.3776307354736328
660.08,485.0,0.25,2.26,0.37134417724609375
660.08,490.0,0.25,2.57,0.36463037719726565
660.08,495.0,0.25,2.6,0.3582827844238281
660.08,500.0,0.25,2.67,0.35205726074218746
660.08,505.0,0.25,2.73,0.34589277160644527
660.08,510.0,0.25,2.89,0.33978931701660153
660.08,515.0,0.25,2.96,0.3336858624267578
660.08,520.0,0.25,3.13,0.32758240783691406
660.08,525.0,0.25,3.31,0.32166205688476557
660.08,530.0,0.25,3.5,0.31592480957031244
660.08,535.0,0.25,3.73,0.3100654931640625
660.08,540.0,0.25,4.16,0.3043282458496094
660.08,545.0,0.25,4.49,0.29862151580810536
660.08,550.0,0.25,4.48,0.2929453030395507
660.08,555.0,0.25,4.78,0.28742167663574214
660.08,560.0,0.25,5.09,0.28186753295898437
660.08,565.0,0.25,5.49,0.2762218374633788
660.08,570.0,0.25,6.23,0.27075924560546877
660.08,575.0,0.25,6.47,0.2652966537475586
660.08,580.0,0.25,6.68,0.2599256137084961
660.08,585.0,0.25,7.13,0.2544477632141114
660.08,590.0,0.25,7.89,0.24898517135620118
660.08,595.0,0.25,8.21,0.24358361404418943
660.08,600.0,0.25,9.3,0.23810576354980467
660.08,605.0,0.25,9.44,0.23267368896484375
660.08,610.0,0.25,10.5,0.22718057983398435
660.08,615.0,0.25,10.88,0.2217485052490234
660.08,620.0,0.25,11.7,0.21620962020874018
660.08,625.0,0.25,13.22,0.21060970062255857
660.08,630.0,0.25,13.57,0.20505555694580074
660.08,635.0,0.25,14.58,0.19947089599609374
660.08,640.0,0.25,16.7,0.19377942459106445
660.08,645.0,0.25,17.89,0.188210022277832
660.08,650.0,0.25,19.6,0.1826101026916504
660.08,655.0,0.25,20.85,0.1770864762878418
660.08,660.0,0.25,23.15,0.17162388442993165
660.08,665.0,0.25,24.0,0.16619180984497073
660.08,670.0,0.25,27.09,0.1608207698059082
660.08,675.0,0.25,29.38,0.15555654022216797
660.08,680.0,0.25,31.79,0.15029231063842774
660.08,685.0,0.25,32.17,0.1583030947875977
660.08,690.0,0.25,34.51,0.1524742956542969
660.08,695.0,0.25,39.36,0.14949886154174807
660.08,700.0,0.25,44.37,0.14486023605346682
660.08,705.0,0.25,45.68,0.14399049377441403
660.08,710.0,0.25,49.59,0.14218997467041017
660.08,715.0,0.25,58.0,0.14087773193359376
660.08,720.0,0.25,57.04,0.14084721466064454
660.08,725.0,0.25,57.95,0.14380739013671873
660.08,730.0,0.25,57.08,0.1481103256225586
660.08,735.0,0.25,58.8,0.15396964202880858
660.08,740.0,0.25,60.2,0.16108016662597657
660.08,750.0,0.25,79.1,0.17414155944824222
660.08,760.0,0.25,97.37,1.0000000000000003e-05
660.08,780.0,0.25,102.0,0.2140581524658203
660.08,245.0,0.33,0.36,0.6948272705078126
660.08,250.0,0.33,0.42,0.6860382958984376
660.08,255.0,0.33,0.3,0.676761044921875
660.08,260.0,0.33,0.33,0.6674837939453127
660.08,265.0,0.33,0.28,0.6586948193359375
660.08,270.0,0.33,0.45,0.6511265356445313
660.08,275.0,0.33,0.39,0.6420934228515626
660.08,280.0,0.33,0.51,0.6342810009765626
660.08,285.0,0.33,0.4,0.6250037500000001
660.08,290.0,0.33,0.6,0.6174354663085939
660.08,295.0,0.33,0.41,0.6096230444335939
660.08,300.0,0.33,0.46,0.6015664843750002
660.08,305.0,0.33,0.66,0.5937540625000001
660.08,310.0,0.33,0.65,0.5856975024414062
660.08,315.0,0.33,0.64,0.5776409423828125
660.08,320.0,0.33,0.77,0.5695843823242188
660.08,325.0,0.33,0.58,0.5623823059082032
660.08,330.0,0.33,0.81,0.5551802294921876
660.08,335.0,0.33,0.8,0.5478560839843751
660.08,340.0,0.33,0.84,0.5405319384765627
660.08,345.0,0.33,0.99,0.5330857238769531
660.08,350.0,0.33,0.93,0.5256395092773438
660.08,355.0,0.33,0.99,0.5180712255859375
660.08,360.0,0.33,0.97,0.5112353564453125
660.08,365.0,0.33,1.16,0.5040332800292968
660.08,370.0,0.33,0.89,0.49695327270507816
660.08,375.0,0.33,1.17,0.48987326538085946
660.08,380.0,0.33,1.16,0.48340360351562506
660.08,385.0,0.33,1.33,0.4762015270996094
660.08,390.0,0.33,1.27,0.4694877270507813
660.08,395.0,0.33,1.36,0.4621635815429688
660.08,400.0,0.33,1.38,0.45532771240234376
660.08,405.0,0.33,1.44,0.44885805053710937
660.08,410.0,0.33,1.56,0.4419001123046875
660.08,415.0,0.33,1.71,0.43530838134765626
660.08,420.0,0.33,1.7,0.4285945812988281
660.08,425.0,0.33,1.65,0.4222469885253906
660.08,430.0,0.33,1.92,0.4154111193847656
660.08,435.0,0.33,1.91,0.4092466302490234
660.08,440.0,0.33,1.95,0.40259386474609377
660.08,445.0,0.33,1.71,0.39624627197265627
660.08,450.0,0.33,2.22,0.3900817828369141
660.08,455.0,0.33,1.95,0.38410039733886714
660.08,460.0,0.33,2.47,0.37805797729492185
660.08,465.0,0.33,2.41,0.37183245361328127
660.08,470.0,0.33,2.67,0.36606468902587885
660.08,475.0,0.33,2.71,0.3601138208007812
660.08,480.0,0.33,2.98,0.35431553894042955
660.08,485.0,0.33,3.05,0.34857829162597653
660.08,490.0,0.33,3.29,0.3429325961303711
660.08,495.0,0.33,3.73,0.3375310388183594
660.08,500.0,0.33,3.6,0.33197689514160156
660.08,505.0,0.33,4.25,0.32660585510253903
660.08,510.0,0.33,4.43,0.3212042977905273
660.08,515.0,0.33,4.12,0.3159858441162109
660.08,520.0,0.33,4.3,0.31070635589599604
660.08,525.0,0.33,4.8,0.3055184194946289
660.08,530.0,0.33,4.81,0.30026944854736326
660.08,535.0,0.33,5.1,0.2952035812377929
660.08,540.0,0.33,5.27,0.29004616210937495
660.08,545.0,0.33,5.42,0.2850260707092284
660.08,550.0,0.33,6.33,0.2799907206726074
660.08,555.0,0.33,6.41,0.27503166381835936
660.08,560.0,0.33,7.16,0.2701489001464844
660.08,565.0,0.33,7.62,0.2651745846557617
660.08,570.0,0.33,7.97,0.2602918209838867
660.08,575.0,0.33,8.15,0.2554090573120118
660.08,580.0,0.33,9.03,0.2506636213684082
660.08,585.0,0.33,9.73,0.2457198231506348
660.08,590.0,0.33,9.82,0.24097438720703124
660.08,595.0,0.33,10.18,0.236061106262207
660.08,600.0,0.33,11.8,0.23116308395385743
660.08,605.0,0.33,12.38,0.22632609619140626
660.08,610.0,0.33,13.08,0.22142807388305663
660.08,615.0,0.33,14.35,0.21642324111938477
660.08,620.0,0.33,15.12,0.21143366699218746
660.08,625.0,0.33,16.12,0.20642883422851557
660.08,630.0,0.33,17.35,0.20133244964599606
660.08,635.0,0.33,18.51,0.1962665823364258
660.08,640.0,0.33,20.0,0.1910939045715332
660.08,645.0,0.33,21.11,0.18596700271606442
660.08,650.0,0.33,22.69,0.1808782474517822
660.08,655.0,0.33,23.05,0.1757742335510254
660.08,660.0,0.33,25.68,0.17076177146911622
660.08,665.0,0.33,27.8,0.16571879211425783
660.08,670.0,0.33,29.63,0.1607444766235352
660.08,675.0,0.33,32.04,0.1557701611328125
660.08,680.0,0.33,34.57,0.1609886148071289
660.08,685.0,0.33,36.05,0.15734180068969728
660.08,690.0,0.33,36.6,0.15351188293457033
660.08,695.0,0.33,44.02,0.1490411024475098
660.08,700.0,0.33,46.37,0.14463135650634767
660.08,705.0,0.33,48.96,0.14153385330200197
660.08,710.0,0.33,49.01,0.13910773010253907
660.08,715.0,0.33,55.21,0.13672738281250002
660.08,720.0,0.33,59.87,0.13510996734619146
660.08,725.0,0.33,57.41,0.135048932800293
660.08,730.0,0.33,70.57,0.1349268637084961
660.08,735.0,0.33,69.38,0.13697152099609378
660.08,740.0,0.33,61.64,0.14130497375488282
660.08,745.0,0.33,73.0,0.14661497924804687
660.08,750.0,0.33,75.27,0.152626882019043
660.08,800.0,0.33,130.86,0.20822935333251946
660.08,810.0,0.33,123.09,0.21854419158935545
660.08,830.0,0.33,235.15,0.7014037428283693
660.08,840.0,0.33,240.24,1.0000000000000003e-05
660.08,845.0,0.33,185.89,1.0000000000000003e-05
660.08,850.0,0.33,191.25,1.0000000000000003e-05
660.08,435.0,0.44,2.8,0.3784852191162109
660.08,440.0,0.44,2.74,0.37293107543945314
660.08,445.0,0.44,2.84,0.36749900085449216
660.08,450.0,0.44,3.04,0.3619448571777344
660.08,460.0,0.44,2.92,0.3515079498291015
660.08,465.0,0.44,3.8,0.3462589788818359
660.08,470.0,0.44,3.98,0.34113207702636716
660.08,475.0,0.44,4.22,0.3360662097167969
660.08,480.0,0.44,4.38,0.3312139633178711
660.08,485.0,0.44,4.45,0.32617861328125
660.08,490.0,0.44,4.25,0.3213568841552734
660.08,495.0,0.44,3.31,0.31653515502929686
660.08,500.0,0.44,5.08,0.31168290863037107
660.08,505.0,0.44,4.2,0.3069832485961914
660.08,510.0,0.44,5.48,0.3023751403808594
660.08,515.0,0.44,6.02,0.2978585839843749
660.08,520.0,0.44,6.09,0.29325047576904284
660.08,525.0,0.44,6.07,0.2886881434631347
660.08,530.0,0.44,6.38,0.2841563284301757
660.08,535.0,0.44,6.8,0.2796397720336914
660.08,540.0,0.44,7.35,0.2752452847290039
660.08,545.0,0.44,5.42,0.27082028015136717
660.08,550.0,0.44,8.01,0.2664563101196289
660.08,555.0,0.44,8.65,0.26215337463378907
660.08,560.0,0.44,9.15,0.25785043914794925
660.08,565.0,0.44,9.74,0.25354750366210943
660.08,570.0,0.44,10.65,0.24922930953979489
660.08,575.0,0.44,10.46,0.2449721499633789
660.08,580.0,0.44,12.33,0.24071499038696287
660.08,585.0,0.44,12.4,0.23639679626464843
660.08,590.0,0.44,12.42,0.2321396366882324
660.08,595.0,0.44,14.68,0.22782144256591796
660.08,600.0,0.44,14.85,0.22345747253417966
660.08,605.0,0.44,15.44,0.2191392784118652
660.08,610.0,0.44,16.28,0.21469901519775392
660.08,612.0,0.44,13.73,0.21292901336669923
660.08,613.0,0.44,15.39,0.21201349517822266
660.08,614.0,0.44,12.55,0.21115901153564448
660.08,615.0,0.44,16.52,0.2102740106201172
660.08,616.0,0.44,14.7,0.20938138038635248
660.08,617.0,0.44,16.6,0.20847349151611322
660.08,618.0,0.44,19.26,0.20760374923706054
660.08,619.0,0.44,18.59,0.20665771377563474
660.08,620.0,0.44,18.05,0.20581848876953124
660.08,621.0,0.44,17.99,0.20490297058105467
660.08,622.0,0.44,13.98,0.20397219375610348
660.08,623.0,0.44,16.08,0.20307193420410152
660.08,624.0,0.44,14.03,0.20217167465209956
660.08,625.0,0.44,19.12,0.20124089782714843
660.08,626.0,0.44,18.6,0.2003558969116211
660.08,627.0,0.44,17.86,0.19945563735961913
660.08,628.0,0.44,15.75,0.19854011917114256
660.08,630.0,0.44,20.08,0.1967014534759521
660.08,631.0,0.44,15.72,0.1957783059692383
660.08,633.0,0.44,20.02,0.1939472695922852
660.08,635.0,0.44,20.82,0.19210097457885744
660.08,636.0,0.44,15.15,0.19120071502685548
660.08,637.0,0.44,15.84,0.19022416229248051
660.08,638.0,0.44,22.03,0.18933916137695314
660.08,639.0,0.44,21.12,0.1883778672790527
660.08,640.0,0.44,21.71,0.18746234909057619
660.08,641.0,0.44,16.25,0.18657734817504884
660.08,642.0,0.44,16.57,0.18566182998657227
660.08,643.0,0.44,20.12,0.18473105316162108
660.08,644.0,0.44,16.7,0.18377738838195798
660.08,645.0,0.44,23.38,0.1828542408752441
660.08,646.0,0.44,23.84,0.18191583473205566
660.08,647.0,0.44,24.05,0.1810079458618164
660.08,648.0,0.44,23.76,0.18007716903686521
660.08,649.0,0.44,22.43,0.17917690948486326
660.08,650.0,0.44,25.2,0.17825376197814943
660.08,651.0,0.44,25.37,0.17736113174438478
660.08,652.0,0.44,25.47,0.1764456135559082
660.08,653.0,0.44,25.78,0.1754995780944824
660.08,654.0,0.44,27.61,0.1745916892242432
660.08,655.0,0.44,26.37,0.17371431762695314
660.08,656.0,0.44,27.93,0.1727987994384766
660.08,657.0,0.44,27.25,0.1718680226135254
660.08,658.0,0.44,27.36,0.17096776306152345
660.08,659.0,0.44,29.33,0.170029356918335
660.08,660.0,0.44,28.13,0.16912146804809575
660.08,661.0,0.44,28.68,0.16819069122314456
660.08,662.0,0.44,28.68,0.1672904316711426
660.08,663.0,0.44,29.6,0.16640543075561526
660.08,664.0,0.44,29.31,0.165497541885376
660.08,665.0,0.44,29.82,0.1645591357421875
660.08,666.0,0.44,30.85,0.16364361755371098
660.08,667.0,0.44,31.01,0.16275861663818358
660.08,668.0,0.44,30.96,0.1618354691314697
660.08,669.0,0.44,31.31,0.1609428388977051
660.08,670.0,0.44,31.81,0.16007309661865232
660.08,671.0,0.44,32.23,0.1591652077484131
660.08,672.0,0.44,32.5,0.15822680160522462
660.08,673.0,0.44,32.93,0.15731128341674805
660.08,674.0,0.44,33.91,0.1564110238647461
660.08,675.0,0.44,36.5,0.1554878763580322
660.08,676.0,0.44,37.37,0.154579987487793
660.08,677.0,0.44,34.46,0.15369498657226563
660.08,678.0,0.44,38.63,0.15282524429321293
660.08,679.0,0.44,35.2,0.15192498474121097
660.08,680.0,0.44,35.86,0.15098657859802253
660.08,681.0,0.44,36.32,0.15912706115722658
660.08,682.0,0.44,36.75,0.1581962843322754
660.08,683.0,0.44,36.98,0.15818102569580078
660.08,684.0,0.44,33.31,0.1568916709136963
660.08,685.0,0.44,39.39,0.15520559158325198
660.08,686.0,0.44,34.12,0.15430533203125002
660.08,687.0,0.44,39.31,0.1547478324890137
660.08,688.0,0.44,34.46,0.15347373634338382
660.08,689.0,0.44,34.11,0.15306938247680668
660.08,690.0,0.44,43.81,0.15182580360412598
660.08,691.0,0.44,34.56,0.15097894927978522
660.08,692.0,0.44,36.34,0.15020075881958012
660.08,693.0,0.44,36.03,0.14975825836181644
660.08,694.0,0.44,37.08,0.14797299789428714
660.08,695.0,0.44,37.97,0.14814084289550783
660.08,696.0,0.44,36.91,0.1463708410644531
660.08,697.0,0.44,39.59,0.14563842651367187
660.08,698.0,0.44,37.74,0.14576049560546872
660.08,699.0,0.44,38.26,0.1443567010498047
660.08,700.0,0.44,46.9,0.1438836833190918
660.08,701.0,0.44,34.29,0.1422967851257324
660.08,702.0,0.44,34.9,0.14214419876098633
660.08,704.0,0.44,41.82,0.14040471420288086
660.08,705.0,0.44,50.18,0.1394205321502686
660.08,707.0,0.44,51.17,0.13793281509399413
660.08,710.0,0.44,55.54,0.1360407441711426
660.08,711.0,0.44,40.42,0.13547617462158207
660.08,715.0,0.44,57.02,0.13428600097656251
660.08,720.0,0.44,66.42,0.13114272186279297
660.08,725.0,0.44,48.26,0.12931168548583982
660.08,730.0,0.44,74.17,0.12717547637939453
660.08,740.0,0.44,68.0,0.1279078909301758
660.08,745.0,0.44,63.18,0.12937272003173828
660.08,750.0,0.44,76.0,0.1323023782348633
660.08,810.0,0.44,134.0,0.18921709228515626
660.08,245.0,0.57,0.79,0.5827678442382812
660.08,250.0,0.57,0.76,0.5754436987304687
660.08,255.0,0.57,0.89,0.5681195532226562
660.08,260.0,0.57,0.84,0.5612836840820312
660.08,265.0,0.57,0.89,0.5539595385742189
660.08,270.0,0.57,0.72,0.547001600341797
660.08,275.0,0.57,1.01,0.5400436621093752
660.08,280.0,0.57,1.07,0.5334519311523438
660.08,285.0,0.57,1.15,0.5267381311035157
660.08,290.0,0.57,1.18,0.5200243310546875
660.08,295.0,0.57,1.28,0.5133105310058592
660.08,300.0,0.57,1.3,0.5070850073242188
660.08,305.0,0.57,1.29,0.5003712072753908
660.08,310.0,0.57,1.41,0.4946339599609375
660.08,315.0,0.57,1.45,0.4883474017333985
660.08,320.0,0.57,1.4,0.481999808959961
660.08,325.0,0.57,1.58,0.4760794580078125
660.08,330.0,0.57,1.66,0.46973186523437505
660.08,335.0,0.57,1.73,0.46368944519042965
660.08,340.0,0.57,1.7,0.4576470251464845
660.08,345.0,0.57,1.75,0.4516046051025391
660.08,350.0,0.57,1.88,0.4454401159667969
660.08,355.0,0.57,1.85,0.43970286865234376
660.08,360.0,0.57,2.03,0.4339045867919922
660.08,365.0,0.57,1.9,0.42804527038574225
660.08,370.0,0.57,2.32,0.42249112670898437
660.08,375.0,0.57,2.41,0.4165097412109374
660.08,380.0,0.57,2.22,0.41119973571777346
660.08,385.0,0.57,2.46,0.40546248840332033
660.08,390.0,0.57,2.53,0.399969379272461
660.08,395.0,0.57,2.27,0.39441523559570313
660.08,400.0,0.57,2.84,0.38910523010253906
660.08,405.0,0.57,2.28,0.3836731555175781
660.08,410.0,0.57,3.16,0.3784852191162109
660.08,415.0,0.57,3.27,0.3734193518066406
660.08,420.0,0.57,3.26,0.36829244995117194
660.08,425.0,0.57,3.29,0.3632876171875
660.08,430.0,0.57,3.4,0.3581912326049804
660.08,435.0,0.57,2.9,0.3534305380249023
660.08,440.0,0.57,3.8,0.3485477743530273
660.08,445.0,0.57,3.82,0.3437870797729492
660.08,450.0,0.57,4.23,0.3390569024658203
660.08,455.0,0.57,3.88,0.334418276977539
660.08,460.0,0.57,4.34,0.3296575823974609
660.08,465.0,0.57,4.54,0.32529361236572263
660.08,470.0,0.57,4.77,0.320746538696289
660.08,475.0,0.57,5.13,0.3162604995727538
660.08,480.0,0.57,5.25,0.31189652954101554
660.08,485.0,0.57,5.48,0.3075630767822265
660.08,490.0,0.57,5.73,0.30332117584228513
660.08,495.0,0.57,6.61,0.2990640162658691
660.08,500.0,0.57,6.6,0.29489840850830074
660.08,505.0,0.57,7.38,0.2907938352966308
660.08,510.0,0.57,7.08,0.2867502966308593
660.08,515.0,0.57,8.05,0.2826304647827148
660.08,520.0,0.57,7.83,0.27866321929931637
660.08,525.0,0.57,8.05,0.27458916336059574
660.08,530.0,0.57,9.02,0.2707287283325196
660.08,535.0,0.57,8.89,0.26674622421264654
660.08,540.0,0.57,9.34,0.26285527191162117
660.08,545.0,0.57,9.79,0.258994836883545
660.08,550.0,0.57,10.54,0.2551801777648926
660.08,555.0,0.57,10.79,0.2513807772827148
660.08,560.0,0.57,11.67,0.2475813768005371
660.08,565.0,0.57,12.24,0.2437667176818848
660.08,570.0,0.57,12.71,0.2399978344726562
660.08,575.0,0.57,13.26,0.23619843399047852
660.08,580.0,0.57,14.45,0.23233799896240231
660.08,585.0,0.57,14.76,0.22847756393432617
660.08,590.0,0.57,16.24,0.22467816345214842
660.08,595.0,0.57,16.27,0.22077195251464843
660.08,600.0,0.57,18.21,0.21688862953186036
660.08,605.0,0.57,18.44,0.21293664268493653
660.08,610.0,0.57,19.35,0.20890073333740228
660.08,615.0,0.57,20.03,0.20489534126281736
660.08,620.0,0.57,22.22,0.20082128532409665
660.08,625.0,0.57,22.25,0.19672434143066403
660.08,630.0,0.57,23.91,0.19258162162780762
660.08,635.0,0.57,24.4,0.18836260864257812
660.08,640.0,0.57,25.5,0.18415885429382325
660.08,645.0,0.57,26.81,0.17993221199035644
660.08,650.0,0.57,30.26,0.17569794036865233
660.08,655.0,0.57,30.16,0.1714865567016602
660.08,660.0,0.57,33.0,0.16730569030761722
660.08,665.0,0.57,35.36,0.1630637893676758
660.08,670.0,0.57,37.21,0.15887529365539552
660.08,675.0,0.57,38.35,0.15464865135192876
660.08,680.0,0.57,41.66,0.15044489700317387
660.08,685.0,0.57,44.43,0.146218254699707
660.08,690.0,0.57,43.75,0.14968196517944338
660.08,695.0,0.57,46.33,0.14642424629211423
660.08,700.0,0.57,49.04,0.14252566467285155
660.08,705.0,0.57,46.92,0.13768867691040043
660.08,710.0,0.57,48.88,0.13382824188232423
660.08,715.0,0.57,62.12,0.130242462310791
660.08,720.0,0.57,63.42,0.1267787518310547
660.08,725.0,0.57,66.08,0.12645832046508787
660.08,730.0,0.57,75.83,0.12389486953735351
660.08,735.0,0.57,71.34,0.12180443634033203
660.08,740.0,0.57,81.1,0.11977503768920897
660.08,745.0,0.57,73.36,1.0000000000000003e-05
660.08,750.0,0.57,90.71,0.12026331405639648
660.08,755.0,0.57,91.38,0.12281150634765625
660.08,760.0,0.57,96.2,0.12555806091308597
660.08,765.0,0.57,194.84,0.5914118618011475
660.08,785.0,0.57,120.05,1.0000000000000003e-05
660.08,790.0,0.57,118.35,0.1505211901855469
660.08,800.0,0.57,136.0,0.15854723297119144
660.08,820.0,0.57,170.13,0.23986050674438475
660.08,840.0,0.57,171.64,1.0000000000000003e-05
660.08,845.0,0.57,274.94,0.6957885646057129
660.08,850.0,0.57,175.62,1.0000000000000003e-05
660.08,860.0,0.57,269.78,0.524693473815918
660.08,865.0,0.57,193.6,0.2066119378662109
660.08,870.0,0.57,198.55,0.21006038970947266
660.08,300.0,0.83,1.88,0.4514215014648438
660.08,305.0,0.83,1.84,0.4459283923339844
660.08,310.0,0.83,1.93,0.4407404559326171
660.08,315.0,0.83,1.78,0.4351863122558594
660.08,320.0,0.83,2.19,0.4298763067626954
660.08,325.0,0.83,2.06,0.42456630126953127
660.08,330.0,0.83,2.27,0.41925629577636714
660.08,335.0,0.83,2.59,0.4141904284667969
660.08,340.0,0.83,2.52,0.40906352661132805
660.08,345.0,0.83,2.6,0.403875590209961
660.08,350.0,0.83,2.88,0.39893179199218753
660.08,355.0,0.83,2.45,0.3939269592285156
660.08,360.0,0.83,2.92,0.3891662646484375
660.08,365.0,0.83,2.78,0.3843140182495117
660.08,370.0,0.83,3.15,0.3794312545776367
660.08,375.0,0.83,3.48,0.37470107727050783
660.08,380.0,0.83,3.42,0.370123486328125
660.08,385.0,0.83,3.02,0.365515378112793
660.08,390.0,0.83,3.59,0.3609988217163086
660.08,395.0,0.83,3.43,0.35645174804687496
660.08,400.0,0.83,3.98,0.351996226196289
660.08,405.0,0.83,3.92,0.34766277343749996
660.08,410.0,0.83,4.66,0.3434208724975586
660.08,415.0,0.83,3.61,0.33908741973876955
660.08,420.0,0.83,4.66,0.3349981051635742
660.08,425.0,0.83,5.09,0.33078672149658206
660.08,430.0,0.83,5.33,0.3268194760131836
660.08,435.0,0.83,5.77,0.3227454200744628
660.08,440.0,0.83,5.5,0.3188544677734374
660.08,445.0,0.83,4.79,0.3148414463806152
660.08,450.0,0.83,6.36,0.3109962699890136
660.08,455.0,0.83,6.86,0.30716635223388666
660.08,460.0,0.83,6.63,0.30344324493408203
660.08,465.0,0.83,6.14,0.2996285858154296
660.08,470.0,0.83,6.31,0.29599703033447267
660.08,475.0,0.83,6.68,0.2923654748535155
660.08,480.0,0.83,8.47,0.2887034020996093
660.08,485.0,0.83,8.02,0.2851328811645507
660.08,490.0,0.83,8.44,0.28159287750244133
660.08,495.0,0.83,7.56,0.2781139083862304
660.08,500.0,0.83,9.19,0.27468071517944337
660.08,505.0,0.83,9.65,0.27126278060913084
660.08,510.0,0.83,10.0,0.267860104675293
660.08,515.0,0.83,11.0,0.2644726873779296
660.08,520.0,0.83,12.04,0.26116156326293943
660.08,525.0,0.83,12.02,0.25783518051147464
660.08,530.0,0.83,12.28,0.2545698323059083
660.08,535.0,0.83,13.68,0.2512739668273925
660.08,540.0,0.83,14.33,0.24808491180419923
660.08,545.0,0.83,13.88,0.24484245155334475
660.08,550.0,0.83,14.93,0.24161524993896483
660.08,555.0,0.83,15.02,0.23839567764282227
660.08,560.0,0.83,16.74,0.23517610534667968
660.08,565.0,0.83,16.46,0.23198705032348632
660.08,570.0,0.83,17.8,0.22878273666381838
660.08,575.0,0.83,18.04,0.22554027641296384
660.08,580.0,0.83,19.2,0.22225204025268552
660.08,585.0,0.83,21.5,0.21903246795654296
660.08,590.0,0.83,22.16,0.2156908265686035
660.08,595.0,0.83,21.95,0.21239496109008787
660.08,600.0,0.83,22.68,0.20906094902038572
660.08,605.0,0.83,25.25,0.20564301445007324
660.08,610.0,0.83,25.31,0.20223270919799802
660.08,615.0,0.83,28.31,0.19879951599121093
660.08,620.0,0.83,27.61,0.1953052882385254
660.08,625.0,0.83,28.13,0.19171950866699222
660.08,630.0,0.83,29.95,0.18813372909545895
660.08,635.0,0.83,30.35,0.18452506156921386
660.08,640.0,0.83,33.0,0.18092402336120603
660.08,645.0,0.83,33.38,0.1772695799255371
660.08,650.0,0.83,34.67,0.17358461921691895
660.08,655.0,0.83,36.32,0.16984625328063965
660.08,660.0,0.83,37.89,0.16613077529907233
660.08,665.0,0.83,40.12,0.16235426277160644
660.08,670.0,0.83,41.94,0.15859300888061523
660.08,675.0,0.83,43.86,0.1547707204437256
660.08,680.0,0.83,46.48,0.15098657859802253
660.08,685.0,0.83,47.97,0.14713377288818358
660.08,690.0,0.83,50.09,0.14321230331420898
660.08,695.0,0.83,52.62,0.13933660964965822
660.08,700.0,0.83,55.11,0.1437234676361084
660.08,705.0,0.83,54.54,0.14013005874633788
660.08,710.0,0.83,56.97,0.13659005508422856
660.08,715.0,0.83,59.11,0.13319500846862792
660.08,720.0,0.83,66.12,0.1299372895812988
660.08,725.0,0.83,69.4,0.12683978637695312
660.08,730.0,0.83,72.35,0.12397116271972657
660.08,735.0,0.83,67.98,0.12131615997314452
660.08,740.0,0.83,80.0,0.11887477813720701
660.08,745.0,0.83,85.74,0.11682249153137206
660.08,750.0,0.83,90.78,0.11512115356445313
660.08,755.0,0.83,92.68,0.11403779037475587
660.08,760.0,0.83,83.69,0.11350373809814451
660.08,765.0,0.83,83.24,0.11408356628417969
660.08,775.0,0.83,91.05,0.11811184631347656
660.08,780.0,0.83,111.15,1.0000000000000003e-05
660.08,800.0,0.83,112.9,0.13596445098876953
660.08,840.0,0.83,190.24,0.21828479476928708
660.08,850.0,0.83,181.15,1.0000000000000003e-05
660.08,150.0,1.07,0.51,0.5944864770507813
660.08,200.0,1.07,0.93,0.5252733020019531
660.08,210.0,1.07,1.08,0.5131884619140624
660.08,220.0,1.07,1.24,0.5008594836425782
660.08,230.0,1.07,1.41,0.4896291271972657
660.08,240.0,1.07,1.43,0.47827670166015623
660.08,245.0,1.07,1.39,0.47247841979980465
660.08,250.0,1.07,1.66,0.46716841430664063
660.08,255.0,1.07,1.64,0.46143116699218756
660.08,260.0,1.07,1.53,0.45606012695312503
660.08,265.0,1.07,1.47,0.4510552941894531
660.08,270.0,1.07,1.62,0.44556218505859374
660.08,275.0,1.07,1.88,0.4404963177490234
660.08,280.0,1.07,2.03,0.4353694158935547
660.08,285.0,1.07,1.74,0.4304866522216797
660.08,290.0,1.07,2.23,0.42529871582031253
660.08,295.0,1.07,2.31,0.4204159521484375
660.08,300.0,1.07,2.6,0.41571629211425776
660.08,305.0,1.07,2.65,0.41071145935058595
660.08,310.0,1.07,2.58,0.40598128204345707
660.08,315.0,1.07,2.68,0.4011900701904296
660.08,320.0,1.07,2.65,0.3966124792480469
660.08,325.0,1.07,3.05,0.39197385375976557
660.08,330.0,1.07,2.86,0.38733522827148437
660.08,335.0,1.07,3.06,0.3828491891479492
660.08,340.0,1.07,3.36,0.3783326327514648
660.08,345.0,1.07,3.33,0.3739686627197265
660.08,350.0,1.07,3.6,0.369574175415039
660.08,355.0,1.07,3.21,0.3653017572021484
660.08,360.0,1.07,4.14,0.36096830444335937
660.08,365.0,1.07,4.3,0.35678743804931634
660.08,370.0,1.07,4.5,0.3526981234741211
660.08,375.0,1.07,3.77,0.34857829162597653
660.08,380.0,1.07,4.2,0.34455001159667964
660.08,385.0,1.07,4.82,0.34058276611328125
660.08,390.0,1.07,4.95,0.33673758972167966
660.08,395.0,1.07,5.28,0.33280086151123045
660.08,400.0,1.07,5.33,0.3290777542114257
660.08,405.0,1.07,5.83,0.3252630950927734
660.08,410.0,1.07,5.75,0.32150947052001955
660.08,415.0,1.07,6.4,0.31793894958496094
660.08,420.0,1.07,6.45,0.31427687683105465
660.08,425.0,1.07,6.92,0.3107521318054199
660.08,430.0,1.07,6.68,0.30715109359741205
660.08,435.0,1.07,6.85,0.3036721244812011
660.08,440.0,1.07,7.29,0.3002084140014648
660.08,445.0,1.07,8.01,0.2967599621582031
660.08,450.0,1.07,8.03,0.29340306213378897
660.08,455.0,1.07,8.0,0.29013771392822263
660.08,460.0,1.07,9.15,0.2868723657226562
660.08,465.0,1.07,9.02,0.28357650024414055
660.08,470.0,1.07,9.52,0.2803416693115234
660.08,475.0,1.07,10.03,0.2771678729248046
660.08,480.0,1.07,11.05,0.2740551110839844
660.08,485.0,1.07,10.46,0.2708813146972656
660.08,490.0,1.07,11.2,0.26782958740234375
660.08,495.0,1.07,10.62,0.2647244548797607
660.08,500.0,1.07,12.25,0.2617108741760254
660.08,505.0,1.07,13.34,0.25870492279052737
660.08,510.0,1.07,13.16,0.25571423004150395
660.08,515.0,1.07,14.83,0.25270827865600587
660.08,520.0,1.07,14.43,0.24976336181640624
660.08,525.0,1.07,14.98,0.24680318634033205
660.08,530.0,1.07,15.96,0.24388878677368164
660.08,535.0,1.07,15.79,0.24099727516174316
660.08,540.0,1.07,17.5,0.2381286515045166
660.08,545.0,1.07,17.14,0.2352218812561035
660.08,550.0,1.07,18.44,0.2323227403259277
660.08,555.0,1.07,20.0,0.22948463394165042
660.08,560.0,1.07,19.75,0.22658549301147457
660.08,565.0,1.07,20.58,0.22373212799072262
660.08,570.0,1.07,21.44,0.22084824569702144
660.08,575.0,1.07,22.33,0.21790332885742186
660.08,580.0,1.07,24.1,0.21501181724548338
660.08,585.0,1.07,24.95,0.21204401245117185
660.08,590.0,1.07,24.84,0.20912198356628414
660.08,595.0,1.07,26.09,0.20610840286254878
660.08,600.0,1.07,27.34,0.20311771011352536
660.08,605.0,1.07,28.77,0.2000659828186035
660.08,610.0,1.07,29.34,0.1969913675689697
660.08,615.0,1.07,30.48,0.19387860572814944
660.08,620.0,1.07,31.65,0.1907582145690918
660.08,625.0,1.07,33.67,0.18758441818237304
660.08,630.0,1.07,34.9,0.18438773384094237
660.08,635.0,1.07,36.46,0.18115290290832517
660.08,640.0,1.07,37.5,0.177918071975708
660.08,645.0,1.07,40.39,0.17469087036132813
660.08,650.0,1.07,41.4,0.1714026342010498
660.08,655.0,1.07,42.08,0.16813728599548342
660.08,660.0,1.07,42.8,0.16477275665283203
660.08,665.0,1.07,44.77,0.16144637390136718
660.08,670.0,1.07,46.6,0.15806658592224124
660.08,675.0,1.07,48.43,0.15468679794311524
660.08,680.0,1.07,50.7,0.15125360473632815
660.08,685.0,1.07,54.75,0.14782041152954106
660.08,690.0,1.07,57.4,0.14432618377685547
660.08,695.0,1.07,50.92,0.14078618011474608
660.08,700.0,1.07,59.14,0.13726143508911137
660.08,705.0,1.07,61.59,0.13364513824462892
660.08,710.0,1.07,65.24,0.1376581596374512
660.08,715.0,1.07,69.93,0.13430125961303713
660.08,720.0,1.07,72.48,0.13104354072570798
660.08,725.0,1.07,76.76,0.12786974433898926
660.08,730.0,1.07,77.13,0.12477987045288086
660.08,735.0,1.07,80.79,0.12181969497680664
660.08,740.0,1.07,83.69,0.1190121058654785
660.08,745.0,1.07,75.15,0.11634184448242188
660.08,750.0,1.07,89.99,0.11394623855590821
660.08,755.0,1.07,88.7,0.1116727017211914
660.08,760.0,1.07,99.23,0.10993321716308593
660.08,765.0,1.07,96.7,0.10852942260742188
660.08,770.0,1.07,98.8,0.10769019760131837
660.08,775.0,1.07,256.98,0.6057015748596193
660.08,780.0,1.07,103.64,0.10859045715332032
660.08,785.0,1.07,103.18,0.11026890716552734
660.08,800.0,1.07,115.5,0.11942408905029298
660.08,805.0,1.07,133.17,0.122353747253418
660.08,810.0,1.07,138.18,0.12526814682006837
660.08,820.0,1.07,226.06,0.43077656631469735
660.08,835.0,1.07,189.88,0.10755286987304688
660.08,840.0,1.07,252.26,0.47031169342041024
660.08,855.0,1.07,287.08,0.505566772994995
660.08,860.0,1.07,176.56,0.15271843383789066
660.08,870.0,1.07,180.77,0.15787585296630857
660.08,875.0,1.07,297.0,0.48067230758666996
660.08,900.0,1.07,221.5,0.1726767303466797
660.08,910.0,1.07,252.32,1.0000000000000003e-05
660.08,925.0,1.07,253.05,0.18451743225097655
660.08,930.0,1.07,259.93,0.1868367449951172
660.08,935.0,1.07,264.83,0.18912554046630858
660.08,50.0,1.15,0.06,0.81445498046875
660.08,55.0,1.15,0.07,0.7929708203125
660.08,70.0,1.15,0.1,0.745119736328125
660.08,80.0,1.15,0.14,0.71679970703125
660.08,90.0,1.15,0.17,0.692385888671875
660.08,95.0,1.15,0.17,0.6801789794921876
660.08,100.0,1.15,0.25,0.6679720703125002
660.08,105.0,1.15,0.23,0.659183095703125
660.08,125.0,1.15,0.34,0.6203651245117189
660.08,150.0,1.15,0.58,0.5810588769531251
660.08,195.0,1.15,1.01,0.5189257092285156
660.08,200.0,1.15,1.01,0.512578116455078
660.08,205.0,1.15,1.05,0.5064746618652343
660.08,210.0,1.15,1.0,0.5003712072753908
660.08,215.0,1.15,1.03,0.4953663745117188
660.08,220.0,1.15,1.04,0.4891408508300782
660.08,225.0,1.15,1.45,0.47241738525390625
660.08,230.0,1.15,1.12,0.4777884252929688
660.08,235.0,1.15,1.43,0.4725394543457031
660.08,240.0,1.15,1.35,0.46680220703125
660.08,245.0,1.15,1.49,0.45752495605468757
660.08,250.0,1.15,1.68,0.45532771240234376
660.08,255.0,1.15,1.63,0.45075012145996096
660.08,260.0,1.15,1.94,0.44574528869628904
660.08,265.0,1.15,1.8,0.44067942138671873
660.08,270.0,1.15,2.11,0.43555251953125
660.08,275.0,1.15,2.17,0.4304256176757813
660.08,280.0,1.15,2.0,0.4256038885498047
660.08,285.0,1.15,2.45,0.4207211248779297
660.08,290.0,1.15,2.21,0.41583836120605466
660.08,295.0,1.15,2.44,0.411138701171875
660.08,300.0,1.15,2.63,0.40643904113769536
660.08,305.0,1.15,2.42,0.4017393811035156
660.08,310.0,1.15,2.71,0.39719230743408207
660.08,315.0,1.15,2.64,0.39264523376464844
660.08,320.0,1.15,3.18,0.3880066082763671
660.08,325.0,1.15,3.01,0.3836121209716796
660.08,330.0,1.15,3.31,0.37915659912109373
660.08,335.0,1.15,3.44,0.3746400427246094
660.08,340.0,1.15,3.59,0.3704896936035156
660.08,345.0,1.15,3.44,0.3660952062988281
660.08,350.0,1.15,3.91,0.3618533053588867
660.08,355.0,1.15,4.05,0.35776399078369137
660.08,360.0,1.15,4.15,0.35358312438964834
660.08,365.0,1.15,4.33,0.3497074307250976
660.08,370.0,1.15,3.79,0.3455875988769531
660.08,375.0,1.15,4.53,0.3417424224853516
660.08,380.0,1.15,5.07,0.3378362115478516
660.08,385.0,1.15,4.17,0.33399103515625
660.08,390.0,1.15,4.47,0.3302374105834961
660.08,395.0,1.15,5.86,0.32651430328369135
660.08,400.0,1.15,5.8,0.3228827478027343
660.08,405.0,1.15,5.57,0.3192969682312011
660.08,410.0,1.15,6.63,0.3156196368408203
660.08,415.0,1.15,5.35,0.31211015045166013
660.08,420.0,1.15,6.81,0.3086311813354492
660.08,425.0,1.15,6.89,0.3051827294921875
660.08,430.0,1.15,7.13,0.3018563467407227
660.08,435.0,1.15,7.09,0.2984384121704101
660.08,440.0,1.15,8.2,0.29514254669189455
660.08,445.0,1.15,7.46,0.2919229743957518
660.08,450.0,1.15,8.65,0.28861185028076164
660.08,455.0,1.15,7.52,0.2854685711669921
660.08,460.0,1.15,9.13,0.28231003341674804
660.08,465.0,1.15,10.29,0.27913623703002927
660.08,470.0,1.15,9.89,0.27602347518920894
660.08,475.0,1.15,10.81,0.27295648925781246
660.08,480.0,1.15,10.65,0.2699352792358398
660.08,485.0,1.15,11.52,0.2669293278503418
660.08,490.0,1.15,12.05,0.2639691523742676
660.08,495.0,1.15,12.59,0.2609632009887696
660.08,500.0,1.15,13.19,0.2580335427856446
660.08,505.0,1.15,12.56,0.25517254844665527
660.08,510.0,1.15,14.85,0.25225051956176753
660.08,515.0,1.15,14.8,0.2493971545410156
660.08,520.0,1.15,15.17,0.24652090156555176
660.08,525.0,1.15,16.46,0.24369042449951173
660.08,530.0,1.15,13.56,0.24084468879699705
660.08,535.0,1.15,17.38,0.2380294703674316
660.08,540.0,1.15,17.5,0.2352218812561035
660.08,545.0,1.15,16.81,0.2324448094177246
660.08,550.0,1.15,18.92,0.22966773757934572
660.08,555.0,1.15,19.75,0.22689066574096678
660.08,560.0,1.15,20.6,0.224067817993164
660.08,565.0,1.15,21.21,0.22127548751831055
660.08,570.0,1.15,22.43,0.21846789840698239
660.08,575.0,1.15,24.63,0.2156450506591797
660.08,580.0,1.15,24.13,0.21282983222961424
660.08,585.0,1.15,24.51,0.2099840965270996
660.08,590.0,1.15,24.76,0.20710021423339842
660.08,595.0,1.15,27.25,0.20420870262145993
660.08,600.0,1.15,29.43,0.20130956169128417
660.08,605.0,1.15,29.89,0.1983951621246338
660.08,610.0,1.15,31.06,0.19541209869384768
660.08,615.0,1.15,32.17,0.19243666458129882
660.08,620.0,1.15,35.11,0.18938493728637695
660.08,625.0,1.15,34.46,0.18631795135498047
660.08,630.0,1.15,36.24,0.18323570678710935
660.08,635.0,1.15,37.54,0.1801610915374756
660.08,640.0,1.15,38.91,0.17704832969665527
660.08,645.0,1.15,39.84,0.17392030921936039
660.08,650.0,1.15,41.29,0.17076940078735353
660.08,655.0,1.15,45.75,0.1676184923553467
660.08,660.0,1.15,44.71,0.1644523252868652
660.08,665.0,1.15,46.3,0.16122512367248534
660.08,670.0,1.15,49.78,0.15798266342163086
660.08,675.0,1.15,50.3,0.15472494453430177
660.08,680.0,1.15,52.17,0.15145959632873537
660.08,685.0,1.15,55.0,0.14814847221374514
660.08,690.0,1.15,60.4,0.14482208946228028
660.08,695.0,1.15,57.2,0.1414423014831543
660.08,700.0,1.15,61.7,0.13806251350402832
660.08,705.0,1.15,65.85,0.13461406166076664
660.08,710.0,1.15,66.02,0.1377191941833496
660.08,715.0,1.15,71.28,0.1344538459777832
660.08,720.0,1.15,75.16,0.13121901504516603
660.08,725.0,1.15,75.41,0.12804521865844726
660.08,730.0,1.15,80.05,0.12495534477233886
660.08,735.0,1.15,84.55,0.12195702270507813
660.08,740.0,1.15,83.98,0.11911128700256346
660.08,745.0,1.15,73.24,0.11638762039184572
660.08,750.0,1.15,90.97,0.11385468673706053
660.08,755.0,1.15,89.57,0.11148196876525879
660.08,760.0,1.15,86.69,0.10942968215942384
660.08,765.0,1.15,88.55,0.10770545623779298
660.08,770.0,1.15,90.23,0.10650002395629884
660.08,780.0,1.15,107.63,0.10622536849975586
660.08,785.0,1.15,104.2,0.10721717987060547
660.08,790.0,1.15,119.19,1.0000000000000003e-05
660.08,795.0,1.15,152.27,0.08527526062011721
660.08,800.0,1.15,113.98,0.11525848129272462
660.08,870.0,1.15,292.17,0.4511621046447754
660.08,900.0,1.15,272.17,0.1315394464111328
660.08,910.0,1.15,321.1,0.3996794651794434
660.08,1000.0,1.15,363.81,0.16834327758789067
660.08,335.0,1.32,4.01,0.35925933715820313
660.08,350.0,1.32,4.4,0.3473270834350586
660.08,355.0,1.32,4.95,0.3434513897705078
660.08,380.0,1.32,5.52,0.3250494741821288
660.08,390.0,1.32,5.13,0.3180305014038085
660.08,400.0,1.32,6.53,0.3112251495361328
660.08,415.0,1.32,7.31,0.3013680703735352
660.08,420.0,1.32,7.63,0.2981942739868163
660.08,425.0,1.32,6.36,0.2949441844177246
660.08,430.0,1.32,7.82,0.291877198486328
660.08,445.0,1.32,8.67,0.28269149932861326
660.08,450.0,1.32,8.94,0.2796855479431152
660.08,465.0,1.32,9.6,0.27089657333374023
660.08,470.0,1.32,10.33,0.2680279496765136
660.08,475.0,1.32,10.1,0.2651440673828125
660.08,480.0,1.32,11.35,0.26235173690795904
660.08,490.0,1.32,14.25,0.25676707595825193
660.08,500.0,1.32,13.39,0.25124344955444333
660.08,505.0,1.32,12.75,0.24851215362548829
660.08,510.0,1.32,15.44,0.24584189224243164
660.08,515.0,1.32,15.75,0.243171630859375
660.08,520.0,1.32,14.55,0.24048611083984373
660.08,530.0,1.32,19.4,0.2351608467102051
660.08,535.0,1.32,15.99,0.23251347328186037
660.08,540.0,1.32,20.1,0.2298813584899902
660.08,545.0,1.32,17.35,0.227272131652832
660.08,550.0,1.32,19.38,0.22461712890624996
660.08,555.0,1.32,22.32,0.22196975547790523
660.08,560.0,1.32,21.52,0.21936052864074707
660.08,565.0,1.32,21.94,0.2166978965759277
660.08,570.0,1.32,22.85,0.21407341110229489
660.08,575.0,1.32,24.95,0.21138026176452632
660.08,580.0,1.32,24.65,0.20871000038146967
660.08,590.0,1.32,30.28,0.20332370170593259
660.08,595.0,1.32,28.79,0.20059240577697748
660.08,600.0,1.32,31.35,0.19782296325683596
660.08,605.0,1.32,30.29,0.1950382621002197
660.08,610.0,1.32,34.01,0.1922459316253662
660.08,615.0,1.32,36.76,0.1894230838775635
660.08,620.0,1.32,34.42,0.1865392015838623
660.08,625.0,1.32,36.7,0.18364768997192382
660.08,630.0,1.32,33.21,0.18075617835998534
660.08,635.0,1.32,41.63,0.177841778793335
660.08,640.0,1.32,41.6,0.17490449127197266
660.08,645.0,1.32,38.63,0.17192905715942386
660.08,650.0,1.32,44.95,0.16894599372863772
660.08,655.0,1.32,45.55,0.1659781889343262
660.08,660.0,1.32,47.21,0.16294172027587894
660.08,665.0,1.32,50.15,0.15993576889038086
660.08,670.0,1.32,46.92,0.1568993002319336
660.08,675.0,1.32,49.02,0.15383994361877443
660.08,680.0,1.32,55.0,0.15072718177795416
660.08,685.0,1.32,48.35,0.1476220492553711
660.08,690.0,1.32,47.39,0.14447114082336424
660.08,695.0,1.32,60.88,0.14125919784545898
660.08,700.0,1.32,54.63,0.13803962554931642
660.08,710.0,1.32,59.97,0.13153563175201416
660.08,715.0,1.32,59.69,0.13645272735595704
660.08,720.0,1.32,62.69,0.1335001811981201
660.08,730.0,1.32,66.69,0.12735095069885252
660.08,740.0,1.32,69.69,0.12011072769165038
660.08,750.0,1.32,79.14,0.11602904243469239
660.08,760.0,1.32,94.78,0.11065037307739259
660.08,765.0,1.32,90.29,0.10814795669555663
660.08,770.0,1.32,92.8,0.10770545623779298
660.08,780.0,1.32,97.47,0.10357036575317383
660.08,790.0,1.32,103.68,0.10505045349121094
660.08,800.0,1.32,112.88,0.11054356262207031
660.08,810.0,1.32,122.99,0.1159146026611328
660.08,820.0,1.32,156.58,0.12116357360839844
660.08,50.0,1.57,0.1,0.7187528125
660.08,75.0,1.57,0.19,0.6469761865234375
660.08,80.0,1.57,0.21,0.6357458300781251
660.08,90.0,1.57,0.23,0.614261669921875
660.08,100.0,1.57,0.32,0.5942423388671876
660.08,145.0,1.57,0.61,0.5280808911132813
660.08,150.0,1.57,0.7,0.5212450219726561
660.08,175.0,1.57,1.0,0.4901174035644532
660.08,180.0,1.57,1.06,0.48438015625
660.08,200.0,1.57,1.28,0.46155323608398446
660.08,240.0,1.57,2.0,0.42139250488281255
660.08,245.0,1.57,2.15,0.4165097412109374
660.08,275.0,1.57,2.37,0.38977661010742193
660.08,290.0,1.57,2.69,0.3771424591064453
660.08,295.0,1.57,2.8,0.3729921099853516
660.08,300.0,1.57,3.68,0.36881124359130857
660.08,310.0,1.57,3.37,0.36072416625976556
660.08,320.0,1.57,3.62,0.3530338134765625
660.08,325.0,1.57,4.34,0.34918863708496095
660.08,330.0,1.57,4.5,0.3454655297851562
660.08,335.0,1.57,4.47,0.34171190521240236
660.08,340.0,1.57,4.12,0.33804983245849607
660.08,350.0,1.57,5.15,0.3309698251342773
660.08,355.0,1.57,5.28,0.3274298214721679
660.08,375.0,1.57,6.35,0.31403273864746095
660.08,380.0,1.57,5.83,0.3107826490783691
660.08,390.0,1.57,6.52,0.30440453903198245
660.08,395.0,1.57,6.3,0.3012765185546875
660.08,400.0,1.57,7.64,0.29825530853271476
660.08,410.0,1.57,7.71,0.29218237121582025
660.08,420.0,1.57,8.02,0.28633831344604493
660.08,425.0,1.57,8.92,0.2834544311523437
660.08,440.0,1.57,9.27,0.275046922454834
660.08,445.0,1.57,10.12,0.2722851092529296
660.08,450.0,1.57,11.85,0.26950803741455076
660.08,455.0,1.57,11.3,0.2667920001220704
660.08,460.0,1.57,11.41,0.264106480102539
660.08,475.0,1.57,12.74,0.25620250640869147
660.08,480.0,1.57,13.8,0.25358565025329594
660.08,485.0,1.57,12.73,0.25098405273437496
660.08,490.0,1.57,16.5,0.24845111907958983
660.08,500.0,1.57,16.65,0.24340051040649413
660.08,510.0,1.57,17.12,0.23835753105163573
660.08,515.0,1.57,16.36,0.2358780026245117
660.08,520.0,1.57,19.28,0.2333832155609131
660.08,525.0,1.57,18.66,0.23087316986083983
660.08,530.0,1.57,18.15,0.22843941734313963
660.08,535.0,1.57,19.72,0.22593700096130373
660.08,540.0,1.57,23.04,0.22349561912536617
660.08,545.0,1.57,23.35,0.2210237200164795
660.08,550.0,1.57,25.42,0.21855945022583007
660.08,555.0,1.57,21.42,0.2160646631622314
660.08,560.0,1.57,25.9,0.21360802268981935
660.08,570.0,1.57,27.53,0.2086413365173339
660.08,575.0,1.57,24.72,0.20616180809020992
660.08,580.0,1.57,29.86,0.20366702102661133
660.08,585.0,1.57,28.17,0.20114934600830076
660.08,590.0,1.57,31.94,0.1986087830352783
660.08,595.0,1.57,32.06,0.19606822006225588
660.08,600.0,1.57,34.39,0.19350476913452147
660.08,605.0,1.57,31.15,0.1909336888885498
660.08,610.0,1.57,38.41,0.1883168327331543
660.08,615.0,1.57,39.73,0.18572286453247067
660.08,620.0,1.57,34.2,0.18307549110412594
660.08,625.0,1.57,35.55,0.18040522972106934
660.08,630.0,1.57,43.48,0.17770445106506347
660.08,640.0,1.57,37.68,0.17231052307128908
660.08,645.0,1.57,40.68,0.1695715978240967
660.08,650.0,1.57,47.85,0.16683648723602296
660.08,655.0,1.57,49.48,0.16407085937500002
660.08,660.0,1.57,52.37,0.161316675491333
660.08,665.0,1.57,52.92,0.15851671569824222
660.08,670.0,1.57,57.67,0.15571675590515136
660.08,675.0,1.57,56.26,0.15287102020263676
660.08,680.0,1.57,59.07,0.1500405431365967
660.08,685.0,1.57,55.47,0.14717954879760742
660.08,690.0,1.57,64.7,0.14427277854919432
660.08,695.0,1.57,58.98,0.14134312034606936
660.08,700.0,1.57,61.01,0.1383753155517578
660.08,705.0,1.57,59.82,0.13539225212097172
660.08,710.0,1.57,72.43,0.13236341278076175
660.08,715.0,1.57,74.96,0.12928879753112793
660.08,720.0,1.57,73.9,0.1261760356903076
660.08,725.0,1.57,76.55,0.13091002765655518
660.08,730.0,1.57,79.28,0.12796129615783688
660.08,735.0,1.57,78.03,0.12507741386413576
660.08,740.0,1.57,77.07,0.12205620384216309
660.08,745.0,1.57,79.88,0.11812710494995116
660.08,750.0,1.57,94.84,0.11567046447753906
660.08,760.0,1.57,86.69,0.1114972274017334
660.08,770.0,1.57,103.8,0.10524881576538087
660.08,50.0,2.07,0.16,0.65039412109375
660.08,85.0,2.07,0.31,0.5659223095703125
660.08,90.0,2.07,0.31,0.5566450585937501
660.08,100.0,2.07,0.47,0.540287800292969
660.08,140.0,2.07,0.93,0.48816429809570316
660.08,145.0,2.07,0.92,0.4819387744140625
660.08,150.0,2.07,1.05,0.4756522161865234
660.08,200.0,2.07,1.93,0.42236905761718746
660.08,205.0,2.07,1.76,0.41107766662597656
660.08,210.0,2.07,1.82,0.41309180664062495
660.08,215.0,2.07,2.13,0.4083921466064453
660.08,220.0,2.07,2.33,0.4039976593017578
660.08,225.0,2.07,2.01,0.39954213745117195
660.08,230.0,2.07,2.35,0.3953307537841797
660.08,235.0,2.07,2.64,0.39111937011718745
660.08,240.0,2.07,2.39,0.38684695190429685
660.08,245.0,2.07,2.75,0.3827576373291015
660.08,250.0,2.07,3.14,0.3786683227539062
660.08,255.0,2.07,3.18,0.37473159454345706
660.08,260.0,2.07,3.3,0.37055072814941403
660.08,265.0,2.07,3.49,0.36676658630371095
660.08,270.0,2.07,3.32,0.36273830627441406
660.08,275.0,2.07,3.9,0.35907623352050777
660.08,280.0,2.07,4.0,0.3553226089477538
660.08,285.0,2.07,4.05,0.35156898437499995
660.08,290.0,2.07,4.11,0.3479374288940429
660.08,295.0,2.07,3.96,0.3442448388671875
660.08,300.0,2.07,4.74,0.3408421629333496
660.08,305.0,2.07,4.65,0.3372411247253418
660.08,310.0,2.07,4.56,0.12500875
660.08,315.0,2.07,5.12,0.3304815487670898
660.08,320.0,2.07,5.38,0.327155166015625
660.08,325.0,2.07,5.71,0.32376774871826164
660.08,330.0,2.07,5.65,0.32059395233154286
660.08,335.0,2.07,6.26,0.31737438003540036
660.08,340.0,2.07,6.64,0.3142158422851562
660.08,345.0,2.07,6.7,0.3112251495361328
660.08,350.0,2.07,7.3,0.3081581636047363
660.08,355.0,2.07,5.91,0.3051522122192383
660.08,360.0,2.07,6.33,0.3021920367431641
660.08,365.0,2.07,7.12,0.2993539303588867
660.08,370.0,2.07,8.11,0.29645478942871095
660.08,375.0,2.07,8.42,0.2936624589538574
660.08,380.0,2.07,7.78,0.29090064575195307
660.08,385.0,2.07,8.68,0.28815409118652335
660.08,390.0,2.07,9.67,0.2854227952575683
660.08,395.0,2.07,9.09,0.28278305114746094
660.08,400.0,2.07,10.23,0.280158565673828
660.08,405.0,2.07,9.7,0.2775951147460937
660.08,410.0,2.07,10.17,0.27497062927246096
660.08,415.0,2.07,10.21,0.27248347152709956
660.08,420.0,2.07,11.77,0.2699123912811279
660.08,425.0,2.07,11.83,0.2674023455810547
660.08,430.0,2.07,13.13,0.2649457051086425
660.08,435.0,2.07,11.72,0.2625348405456543
660.08,440.0,2.07,12.31,0.26010871734619145
660.08,445.0,2.07,14.29,0.2576673355102539
660.08,450.0,2.07,14.79,0.2553175054931641
660.08,455.0,2.07,15.67,0.252937158203125
660.08,460.0,2.07,17.0,0.25058732818603513
660.08,465.0,2.07,16.06,0.24826801544189453
660.08,470.0,2.07,17.06,0.2459105561065674
660.08,475.0,2.07,17.64,0.24362176063537597
660.08,480.0,2.07,18.45,0.24134822380065918
660.08,485.0,2.07,18.32,0.23903654037475586
660.08,490.0,2.07,20.64,0.23678589149475096
660.08,495.0,2.07,21.32,0.23453524261474606
660.08,500.0,2.07,21.82,0.23228459373474122
660.08,505.0,2.07,20.91,0.23007209144592286
660.08,510.0,2.07,21.37,0.2278595891571045
660.08,515.0,2.07,23.65,0.22563945755004883
660.08,520.0,2.07,21.0,0.22341169662475585
660.08,525.0,2.07,24.03,0.2212068236541748
660.08,530.0,2.07,25.7,0.21899432136535643
660.08,535.0,2.07,27.15,0.21683522430419921
660.08,540.0,2.07,27.71,0.214576946105957
660.08,545.0,2.07,29.34,0.2124102197265625
660.08,550.0,2.07,29.9,0.21022060539245604
660.08,555.0,2.07,26.76,0.20800047378540037
660.08,560.0,2.07,31.32,0.205787971496582
660.08,565.0,2.07,31.11,0.20354495193481442
660.08,570.0,2.07,31.83,0.20130193237304686
660.08,575.0,2.07,34.8,0.19908180076599122
660.08,580.0,2.07,35.86,0.19682352256774902
660.08,585.0,2.07,36.99,0.1945576150512695
660.08,590.0,2.07,35.89,0.19225356094360352
660.08,595.0,2.07,41.06,0.18998765342712406
660.08,600.0,2.07,41.85,0.18767597000122072
660.08,605.0,2.07,40.5,0.18534139862060545
660.08,610.0,2.07,43.73,0.18300682723999018
660.08,615.0,2.07,44.35,0.1806493679046631
660.08,620.0,2.07,46.19,0.17828427925109866
660.08,625.0,2.07,47.93,0.17591156127929689
660.08,630.0,2.07,49.37,0.17349688205718994
660.08,635.0,2.07,52.07,0.17104024158477787
660.08,640.0,2.07,48.94,0.16861793304443362
660.08,645.0,2.07,53.3,0.1661689218902588
660.08,650.0,2.07,54.71,0.16368557880401619
660.08,655.0,2.07,58.55,0.16122512367248534
660.08,660.0,2.07,58.06,0.15871507797241213
660.08,665.0,2.07,59.8,0.15618977363586425
660.08,670.0,2.07,62.02,0.1536606546401978
660.08,675.0,2.07,63.46,0.15109720371246343
660.08,680.0,2.07,68.5,0.14854519676208497
660.08,685.0,2.07,67.66,0.1459703018569946
660.08,690.0,2.07,69.72,0.1433420017242432
660.08,695.0,2.07,60.98,0.14074803352355958
660.08,700.0,2.07,73.67,0.13805488418579104
660.08,705.0,2.07,65.17,0.13536173484802252
660.08,710.0,2.07,78.18,0.1326762148284912
660.08,715.0,2.07,80.56,0.12988388435363768
660.08,720.0,2.07,72.7,0.12708392456054687
660.08,725.0,2.07,85.56,0.12426107681274415
660.08,730.0,2.07,78.37,0.12137337985992432
660.08,735.0,2.07,80.42,0.11846279495239259
660.08,740.0,2.07,86.91,0.11548354618072511
660.08,745.0,2.07,84.69,0.11954615814208984
660.08,750.0,2.07,102.23,0.1168987847137451
660.08,755.0,2.07,95.34,0.11418274742126466
660.08,760.0,2.07,111.38,0.1115353739929199
660.08,765.0,2.07,96.17,0.10895666442871094
660.08,770.0,2.07,104.39,0.10640847213745117
660.08,775.0,2.07,104.0,0.10363140029907225
660.08,780.0,2.07,103.23,0.10174695869445802
660.08,785.0,2.07,114.01,1.0000000000000003e-05
660.08,790.0,2.07,116.77,1.0000000000000003e-05
660.08,795.0,2.07,149.0,0.06498127410888671
660.08,800.0,2.07,123.02,0.09536121932983399
660.08,805.0,2.07,142.6,0.09464406341552736
660.08,810.0,2.07,127.1,0.09528492614746095
660.08,820.0,2.07,224.84,0.3113701065826415
660.08,825.0,2.07,139.76,0.09951156845092773
660.08,850.0,2.07,186.96,1.0000000000000003e-05
660.08,875.0,2.07,187.68,0.11911891632080077
660.08,895.0,2.07,304.9,1.0000000000000003e-05
660.08,900.0,2.07,227.0,0.12824358093261717
660.08,905.0,2.07,293.1,0.44848421394348137
660.08,910.0,2.07,303.38,0.10297527893066405
660.08,915.0,2.07,253.5,0.13352306915283202
660.08,920.0,2.07,234.1,0.13526255371093754
660.08,925.0,2.07,239.26,0.1369867796325684
660.08,935.0,2.07,312.1,0.11032994171142577
660.08,995.0,2.07,350.09,0.12696185546875
660.08,1000.0,2.07,329.61,1.0000000000000003e-05
660.08,1005.0,2.07,341.44,0.16272809936523439
660.08,50.0,2.17,0.15,0.64062859375
660.08,55.0,2.17,0.17,0.6254920263671876
660.08,60.0,2.17,0.21,0.6113320117187502
660.08,65.0,2.17,0.25,0.5991251025390626
660.08,70.0,2.17,0.23,0.5883830224609375
660.08,75.0,2.17,0.24,0.5776409423828125
660.08,80.0,2.17,0.28,0.5671430004882813
660.08,85.0,2.17,0.29,0.5585981640625001
660.08,90.0,2.17,0.37,0.5498091894531252
660.08,95.0,2.17,0.45,0.541264353027344
660.08,100.0,2.17,0.5,0.5327195166015625
660.08,105.0,2.17,0.52,0.5261277856445312
660.08,145.0,2.17,1.07,0.4778494598388672
660.08,150.0,2.17,1.1,0.4713187634277344
660.08,155.0,2.17,1.07,0.46545944702148445
660.08,160.0,2.17,1.3,0.4600273724365235
660.08,165.0,2.17,1.35,0.4545952978515625
660.08,180.0,2.17,1.57,0.43860424682617194
660.08,200.0,2.17,2.19,0.4188290539550781
660.08,205.0,2.17,2.05,0.41431249755859373
660.08,210.0,2.17,2.05,0.4097959411621094
660.08,215.0,2.17,2.3,0.4052183502197265
660.08,220.0,2.17,2.48,0.40064075927734377
660.08,225.0,2.17,2.5,0.3963073065185547
660.08,230.0,2.17,2.75,0.39218747467041015
660.08,235.0,2.17,2.82,0.3880066082763671
660.08,240.0,2.17,2.65,0.3838257418823242
660.08,245.0,2.17,3.26,0.37961435821533207
660.08,250.0,2.17,3.5,0.3755860781860352
660.08,255.0,2.17,3.06,0.3582522671508789
660.08,260.0,2.17,3.3,0.36762106994628907
660.08,265.0,2.17,3.63,0.3637148590087891
660.08,270.0,2.17,3.65,0.3599307171630859
660.08,275.0,2.17,4.12,0.3561465753173828
660.08,280.0,2.17,4.4,0.3524539852905273
660.08,285.0,2.17,4.12,0.3487613952636719
660.08,290.0,2.17,4.34,0.34516035705566406
660.08,300.0,2.17,5.05,0.33801931518554684
660.08,305.0,2.17,5.5,0.33460138061523437
660.08,310.0,2.17,5.23,0.33113767013549805
660.08,315.0,2.17,5.4,0.32776551147460936
660.08,320.0,2.17,6.17,0.3244696459960937
660.08,325.0,2.17,5.43,0.32126533233642574
660.08,330.0,2.17,6.68,0.31799998413085934
660.08,340.0,2.17,6.9,0.3117744604492187
660.08,345.0,2.17,6.37,0.30869221588134765
660.08,350.0,2.17,7.77,0.3057625576782227
660.08,360.0,2.17,7.11,0.299811689453125
660.08,365.0,2.17,7.41,0.2969888417053222
660.08,370.0,2.17,9.01,0.2941965112304687
660.08,375.0,2.17,8.89,0.2914194393920897
660.08,380.0,2.17,9.35,0.2886728848266601
660.08,385.0,2.17,8.4,0.2859263302612304
660.08,390.0,2.17,8.6,0.28328658615112295
660.08,395.0,2.17,9.85,0.28064684204101553
660.08,400.0,2.17,10.7,0.27802235656738283
660.08,405.0,2.17,11.68,0.275474164276123
660.08,410.0,2.17,11.3,0.27291834266662596
660.08,415.0,2.17,12.23,0.2703625210571289
660.08,420.0,2.17,12.01,0.2678753633117676
660.08,425.0,2.17,13.17,0.26543398147583
660.08,430.0,2.17,13.6,0.26297734100341796
660.08,435.0,2.17,12.52,0.2605741057586669
660.08,440.0,2.17,12.78,0.2581556118774414
660.08,445.0,2.17,13.29,0.25576763526916513
660.08,450.0,2.17,16.33,0.2534254345703125
660.08,455.0,2.17,16.57,0.25110612182617187
660.08,460.0,2.17,17.36,0.24875629180908204
660.08,465.0,2.17,17.45,0.24643697906494144
660.08,470.0,2.17,17.85,0.24419395950317385
660.08,475.0,2.17,19.0,0.24190516403198242
660.08,480.0,2.17,19.55,0.23963925651550289
660.08,485.0,2.17,19.7,0.23742675422668455
660.08,490.0,2.17,19.23,0.23517610534667968
660.08,495.0,2.17,19.93,0.23297886169433596
660.08,500.0,2.17,22.4,0.2307739887237549
660.08,505.0,2.17,20.34,0.22857674507141115
660.08,510.0,2.17,22.93,0.22641001869201657
660.08,515.0,2.17,23.73,0.22424329231262202
660.08,520.0,2.17,24.09,0.22206130729675289
660.08,525.0,2.17,26.95,0.2199022102355957
660.08,530.0,2.17,26.85,0.21773548385620117
660.08,535.0,2.17,28.79,0.21555349884033204
660.08,540.0,2.17,27.03,0.2133867724609375
660.08,545.0,2.17,26.01,0.211197158126831
660.08,550.0,2.17,30.56,0.20902280242919918
660.08,555.0,2.17,29.49,0.20685607604980466
660.08,560.0,2.17,34.0,0.20469697898864744
660.08,565.0,2.17,32.03,0.202507364654541
660.08,570.0,2.17,36.08,0.20031775032043456
660.08,575.0,2.17,33.52,0.19808998939514158
660.08,580.0,2.17,38.04,0.19589274574279789
660.08,585.0,2.17,38.01,0.1936840581130982
660.08,590.0,2.17,39.18,0.19143722389221193
660.08,595.0,2.17,37.08,0.18917131637573242
660.08,600.0,2.17,42.43,0.18692066749572753
660.08,605.0,2.17,40.32,0.1846242427062988
660.08,610.0,2.17,44.39,0.1823278179168701
660.08,615.0,2.17,42.35,0.1800085051727295
660.08,620.0,2.17,43.02,0.1776853777694702
660.08,625.0,2.17,50.44,0.17533173309326172
660.08,630.0,2.17,50.07,0.17296664443969728
660.08,635.0,2.17,47.86,0.17055959453582764
660.08,640.0,2.17,51.45,0.16816398860931397
660.08,645.0,2.17,53.95,0.16574168006896975
660.08,650.0,2.17,55.8,0.16329648357391358
660.08,655.0,2.17,57.45,0.1609504682159424
660.08,660.0,2.17,58.89,0.15848238376617435
660.08,665.0,2.17,60.89,0.15599904067993164
660.08,670.0,2.17,62.68,0.15354621486663816
660.08,675.0,2.17,64.51,0.15100946655273442
660.08,680.0,2.17,69.13,0.1485184941482544
660.08,685.0,2.17,68.5,0.14598174583435056
660.08,690.0,2.17,66.21,0.14339540695190428
660.08,695.0,2.17,69.39,0.14085484397888184
660.08,700.0,2.17,76.16,0.13824561714172365
660.08,705.0,2.17,72.47,0.1355829850769043
660.08,710.0,2.17,69.55,0.13294324096679688
660.08,715.0,2.17,82.1,0.13020813037872314
660.08,720.0,2.17,70.77,0.12749590774536135
660.08,725.0,2.17,89.5,0.12474935317993163
660.08,730.0,2.17,80.49,0.12191506145477295
660.08,735.0,2.17,80.77,0.11910365768432615
660.08,740.0,2.17,95.13,0.11623503402709962
660.08,745.0,2.17,85.85,0.11333589309692382
660.08,750.0,2.17,101.02,0.11706662971496581
660.08,755.0,2.17,91.17,0.11463287719726564
660.08,760.0,2.17,93.86,0.11176425354003905
660.08,765.0,2.17,98.1,0.10942205284118653
660.08,770.0,2.17,99.68,0.10667549827575684
660.08,775.0,2.17,99.46,0.1045164012145996
660.08,780.0,2.17,120.07,0.10183088119506836
660.08,785.0,2.17,117.14,0.09983199981689453
660.08,790.0,2.17,132.2,0.0973677300262451
660.08,800.0,2.17,141.17,0.09511708114624026
660.08,805.0,2.17,142.86,0.09449147705078126
660.08,810.0,2.17,149.45,0.09425496818542481
660.08,815.0,2.17,141.06,0.09502552932739261
660.08,820.0,2.17,155.39,0.09533070205688476
660.08,825.0,2.17,150.54,0.09736010070800781
660.08,830.0,2.17,169.12,0.09935898208618163
660.08,835.0,2.17,153.54,0.10134260482788085
660.08,840.0,2.17,172.77,0.10331096893310546
660.08,900.0,2.17,240.0,0.1254665090942383
660.08,1000.0,2.17,330.88,1.0000000000000003e-05
660.08,1005.0,2.17,323.5,0.1592033543395996
