S0,K,C_mkt,T,iv
672.88,570.0,93.78,0.0064,0.8926
672.88,575.0,102.28,0.0064,0.8535
672.88,580.0,85.62,0.0064,0.8179
672.88,590.0,75.65,0.0064,0.7671
672.88,600.0,71.34,0.0064,0.687
672.88,615.0,48.93,0.0064,0.5835
672.88,625.0,50.59,0.0064,0.4548
672.88,630.0,38.48,0.0064,0.4465
672.88,635.0,33.24,0.0064,0.407
672.88,636.0,32.39,0.0064,0.4236
672.88,638.0,30.72,0.0064,0.3624
672.88,640.0,29.92,0.0064,0.0
672.88,641.0,31.74,0.0064,0.0
672.88,644.0,25.12,0.0064,0.0
672.88,645.0,31.38,0.0064,0.0
672.88,649.0,17.94,0.0064,0.0
672.88,650.0,21.56,0.0064,0.0
672.88,654.0,17.57,0.0064,0.1221
672.88,655.0,17.75,0.0064,0.0
672.88,656.0,12.69,0.0064,0.0
672.88,657.0,15.86,0.0064,0.1084
672.88,658.0,14.96,0.0064,0.1253
672.88,659.0,12.94,0.0064,0.1211
672.88,660.0,13.44,0.0064,0.1326
672.88,661.0,11.11,0.0064,0.1238
672.88,662.0,11.4,0.0064,0.1226
672.88,663.0,10.35,0.0064,0.1301
672.88,664.0,10.0,0.0064,0.1282
672.88,665.0,8.94,0.0064,0.124
672.88,666.0,8.02,0.0064,0.1288
672.88,667.0,7.03,0.0064,0.1268
672.88,668.0,6.35,0.0064,0.122
672.88,669.0,5.68,0.0064,0.1209
672.88,670.0,5.04,0.0064,0.1231
672.88,671.0,4.37,0.0064,0.1203
672.88,672.0,3.77,0.0064,0.1189
672.88,673.0,3.2,0.0064,0.1183
672.88,674.0,2.74,0.0064,0.1171
672.88,675.0,2.25,0.0064,0.1148
672.88,676.0,1.84,0.0064,0.1132
672.88,677.0,1.49,0.0064,0.1112
672.88,678.0,1.17,0.0064,0.1096
672.88,679.0,0.93,0.0064,0.1091
672.88,680.0,0.71,0.0064,0.1077
672.88,681.0,0.54,0.0064,0.1055
672.88,682.0,0.38,0.0064,0.1041
672.88,683.0,0.29,0.0064,0.1036
672.88,684.0,0.19,0.0064,0.1028
672.88,685.0,0.14,0.0064,0.1035
672.88,686.0,0.09,0.0064,0.1021
672.88,687.0,0.08,0.0064,0.1043
672.88,688.0,0.04,0.0064,0.1055
672.88,689.0,0.04,0.0064,0.1045
672.88,690.0,0.03,0.0064,0.1055
672.88,691.0,0.03,0.0064,0.1113
672.88,692.0,0.02,0.0064,0.1162
672.88,693.0,0.01,0.0064,0.1152
672.88,694.0,0.01,0.0064,0.1211
672.88,695.0,0.02,0.0064,0.125
672.88,696.0,0.01,0.0064,0.1309
672.88,697.0,0.01,0.0064,0.1348
672.88,698.0,0.02,0.0064,0.1406
672.88,699.0,0.02,0.0064,0.1445
672.88,700.0,0.02,0.0064,0.1504
672.88,701.0,0.02,0.0064,0.1543
672.88,702.0,0.01,0.0064,0.1602
672.88,703.0,0.01,0.0064,0.1641
672.88,704.0,0.01,0.0064,0.168
672.88,705.0,0.02,0.0064,0.1738
672.88,706.0,0.01,0.0064,0.1777
672.88,707.0,0.01,0.0064,0.1836
672.88,708.0,0.01,0.0064,0.1875
672.88,709.0,0.02,0.0064,0.1914
672.88,710.0,0.01,0.0064,0.1973
672.88,714.0,0.02,0.0064,0.2149
672.88,715.0,0.01,0.0064,0.2188
672.88,720.0,0.01,0.0064,0.2422
672.88,725.0,0.01,0.0064,0.2637
672.88,730.0,0.01,0.0064,0.2852
672.88,735.0,0.01,0.0064,0.3066
672.88,740.0,0.01,0.0064,0.3281
672.88,745.0,0.01,0.0064,0.3477
672.88,750.0,0.01,0.0064,0.3672
672.88,785.0,0.01,0.0064,0.5078
672.88,795.0,0.01,0.0064,0.5313
672.88,800.0,0.01,0.0064,0.5
672.88,610.0,67.72,0.0091,0.5481
672.88,625.0,40.11,0.0091,0.4236
672.88,630.0,39.18,0.0091,0.3789
672.88,635.0,37.41,0.0091,0.345
672.88,640.0,34.91,0.0091,0.0
672.88,650.0,19.33,0.0091,0.1636
672.88,655.0,14.58,0.0091,0.1578
672.88,656.0,13.94,0.0091,0.1619
672.88,657.0,12.53,0.0091,0.1619
672.88,658.0,12.61,0.0091,0.1655
672.88,660.0,13.65,0.0091,0.1639
672.88,661.0,12.1,0.0091,0.1522
672.88,662.0,12.22,0.0091,0.1583
672.88,663.0,11.12,0.0091,0.1542
672.88,664.0,10.69,0.0091,0.1503
672.88,665.0,9.65,0.0091,0.149
672.88,666.0,8.79,0.0091,0.1502
672.88,667.0,8.08,0.0091,0.1481
672.88,668.0,7.29,0.0091,0.1465
672.88,669.0,6.7,0.0091,0.1425
672.88,670.0,6.01,0.0091,0.141
672.88,671.0,5.33,0.0091,0.1378
672.88,672.0,4.7,0.0091,0.137
672.88,673.0,4.15,0.0091,0.1351
672.88,674.0,3.58,0.0091,0.1336
672.88,675.0,3.1,0.0091,0.1311
672.88,676.0,2.7,0.0091,0.1285
672.88,677.0,2.24,0.0091,0.1271
672.88,678.0,1.87,0.0091,0.1245
672.88,679.0,1.53,0.0091,0.1237
672.88,680.0,1.26,0.0091,0.121
672.88,681.0,1.04,0.0091,0.1196
672.88,682.0,0.8,0.0091,0.1181
672.88,683.0,0.61,0.0091,0.1162
672.88,684.0,0.47,0.0091,0.1151
672.88,685.0,0.36,0.0091,0.1135
672.88,686.0,0.27,0.0091,0.1116
672.88,687.0,0.21,0.0091,0.1128
672.88,688.0,0.16,0.0091,0.113
672.88,689.0,0.09,0.0091,0.1113
672.88,690.0,0.08,0.0091,0.1113
672.88,691.0,0.05,0.0091,0.1094
672.88,692.0,0.04,0.0091,0.1113
672.88,693.0,0.04,0.0091,0.1133
672.88,694.0,0.03,0.0091,0.1133
672.88,695.0,0.02,0.0091,0.1182
672.88,696.0,0.03,0.0091,0.1221
672.88,697.0,0.02,0.0091,0.127
672.88,698.0,0.02,0.0091,0.1318
672.88,699.0,0.01,0.0091,0.1358
672.88,700.0,0.02,0.0091,0.1406
672.88,701.0,0.02,0.0091,0.1387
672.88,702.0,0.02,0.0091,0.1426
672.88,703.0,0.01,0.0091,0.1465
672.88,705.0,0.02,0.0091,0.1543
672.88,706.0,0.02,0.0091,0.1602
672.88,707.0,0.02,0.0091,0.1641
672.88,710.0,0.01,0.0091,0.1758
672.88,711.0,0.02,0.0091,0.1797
672.88,715.0,0.02,0.0091,0.1953
672.88,716.0,0.02,0.0091,0.1992
672.88,717.0,0.02,0.0091,0.2031
672.88,718.0,0.02,0.0091,0.209
672.88,720.0,0.02,0.0091,0.2168
672.88,722.0,0.01,0.0091,0.2246
672.88,725.0,0.01,0.0091,0.2363
672.88,727.0,0.01,0.0091,0.2441
672.88,728.0,0.01,0.0091,0.2481
672.88,729.0,0.02,0.0091,0.25
672.88,730.0,0.01,0.0091,0.2539
672.88,735.0,0.01,0.0091,0.2734
672.88,740.0,0.01,0.0091,0.293
672.88,745.0,0.01,0.0091,0.3125
672.88,750.0,0.01,0.0091,0.3301
672.88,575.0,104.0,0.0118,0.7363
672.88,580.0,94.58,0.0118,0.6931
672.88,590.0,89.22,0.0118,0.6345
672.88,640.0,35.73,0.0118,0.2195
672.88,644.0,23.45,0.0118,0.2177
672.88,645.0,39.62,0.0118,0.2009
672.88,650.0,21.23,0.0118,0.2036
672.88,655.0,16.0,0.0118,0.1892
672.88,656.0,16.5,0.0118,0.1827
672.88,658.0,14.2,0.0118,0.1802
672.88,660.0,13.59,0.0118,0.1812
672.88,661.0,12.79,0.0118,0.179
672.88,662.0,10.07,0.0118,0.174
672.88,663.0,9.55,0.0118,0.1726
672.88,664.0,9.8,0.0118,0.1716
672.88,665.0,10.65,0.0118,0.1676
672.88,666.0,8.94,0.0118,0.1686
672.88,667.0,9.05,0.0118,0.1662
672.88,668.0,8.55,0.0118,0.1657
672.88,669.0,7.65,0.0118,0.1595
672.88,670.0,7.0,0.0118,0.1583
672.88,671.0,6.37,0.0118,0.1555
672.88,672.0,5.74,0.0118,0.1531
672.88,673.0,5.19,0.0118,0.1506
672.88,674.0,4.7,0.0118,0.1511
672.88,675.0,4.09,0.0118,0.1483
672.88,676.0,3.65,0.0118,0.1466
672.88,677.0,3.14,0.0118,0.1448
672.88,678.0,2.8,0.0118,0.1427
672.88,679.0,2.43,0.0118,0.1404
672.88,680.0,1.98,0.0118,0.139
672.88,681.0,1.73,0.0118,0.1372
672.88,682.0,1.46,0.0118,0.1356
672.88,683.0,1.21,0.0118,0.1332
672.88,684.0,1.0,0.0118,0.1326
672.88,685.0,0.79,0.0118,0.1303
672.88,686.0,0.66,0.0118,0.1292
672.88,687.0,0.53,0.0118,0.1285
672.88,688.0,0.43,0.0118,0.1267
672.88,689.0,0.34,0.0118,0.1255
672.88,690.0,0.27,0.0118,0.125
672.88,691.0,0.16,0.0118,0.124
672.88,692.0,0.16,0.0118,0.1228
672.88,693.0,0.11,0.0118,0.1216
672.88,694.0,0.08,0.0118,0.1231
672.88,695.0,0.08,0.0118,0.1231
672.88,696.0,0.06,0.0118,0.1226
672.88,697.0,0.04,0.0118,0.124
672.88,698.0,0.04,0.0118,0.1245
672.88,699.0,0.03,0.0118,0.124
672.88,700.0,0.03,0.0118,0.1279
672.88,701.0,0.02,0.0118,0.1318
672.88,702.0,0.01,0.0118,0.1367
672.88,704.0,0.02,0.0118,0.1377
672.88,705.0,0.01,0.0118,0.1416
672.88,707.0,0.01,0.0118,0.1484
672.88,708.0,0.04,0.0118,0.1524
672.88,710.0,0.02,0.0118,0.1602
672.88,711.0,0.01,0.0118,0.1641
672.88,714.0,0.02,0.0118,0.1758
672.88,715.0,0.03,0.0118,0.1797
672.88,716.0,0.03,0.0118,0.1836
672.88,717.0,0.02,0.0118,0.1856
672.88,720.0,0.02,0.0118,0.1973
672.88,725.0,0.02,0.0118,0.2149
672.88,730.0,0.02,0.0118,0.2324
672.88,735.0,0.01,0.0118,0.25
672.88,740.0,0.01,0.0118,0.2676
672.88,745.0,0.02,0.0118,0.2656
672.88,575.0,103.0,0.0146,0.6792
672.88,645.0,28.21,0.0146,0.225
672.88,648.0,26.91,0.0146,0.2133
672.88,650.0,20.37,0.0146,0.2128
672.88,652.0,23.42,0.0146,0.2059
672.88,653.0,22.17,0.0146,0.2052
672.88,655.0,16.14,0.0146,0.1981
672.88,657.0,15.5,0.0146,0.1952
672.88,659.0,15.95,0.0146,0.1938
672.88,660.0,13.59,0.0146,0.1927
672.88,661.0,14.7,0.0146,0.1876
672.88,662.0,13.33,0.0146,0.1876
672.88,663.0,12.77,0.0146,0.1844
672.88,664.0,12.0,0.0146,0.1811
672.88,665.0,10.96,0.0146,0.181
672.88,666.0,10.63,0.0146,0.179
672.88,667.0,10.0,0.0146,0.1766
672.88,668.0,8.31,0.0146,0.1747
672.88,669.0,8.46,0.0146,0.1719
672.88,670.0,7.77,0.0146,0.1705
672.88,671.0,7.2,0.0146,0.1679
672.88,672.0,6.75,0.0146,0.1652
672.88,673.0,5.97,0.0146,0.1634
672.88,674.0,5.36,0.0146,0.162
672.88,675.0,4.91,0.0146,0.1599
672.88,676.0,4.39,0.0146,0.1564
672.88,677.0,4.0,0.0146,0.1558
672.88,678.0,3.55,0.0146,0.1529
672.88,679.0,3.15,0.0146,0.1509
672.88,680.0,2.67,0.0146,0.1489
672.88,681.0,2.35,0.0146,0.147
672.88,682.0,2.06,0.0146,0.145
672.88,683.0,1.72,0.0146,0.1438
672.88,684.0,1.49,0.0146,0.1412
672.88,685.0,1.25,0.0146,0.1394
672.88,686.0,1.1,0.0146,0.1383
672.88,687.0,0.85,0.0146,0.1361
672.88,688.0,0.74,0.0146,0.1348
672.88,689.0,0.62,0.0146,0.1339
672.88,690.0,0.47,0.0146,0.1321
672.88,691.0,0.4,0.0146,0.1311
672.88,692.0,0.3,0.0146,0.1288
672.88,693.0,0.24,0.0146,0.129
672.88,694.0,0.14,0.0146,0.1284
672.88,695.0,0.15,0.0146,0.1265
672.88,696.0,0.1,0.0146,0.1262
672.88,697.0,0.08,0.0146,0.125
672.88,698.0,0.07,0.0146,0.127
672.88,699.0,0.06,0.0146,0.126
672.88,700.0,0.05,0.0146,0.1299
672.88,701.0,0.04,0.0146,0.1309
672.88,703.0,0.03,0.0146,0.1348
672.88,705.0,0.02,0.0146,0.1377
672.88,710.0,0.03,0.0146,0.1553
672.88,711.0,0.02,0.0146,0.1592
672.88,714.0,0.02,0.0146,0.1699
672.88,715.0,0.02,0.0146,0.1738
672.88,719.0,0.02,0.0146,0.1797
672.88,720.0,0.02,0.0146,0.1826
672.88,721.0,0.02,0.0146,0.1856
672.88,722.0,0.02,0.0146,0.1895
672.88,723.0,0.02,0.0146,0.1934
672.88,724.0,0.02,0.0146,0.1953
672.88,725.0,0.02,0.0146,0.1992
672.88,735.0,0.02,0.0146,0.2324
672.88,740.0,0.01,0.0146,0.2481
672.88,745.0,0.02,0.0146,0.2637
672.88,750.0,0.02,0.0146,0.2793
672.88,755.0,0.01,0.0146,0.293
672.88,765.0,0.02,0.0146,0.3242
672.88,775.0,0.01,0.0146,0.3535
672.88,525.0,143.28,0.0173,0.5898
672.88,530.0,136.62,0.0173,0.6055
672.88,535.0,131.64,0.0173,0.6152
672.88,540.0,140.4,0.0173,0.5195
672.88,545.0,133.99,0.0173,0.5313
672.88,550.0,123.23,0.0173,0.5195
672.88,555.0,117.38,0.0173,0.5195
672.88,560.0,116.68,0.0173,0.4981
672.88,565.0,103.55,0.0173,0.4561
672.88,570.0,103.52,0.0173,0.4873
672.88,575.0,94.23,0.0173,0.4609
672.88,580.0,84.46,0.0173,0.4346
672.88,585.0,88.04,0.0173,0.4229
672.88,590.0,74.99,0.0173,0.4399
672.88,595.0,75.2,0.0173,0.4033
672.88,600.0,73.0,0.0173,0.3897
672.88,601.0,66.29,0.0173,0.5266
672.88,602.0,69.38,0.0173,0.5206
672.88,603.0,75.72,0.0173,0.5169
672.88,604.0,83.74,0.0173,0.5393
672.88,605.0,60.66,0.0173,0.3745
672.88,606.0,70.55,0.0173,0.4987
672.88,607.0,61.26,0.0173,0.4739
672.88,608.0,76.11,0.0173,0.4822
672.88,610.0,61.52,0.0173,0.3325
672.88,611.0,71.0,0.0173,0.3464
672.88,612.0,72.44,0.0173,0.3267
672.88,613.0,72.92,0.0173,0.3218
672.88,614.0,55.39,0.0173,0.3286
672.88,615.0,58.09,0.0173,0.3367
672.88,616.0,57.37,0.0173,0.3218
672.88,617.0,49.8,0.0173,0.311
672.88,618.0,64.16,0.0173,0.3062
672.88,619.0,48.64,0.0173,0.3137
672.88,620.0,49.85,0.0173,0.3062
672.88,621.0,59.53,0.0173,0.3088
672.88,622.0,62.6,0.0173,0.2988
672.88,623.0,54.31,0.0173,0.3045
672.88,624.0,49.02,0.0173,0.3025
672.88,625.0,46.07,0.0173,0.2907
672.88,626.0,49.79,0.0173,0.2844
672.88,627.0,40.83,0.0173,0.2898
672.88,628.0,38.01,0.0173,0.2922
672.88,629.0,40.74,0.0173,0.2732
672.88,630.0,43.28,0.0173,0.2749
672.88,631.0,34.6,0.0173,0.2822
672.88,632.0,49.66,0.0173,0.2832
672.88,633.0,45.17,0.0173,0.2644
672.88,634.0,49.97,0.0173,0.264
672.88,635.0,34.86,0.0173,0.2577
672.88,636.0,33.53,0.0173,0.2577
672.88,637.0,32.84,0.0173,0.2529
672.88,638.0,31.95,0.0173,0.2559
672.88,639.0,42.87,0.0173,0.2542
672.88,640.0,32.66,0.0173,0.2437
672.88,641.0,30.74,0.0173,0.2523
672.88,642.0,28.63,0.0173,0.239
672.88,643.0,30.69,0.0173,0.2373
672.88,644.0,33.24,0.0173,0.2393
672.88,645.0,26.95,0.0173,0.2286
672.88,646.0,30.24,0.0173,0.2295
672.88,647.0,25.18,0.0173,0.2343
672.88,648.0,22.58,0.0173,0.2273
672.88,649.0,21.4,0.0173,0.2217
672.88,650.0,24.4,0.0173,0.2228
672.88,651.0,18.63,0.0173,0.2183
672.88,652.0,17.99,0.0173,0.2165
672.88,653.0,18.1,0.0173,0.2164
672.88,654.0,21.06,0.0173,0.2123
672.88,655.0,19.0,0.0173,0.2129
672.88,656.0,17.44,0.0173,0.2073
672.88,657.0,16.56,0.0173,0.205
672.88,658.0,15.51,0.0173,0.2047
672.88,659.0,16.96,0.0173,0.2046
672.88,660.0,15.82,0.0173,0.2022
672.88,661.0,13.5,0.0173,0.199
672.88,662.0,12.67,0.0173,0.1943
672.88,663.0,13.87,0.0173,0.1937
672.88,664.0,12.0,0.0173,0.1913
672.88,665.0,11.99,0.0173,0.1884
672.88,666.0,11.37,0.0173,0.1885
672.88,667.0,10.65,0.0173,0.1834
672.88,668.0,9.9,0.0173,0.1816
672.88,669.0,9.21,0.0173,0.1816
672.88,670.0,8.53,0.0173,0.1769
672.88,671.0,7.92,0.0173,0.1761
672.88,672.0,7.3,0.0173,0.1735
672.88,673.0,6.71,0.0173,0.1702
672.88,674.0,6.15,0.0173,0.168
672.88,675.0,5.6,0.0173,0.1671
672.88,676.0,5.16,0.0173,0.1651
672.88,677.0,4.59,0.0173,0.1624
672.88,678.0,4.15,0.0173,0.1606
672.88,679.0,3.74,0.0173,0.1584
672.88,680.0,3.3,0.0173,0.1565
672.88,681.0,2.91,0.0173,0.1536
672.88,682.0,2.55,0.0173,0.1522
672.88,683.0,2.22,0.0173,0.1503
672.88,684.0,1.95,0.0173,0.1482
672.88,685.0,1.68,0.0173,0.1459
672.88,686.0,1.44,0.0173,0.1444
672.88,687.0,1.22,0.0173,0.1424
672.88,688.0,1.04,0.0173,0.1407
672.88,689.0,0.85,0.0173,0.1398
672.88,690.0,0.74,0.0173,0.1381
672.88,691.0,0.63,0.0173,0.137
672.88,692.0,0.49,0.0173,0.1367
672.88,693.0,0.43,0.0173,0.1358
672.88,694.0,0.33,0.0173,0.1336
672.88,695.0,0.28,0.0173,0.1331
672.88,696.0,0.23,0.0173,0.1326
672.88,697.0,0.18,0.0173,0.1323
672.88,698.0,0.12,0.0173,0.1296
672.88,699.0,0.1,0.0173,0.1304
672.88,700.0,0.1,0.0173,0.1309
672.88,701.0,0.08,0.0173,0.1304
672.88,702.0,0.06,0.0173,0.1318
672.88,703.0,0.06,0.0173,0.1328
672.88,704.0,0.04,0.0173,0.1328
672.88,705.0,0.05,0.0173,0.1367
672.88,706.0,0.04,0.0173,0.1406
672.88,707.0,0.04,0.0173,0.1397
672.88,708.0,0.03,0.0173,0.1436
672.88,709.0,0.02,0.0173,0.147
672.88,710.0,0.03,0.0173,0.1504
672.88,712.0,0.03,0.0173,0.1524
672.88,713.0,0.04,0.0173,0.1553
672.88,714.0,0.04,0.0173,0.1582
672.88,715.0,0.02,0.0173,0.1621
672.88,716.0,0.02,0.0173,0.165
672.88,718.0,0.02,0.0173,0.1719
672.88,720.0,0.02,0.0173,0.1777
672.88,721.0,0.02,0.0173,0.1816
672.88,725.0,0.02,0.0173,0.1943
672.88,730.0,0.01,0.0173,0.2012
672.88,735.0,0.02,0.0173,0.2168
672.88,740.0,0.01,0.0173,0.2305
672.88,745.0,0.03,0.0173,0.2461
672.88,750.0,0.01,0.0173,0.2617
672.88,755.0,0.01,0.0173,0.2754
672.88,760.0,0.02,0.0173,0.2891
672.88,765.0,0.02,0.0173,0.3027
672.88,770.0,0.02,0.0173,0.3164
672.88,775.0,0.02,0.0173,0.332
672.88,780.0,0.01,0.0173,0.3438
672.88,785.0,0.02,0.0173,0.3574
672.88,790.0,0.02,0.0173,0.3711
672.88,795.0,0.01,0.0173,0.3828
672.88,800.0,0.01,0.0173,0.3984
672.88,523.0,137.76,0.0365,1.0253
672.88,524.0,139.14,0.0365,0.0
672.88,525.0,154.65,0.0365,0.5942
672.88,526.0,157.62,0.0365,0.6021
672.88,527.0,149.72,0.0365,0.5503
672.88,528.0,157.52,0.0365,0.5918
672.88,529.0,157.71,0.0365,0.5786
672.88,530.0,146.08,0.0365,0.5659
672.88,531.0,147.83,0.0365,0.5962
672.88,533.0,136.12,0.0365,0.5586
672.88,534.0,150.34,0.0365,0.5571
672.88,535.0,144.48,0.0365,0.5698
672.88,536.0,114.06,0.0365,0.0
672.88,537.0,129.6,0.0365,0.5662
672.88,538.0,124.69,0.0365,0.0
672.88,539.0,135.63,0.0365,0.5645
672.88,540.0,144.24,0.0365,0.582
672.88,541.0,126.14,0.0365,0.0
672.88,542.0,134.85,0.0365,0.5137
672.88,543.0,142.9,0.0365,0.5547
672.88,544.0,130.19,0.0365,0.5068
672.88,545.0,128.98,0.0365,0.5562
672.88,546.0,137.0,0.0365,0.5667
672.88,547.0,125.36,0.0365,0.5215
672.88,549.0,68.62,0.0365,0.0
672.88,550.0,133.85,0.0365,0.5098
672.88,552.0,112.38,0.0365,0.5142
672.88,553.0,116.4,0.0365,0.5012
672.88,554.0,115.38,0.0365,0.5044
672.88,555.0,113.68,0.0365,0.6057
672.88,556.0,118.9,0.0365,0.5005
672.88,557.0,110.08,0.0365,0.0
672.88,558.0,109.63,0.0365,0.0
672.88,559.0,110.66,0.0365,0.5137
672.88,560.0,113.08,0.0365,0.5712
672.88,561.0,118.37,0.0365,0.5914
672.88,562.0,122.28,0.0365,0.5629
672.88,563.0,117.8,0.0365,0.5815
672.88,564.0,122.2,0.0365,0.5781
672.88,565.0,111.1,0.0365,0.5754
672.88,566.0,101.38,0.0365,0.0
672.88,567.0,122.49,0.0365,0.5656
672.88,568.0,118.92,0.0365,0.5615
672.88,569.0,101.77,0.0365,1.0591
672.88,570.0,109.36,0.0365,0.4579
672.88,571.0,94.68,0.0365,0.0
672.88,572.0,94.21,0.0365,0.5322
672.88,573.0,106.3,0.0365,0.5408
672.88,574.0,98.43,0.0365,0.5356
672.88,575.0,108.12,0.0365,0.4407
672.88,576.0,94.2,0.0365,0.5425
672.88,577.0,113.47,0.0365,0.5234
672.88,578.0,90.18,0.0365,0.5342
672.88,579.0,88.08,0.0365,0.517
672.88,580.0,87.09,0.0365,0.4214
672.88,581.0,88.51,0.0365,0.5169
672.88,582.0,97.45,0.0365,0.4898
672.88,583.0,96.99,0.0365,0.4857
672.88,584.0,85.46,0.0365,0.4812
672.88,585.0,81.78,0.0365,0.4054
672.88,586.0,81.52,0.0365,0.4754
672.88,587.0,99.16,0.0365,0.4021
672.88,588.0,86.11,0.0365,0.3865
672.88,589.0,88.35,0.0365,0.385
672.88,590.0,77.4,0.0365,0.3875
672.88,591.0,86.29,0.0365,0.3818
672.88,592.0,93.84,0.0365,0.3787
672.88,593.0,92.69,0.0365,0.3777
672.88,594.0,76.18,0.0365,0.3787
672.88,595.0,88.44,0.0365,0.3608
672.88,596.0,75.39,0.0365,0.372
672.88,597.0,80.34,0.0365,0.3621
672.88,598.0,77.43,0.0365,0.3586
672.88,599.0,76.46,0.0365,0.3508
672.88,600.0,73.83,0.0365,0.3588
672.88,601.0,83.56,0.0365,0.3512
672.88,602.0,71.76,0.0365,0.3457
672.88,603.0,72.87,0.0365,0.3408
672.88,604.0,68.76,0.0365,0.3407
672.88,605.0,63.47,0.0365,0.3346
672.88,606.0,75.23,0.0365,0.3388
672.88,608.0,77.34,0.0365,0.3345
672.88,610.0,60.05,0.0365,0.3189
672.88,611.0,65.59,0.0365,0.3206
672.88,612.0,66.75,0.0365,0.3128
672.88,613.0,58.72,0.0365,0.3148
672.88,614.0,70.89,0.0365,0.3077
672.88,615.0,59.61,0.0365,0.3035
672.88,616.0,55.8,0.0365,0.3036
672.88,617.0,56.93,0.0365,0.3003
672.88,618.0,55.94,0.0365,0.2965
672.88,619.0,60.88,0.0365,0.2948
672.88,620.0,46.8,0.0365,0.2878
672.88,621.0,60.64,0.0365,0.287
672.88,622.0,59.27,0.0365,0.2884
672.88,623.0,50.99,0.0365,0.2821
672.88,624.0,57.29,0.0365,0.2781
672.88,625.0,46.22,0.0365,0.2782
672.88,626.0,47.78,0.0365,0.2714
672.88,627.0,43.54,0.0365,0.27
672.88,628.0,56.09,0.0365,0.2715
672.88,629.0,51.18,0.0365,0.2697
672.88,630.0,44.91,0.0365,0.2639
672.88,631.0,55.34,0.0365,0.2644
672.88,632.0,54.54,0.0365,0.257
672.88,633.0,38.0,0.0365,0.2553
672.88,634.0,40.6,0.0365,0.2565
672.88,635.0,35.84,0.0365,0.2528
672.88,636.0,38.32,0.0365,0.2462
672.88,637.0,34.14,0.0365,0.2448
672.88,638.0,33.39,0.0365,0.241
672.88,639.0,36.6,0.0365,0.243
672.88,640.0,33.01,0.0365,0.2361
672.88,641.0,41.15,0.0365,0.2346
672.88,642.0,29.57,0.0365,0.2344
672.88,643.0,31.95,0.0365,0.2308
672.88,644.0,32.38,0.0365,0.2306
672.88,645.0,30.26,0.0365,0.2259
672.88,646.0,25.76,0.0365,0.2226
672.88,647.0,33.17,0.0365,0.22
672.88,648.0,27.65,0.0365,0.2192
672.88,649.0,28.61,0.0365,0.2163
672.88,650.0,24.47,0.0365,0.2128
672.88,651.0,31.42,0.0365,0.2127
672.88,652.0,20.07,0.0365,0.2084
672.88,653.0,21.07,0.0365,0.2082
672.88,654.0,20.48,0.0365,0.2054
672.88,655.0,17.93,0.0365,0.2033
672.88,656.0,18.65,0.0365,0.201
672.88,657.0,18.87,0.0365,0.1988
672.88,658.0,19.25,0.0365,0.1949
672.88,659.0,17.68,0.0365,0.193
672.88,660.0,18.03,0.0365,0.1915
672.88,661.0,14.82,0.0365,0.1908
672.88,662.0,13.93,0.0365,0.1882
672.88,663.0,13.75,0.0365,0.1852
672.88,664.0,14.26,0.0365,0.184
672.88,665.0,14.48,0.0365,0.1802
672.88,666.0,12.5,0.0365,0.1788
672.88,667.0,12.95,0.0365,0.1761
672.88,668.0,11.96,0.0365,0.175
672.88,669.0,11.55,0.0365,0.173
672.88,670.0,10.72,0.0365,0.1703
672.88,671.0,10.32,0.0365,0.1685
672.88,672.0,9.69,0.0365,0.166
672.88,673.0,8.88,0.0365,0.1645
672.88,674.0,8.25,0.0365,0.1618
672.88,675.0,7.66,0.0365,0.1604
672.88,676.0,7.24,0.0365,0.1581
672.88,677.0,6.49,0.0365,0.156
672.88,678.0,6.16,0.0365,0.1544
672.88,679.0,5.64,0.0365,0.1515
672.88,680.0,5.13,0.0365,0.1493
672.88,681.0,4.44,0.0365,0.1479
672.88,682.0,4.2,0.0365,0.1463
672.88,683.0,4.0,0.0365,0.145
672.88,684.0,3.45,0.0365,0.1433
672.88,685.0,3.15,0.0365,0.1412
672.88,686.0,2.67,0.0365,0.1399
672.88,687.0,2.51,0.0365,0.1388
672.88,688.0,2.23,0.0365,0.1372
672.88,689.0,1.97,0.0365,0.1354
672.88,690.0,1.75,0.0365,0.1336
672.88,691.0,1.4,0.0365,0.1322
672.88,692.0,1.36,0.0365,0.1316
672.88,693.0,1.18,0.0365,0.1301
672.88,694.0,1.06,0.0365,0.1292
672.88,695.0,0.92,0.0365,0.1281
672.88,696.0,0.65,0.0365,0.1271
672.88,697.0,0.56,0.0365,0.1266
672.88,698.0,0.58,0.0365,0.126
672.88,699.0,0.36,0.0365,0.1249
672.88,700.0,0.42,0.0365,0.1243
672.88,701.0,0.28,0.0365,0.1245
672.88,702.0,0.28,0.0365,0.1244
672.88,703.0,0.22,0.0365,0.1228
672.88,704.0,0.22,0.0365,0.1226
672.88,705.0,0.18,0.0365,0.1216
672.88,706.0,0.16,0.0365,0.1235
672.88,707.0,0.12,0.0365,0.1216
672.88,708.0,0.12,0.0365,0.1231
672.88,709.0,0.09,0.0365,0.1228
672.88,710.0,0.1,0.0365,0.1238
672.88,711.0,0.08,0.0365,0.1248
672.88,712.0,0.13,0.0365,0.1255
672.88,713.0,0.08,0.0365,0.1279
672.88,714.0,0.06,0.0365,0.1284
672.88,715.0,0.06,0.0365,0.1309
672.88,716.0,0.06,0.0365,0.1309
672.88,717.0,0.05,0.0365,0.1338
672.88,718.0,0.05,0.0365,0.1333
672.88,719.0,0.06,0.0365,0.1358
672.88,720.0,0.05,0.0365,0.1382
672.88,722.0,0.04,0.0365,0.1397
672.88,725.0,0.04,0.0365,0.1465
672.88,730.0,0.03,0.0365,0.1582
672.88,735.0,0.02,0.0365,0.165
672.88,740.0,0.02,0.0365,0.1758
672.88,745.0,0.03,0.0365,0.1875
672.88,750.0,0.02,0.0365,0.1983
672.88,755.0,0.03,0.0365,0.209
672.88,760.0,0.02,0.0365,0.2197
672.88,765.0,0.02,0.0365,0.2305
672.88,770.0,0.02,0.0365,0.2402
672.88,775.0,0.02,0.0365,0.251
672.88,780.0,0.02,0.0365,0.2617
672.88,785.0,0.02,0.0365,0.2715
672.88,790.0,0.03,0.0365,0.2813
672.88,525.0,160.49,0.0557,0.5728
672.88,530.0,153.64,0.0557,0.5547
672.88,540.0,125.55,0.0557,0.5242
672.88,545.0,129.68,0.0557,0.5105
672.88,550.0,134.55,0.0557,0.5826
672.88,560.0,125.14,0.0557,0.5169
672.88,565.0,100.96,0.0557,0.511
672.88,570.0,106.67,0.0557,0.509
672.88,575.0,110.1,0.0557,0.4746
672.88,580.0,106.94,0.0557,0.47
672.88,585.0,100.81,0.0557,0.4322
672.88,590.0,90.63,0.0557,0.4137
672.88,595.0,90.71,0.0557,0.3976
672.88,600.0,68.35,0.0557,0.3883
672.88,605.0,71.7,0.0557,0.3272
672.88,610.0,66.5,0.0557,0.3095
672.88,615.0,66.81,0.0557,0.2977
672.88,620.0,51.38,0.0557,0.2866
672.88,625.0,47.29,0.0557,0.2725
672.88,630.0,46.8,0.0557,0.2609
672.88,635.0,38.55,0.0557,0.251
672.88,640.0,37.52,0.0557,0.2367
672.88,641.0,37.65,0.0557,0.2354
672.88,642.0,31.83,0.0557,0.233
672.88,643.0,39.68,0.0557,0.2309
672.88,644.0,43.95,0.0557,0.2297
672.88,645.0,29.97,0.0557,0.2264
672.88,646.0,27.82,0.0557,0.2245
672.88,647.0,32.13,0.0557,0.2218
672.88,648.0,24.07,0.0557,0.2213
672.88,649.0,32.38,0.0557,0.2184
672.88,650.0,26.62,0.0557,0.2183
672.88,651.0,27.3,0.0557,0.2162
672.88,652.0,23.12,0.0557,0.2123
672.88,653.0,23.04,0.0557,0.2095
672.88,654.0,22.2,0.0557,0.2081
672.88,655.0,20.35,0.0557,0.2075
672.88,656.0,23.65,0.0557,0.2044
672.88,657.0,22.98,0.0557,0.2036
672.88,658.0,19.52,0.0557,0.1999
672.88,659.0,17.21,0.0557,0.1975
672.88,660.0,18.62,0.0557,0.1954
672.88,661.0,16.77,0.0557,0.1943
672.88,662.0,19.0,0.0557,0.1915
672.88,663.0,17.18,0.0557,0.1902
672.88,664.0,15.76,0.0557,0.1878
672.88,665.0,16.5,0.0557,0.1857
672.88,666.0,15.06,0.0557,0.1842
672.88,667.0,14.36,0.0557,0.182
672.88,668.0,13.36,0.0557,0.1797
672.88,669.0,12.62,0.0557,0.1782
672.88,670.0,12.99,0.0557,0.1769
672.88,671.0,12.26,0.0557,0.1749
672.88,672.0,11.98,0.0557,0.1731
672.88,673.0,11.1,0.0557,0.17
672.88,674.0,10.65,0.0557,0.1687
672.88,675.0,10.15,0.0557,0.1667
672.88,676.0,9.2,0.0557,0.1647
672.88,677.0,8.76,0.0557,0.1632
672.88,678.0,8.32,0.0557,0.1613
672.88,679.0,6.38,0.0557,0.1594
672.88,680.0,7.28,0.0557,0.1577
672.88,681.0,6.64,0.0557,0.1551
672.88,682.0,5.56,0.0557,0.1538
672.88,683.0,5.38,0.0557,0.152
672.88,684.0,5.5,0.0557,0.1503
672.88,685.0,5.11,0.0557,0.1494
672.88,686.0,4.6,0.0557,0.1473
672.88,687.0,3.88,0.0557,0.1457
672.88,688.0,3.89,0.0557,0.1446
672.88,689.0,3.13,0.0557,0.1431
672.88,690.0,3.22,0.0557,0.1417
672.88,691.0,2.7,0.0557,0.14
672.88,692.0,2.66,0.0557,0.1391
672.88,693.0,2.42,0.0557,0.1375
672.88,694.0,2.0,0.0557,0.1368
672.88,695.0,1.9,0.0557,0.1358
672.88,696.0,1.4,0.0557,0.1344
672.88,697.0,1.48,0.0557,0.1334
672.88,698.0,1.18,0.0557,0.1324
672.88,699.0,1.17,0.0557,0.1325
672.88,700.0,1.17,0.0557,0.1309
672.88,701.0,0.9,0.0557,0.1304
672.88,702.0,0.74,0.0557,0.1298
672.88,703.0,0.65,0.0557,0.1288
672.88,704.0,0.72,0.0557,0.1287
672.88,705.0,0.66,0.0557,0.1282
672.88,706.0,0.53,0.0557,0.1279
672.88,707.0,0.47,0.0557,0.1279
672.88,708.0,0.47,0.0557,0.1281
672.88,709.0,0.37,0.0557,0.1279
672.88,710.0,0.33,0.0557,0.127
672.88,715.0,0.2,0.0557,0.127
672.88,720.0,0.12,0.0557,0.1294
672.88,725.0,0.08,0.0557,0.1338
672.88,730.0,0.06,0.0557,0.1372
672.88,735.0,0.05,0.0557,0.1441
672.88,740.0,0.04,0.0557,0.1504
672.88,745.0,0.04,0.0557,0.1592
672.88,750.0,0.04,0.0557,0.169
672.88,755.0,0.03,0.0557,0.1777
672.88,760.0,0.03,0.0557,0.1816
672.88,765.0,0.02,0.0557,0.1895
672.88,770.0,0.02,0.0557,0.1992
672.88,775.0,0.03,0.0557,0.207
672.88,780.0,0.02,0.0557,0.2158
672.88,785.0,0.02,0.0557,0.2246
672.88,790.0,0.03,0.0557,0.2324
672.88,525.0,144.18,0.0748,0.5328
672.88,540.0,145.48,0.0748,0.5649
672.88,545.0,139.96,0.0748,0.5487
672.88,560.0,115.26,0.0748,0.4821
672.88,565.0,119.66,0.0748,0.4658
672.88,570.0,98.19,0.0748,0.4495
672.88,580.0,101.31,0.0748,0.4202
672.88,590.0,89.7,0.0748,0.392
672.88,600.0,75.58,0.0748,0.3344
672.88,605.0,71.68,0.0748,0.3207
672.88,610.0,62.54,0.0748,0.3065
672.88,615.0,58.42,0.0748,0.2945
672.88,620.0,55.64,0.0748,0.2837
672.88,625.0,55.43,0.0748,0.2729
672.88,630.0,47.5,0.0748,0.2638
672.88,635.0,39.77,0.0748,0.2509
672.88,640.0,36.95,0.0748,0.2402
672.88,645.0,36.14,0.0748,0.2302
672.88,650.0,27.67,0.0748,0.2213
672.88,655.0,23.6,0.0748,0.2124
672.88,656.0,25.03,0.0748,0.2098
672.88,657.0,19.58,0.0748,0.2071
672.88,658.0,21.7,0.0748,0.2056
672.88,659.0,25.61,0.0748,0.2044
672.88,660.0,22.68,0.0748,0.2019
672.88,661.0,23.83,0.0748,0.1996
672.88,662.0,17.25,0.0748,0.1973
672.88,663.0,19.25,0.0748,0.1989
672.88,664.0,17.45,0.0748,0.194
672.88,665.0,18.78,0.0748,0.1932
672.88,666.0,15.71,0.0748,0.191
672.88,667.0,16.05,0.0748,0.1897
672.88,668.0,16.59,0.0748,0.187
672.88,669.0,15.57,0.0748,0.1852
672.88,670.0,15.31,0.0748,0.1829
672.88,671.0,13.7,0.0748,0.182
672.88,672.0,14.01,0.0748,0.1796
672.88,673.0,13.51,0.0748,0.1784
672.88,674.0,12.79,0.0748,0.1771
672.88,675.0,12.35,0.0748,0.1743
672.88,676.0,10.04,0.0748,0.1731
672.88,677.0,10.77,0.0748,0.1713
672.88,678.0,9.9,0.0748,0.17
672.88,679.0,9.42,0.0748,0.1676
672.88,680.0,9.47,0.0748,0.1661
672.88,681.0,8.38,0.0748,0.1654
672.88,682.0,8.33,0.0748,0.1633
672.88,683.0,7.89,0.0748,0.1619
672.88,684.0,7.16,0.0748,0.1599
672.88,685.0,6.54,0.0748,0.1587
672.88,686.0,6.64,0.0748,0.1565
672.88,687.0,5.94,0.0748,0.1562
672.88,688.0,5.74,0.0748,0.1545
672.88,689.0,5.05,0.0748,0.1528
672.88,690.0,5.12,0.0748,0.1516
672.88,691.0,4.72,0.0748,0.15
672.88,692.0,4.25,0.0748,0.1493
672.88,693.0,4.01,0.0748,0.1481
672.88,694.0,3.71,0.0748,0.1472
672.88,695.0,3.46,0.0748,0.1462
672.88,696.0,3.14,0.0748,0.1451
672.88,697.0,2.33,0.0748,0.1442
672.88,698.0,2.46,0.0748,0.143
672.88,699.0,2.23,0.0748,0.142
672.88,700.0,2.31,0.0748,0.1417
672.88,701.0,2.12,0.0748,0.1408
672.88,702.0,1.75,0.0748,0.1399
672.88,703.0,1.77,0.0748,0.139
672.88,704.0,1.52,0.0748,0.1386
672.88,705.0,1.49,0.0748,0.138
672.88,706.0,1.12,0.0748,0.1373
672.88,707.0,1.02,0.0748,0.1368
672.88,708.0,1.05,0.0748,0.1362
672.88,709.0,0.97,0.0748,0.1365
672.88,710.0,0.97,0.0748,0.1354
672.88,715.0,0.6,0.0748,0.1347
672.88,720.0,0.37,0.0748,0.1351
672.88,725.0,0.24,0.0748,0.136
672.88,730.0,0.16,0.0748,0.137
672.88,735.0,0.1,0.0748,0.1399
672.88,740.0,0.08,0.0748,0.1436
672.88,745.0,0.07,0.0748,0.148
672.88,750.0,0.05,0.0748,0.1533
672.88,755.0,0.03,0.0748,0.1587
672.88,760.0,0.04,0.0748,0.1631
672.88,765.0,0.03,0.0748,0.1704
672.88,770.0,0.03,0.0748,0.1777
672.88,775.0,0.04,0.0748,0.1856
672.88,780.0,0.04,0.0748,0.1934
672.88,785.0,0.03,0.0748,0.1953
672.88,790.0,0.03,0.0748,0.2022
672.88,525.0,143.8,0.094,0.5651
672.88,530.0,142.1,0.094,0.5363
672.88,535.0,136.32,0.094,0.54
672.88,540.0,132.79,0.094,0.5252
672.88,545.0,130.22,0.094,0.4979
672.88,550.0,124.58,0.094,0.4922
672.88,555.0,114.0,0.094,0.4556
672.88,560.0,109.29,0.094,0.4498
672.88,565.0,104.4,0.094,0.4479
672.88,570.0,98.51,0.094,0.4299
672.88,575.0,96.5,0.094,0.4183
672.88,580.0,91.0,0.094,0.3928
672.88,585.0,87.0,0.094,0.3927
672.88,590.0,80.89,0.094,0.3713
672.88,595.0,78.76,0.094,0.3631
672.88,600.0,73.1,0.094,0.3375
672.88,601.0,74.42,0.094,0.3436
672.88,602.0,77.87,0.094,0.3403
672.88,603.0,75.05,0.094,0.3392
672.88,604.0,82.71,0.094,0.3352
672.88,605.0,68.42,0.094,0.3342
672.88,606.0,82.43,0.094,0.3371
672.88,607.0,86.85,0.094,0.3051
672.88,608.0,79.23,0.094,0.3037
672.88,609.0,77.63,0.094,0.2985
672.88,610.0,63.91,0.094,0.2954
672.88,611.0,76.54,0.094,0.2971
672.88,612.0,76.45,0.094,0.292
672.88,613.0,75.55,0.094,0.2902
672.88,614.0,63.35,0.094,0.2888
672.88,615.0,60.99,0.094,0.2841
672.88,616.0,63.91,0.094,0.2831
672.88,619.0,52.87,0.094,0.2768
672.88,620.0,54.46,0.094,0.2754
672.88,621.0,66.64,0.094,0.2741
672.88,622.0,65.12,0.094,0.2711
672.88,623.0,54.73,0.094,0.2704
672.88,624.0,52.65,0.094,0.2671
672.88,625.0,47.89,0.094,0.264
672.88,626.0,61.88,0.094,0.2654
672.88,627.0,46.67,0.094,0.2616
672.88,628.0,47.34,0.094,0.2606
672.88,629.0,52.31,0.094,0.257
672.88,630.0,48.4,0.094,0.254
672.88,631.0,43.87,0.094,0.2545
672.88,632.0,43.88,0.094,0.2519
672.88,635.0,44.9,0.094,0.2451
672.88,636.0,52.95,0.094,0.2462
672.88,637.0,52.01,0.094,0.2415
672.88,638.0,51.1,0.094,0.2401
672.88,639.0,38.86,0.094,0.238
672.88,640.0,40.14,0.094,0.2355
672.88,641.0,35.97,0.094,0.2338
672.88,642.0,47.19,0.094,0.2318
672.88,643.0,32.1,0.094,0.2308
672.88,644.0,33.72,0.094,0.2279
672.88,645.0,32.57,0.094,0.227
672.88,646.0,31.77,0.094,0.225
672.88,647.0,30.81,0.094,0.2232
672.88,648.0,38.04,0.094,0.2204
672.88,649.0,32.83,0.094,0.2185
672.88,650.0,30.5,0.094,0.2158
672.88,651.0,30.82,0.094,0.2147
672.88,652.0,34.9,0.094,0.2143
672.88,653.0,37.99,0.094,0.21
672.88,654.0,25.46,0.094,0.2077
672.88,655.0,27.28,0.094,0.2066
672.88,656.0,27.48,0.094,0.2042
672.88,657.0,24.67,0.094,0.2023
672.88,658.0,22.44,0.094,0.2003
672.88,659.0,21.93,0.094,0.1998
672.88,660.0,21.99,0.094,0.1978
672.88,661.0,21.65,0.094,0.1953
672.88,662.0,18.5,0.094,0.1935
672.88,663.0,21.65,0.094,0.192
672.88,664.0,18.9,0.094,0.1898
672.88,665.0,20.0,0.094,0.1889
672.88,666.0,19.34,0.094,0.1867
672.88,667.0,17.4,0.094,0.1852
672.88,668.0,17.0,0.094,0.1834
672.88,669.0,17.23,0.094,0.1819
672.88,670.0,16.83,0.094,0.1804
672.88,671.0,15.99,0.094,0.1786
672.88,672.0,15.53,0.094,0.1772
672.88,673.0,13.97,0.094,0.1756
672.88,674.0,13.48,0.094,0.1737
672.88,675.0,13.53,0.094,0.1724
672.88,676.0,12.33,0.094,0.1706
672.88,677.0,12.03,0.094,0.1693
672.88,678.0,11.35,0.094,0.168
672.88,679.0,11.22,0.094,0.1666
672.88,680.0,10.64,0.094,0.165
672.88,681.0,10.26,0.094,0.1629
672.88,682.0,9.62,0.094,0.1619
672.88,683.0,8.67,0.094,0.1603
672.88,684.0,8.21,0.094,0.1598
672.88,685.0,8.15,0.094,0.158
672.88,686.0,7.76,0.094,0.1565
672.88,687.0,6.98,0.094,0.1554
672.88,688.0,6.54,0.094,0.1541
672.88,689.0,6.42,0.094,0.1529
672.88,690.0,6.1,0.094,0.1519
672.88,691.0,5.78,0.094,0.1509
672.88,692.0,5.4,0.094,0.1498
672.88,693.0,4.78,0.094,0.1487
672.88,694.0,4.57,0.094,0.1478
672.88,695.0,4.48,0.094,0.1468
672.88,696.0,3.96,0.094,0.1457
672.88,697.0,3.82,0.094,0.145
672.88,698.0,3.42,0.094,0.1441
672.88,699.0,3.19,0.094,0.1435
672.88,700.0,3.17,0.094,0.1426
672.88,701.0,2.96,0.094,0.1422
672.88,702.0,2.72,0.094,0.1417
672.88,703.0,2.56,0.094,0.1407
672.88,704.0,2.36,0.094,0.1402
672.88,705.0,2.24,0.094,0.1402
672.88,706.0,2.05,0.094,0.1393
672.88,707.0,1.78,0.094,0.1388
672.88,708.0,1.65,0.094,0.1384
672.88,709.0,1.63,0.094,0.1377
672.88,710.0,1.42,0.094,0.1376
672.88,711.0,1.31,0.094,0.1371
672.88,712.0,1.21,0.094,0.1369
672.88,713.0,0.96,0.094,0.1368
672.88,714.0,1.02,0.094,0.1367
672.88,715.0,1.04,0.094,0.1372
672.88,716.0,0.9,0.094,0.136
672.88,717.0,0.82,0.094,0.1362
672.88,718.0,0.74,0.094,0.1361
672.88,719.0,0.6,0.094,0.1356
672.88,720.0,0.67,0.094,0.1359
672.88,725.0,0.48,0.094,0.1368
672.88,730.0,0.32,0.094,0.1372
672.88,735.0,0.21,0.094,0.1387
672.88,740.0,0.16,0.094,0.1401
672.88,745.0,0.12,0.094,0.1433
672.88,750.0,0.1,0.094,0.1465
672.88,755.0,0.07,0.094,0.1499
672.88,760.0,0.07,0.094,0.1553
672.88,765.0,0.06,0.094,0.1597
672.88,770.0,0.05,0.094,0.1636
672.88,775.0,0.04,0.094,0.1709
672.88,780.0,0.04,0.094,0.1738
672.88,785.0,0.04,0.094,0.1797
672.88,790.0,0.04,0.094,0.1865
672.88,795.0,0.03,0.094,0.1934
672.88,800.0,0.03,0.094,0.1992
672.88,805.0,0.03,0.094,0.2061
672.88,810.0,0.03,0.094,0.207
672.88,815.0,0.03,0.094,0.2129
672.88,820.0,0.03,0.094,0.2188
672.88,600.0,72.51,0.1132,0.3245
672.88,610.0,63.59,0.1132,0.282
672.88,620.0,56.65,0.1132,0.264
672.88,625.0,52.0,0.1132,0.254
672.88,630.0,47.75,0.1132,0.2439
672.88,640.0,36.67,0.1132,0.2235
672.88,645.0,39.0,0.1132,0.218
672.88,655.0,23.17,0.1132,0.1972
672.88,660.0,23.07,0.1132,0.1879
672.88,661.0,24.23,0.1132,0.1875
672.88,662.0,30.57,0.1132,0.1855
672.88,663.0,19.35,0.1132,0.1836
672.88,664.0,18.95,0.1132,0.1819
672.88,665.0,19.97,0.1132,0.1809
672.88,666.0,17.59,0.1132,0.1787
672.88,667.0,18.18,0.1132,0.1777
672.88,668.0,17.5,0.1132,0.176
672.88,669.0,17.84,0.1132,0.1743
672.88,670.0,17.36,0.1132,0.1731
672.88,671.0,16.08,0.1132,0.1713
672.88,672.0,16.0,0.1132,0.1706
672.88,673.0,13.6,0.1132,0.1683
672.88,674.0,12.9,0.1132,0.1673
672.88,675.0,14.33,0.1132,0.1656
672.88,676.0,10.45,0.1132,0.1641
672.88,677.0,11.48,0.1132,0.1628
672.88,678.0,12.0,0.1132,0.1615
672.88,679.0,10.31,0.1132,0.1603
672.88,680.0,10.79,0.1132,0.1591
672.88,681.0,8.47,0.1132,0.1583
672.88,682.0,9.07,0.1132,0.1565
672.88,683.0,8.3,0.1132,0.1549
672.88,684.0,7.93,0.1132,0.1545
672.88,685.0,8.45,0.1132,0.1526
672.88,686.0,7.09,0.1132,0.1514
672.88,687.0,7.73,0.1132,0.1504
672.88,688.0,6.4,0.1132,0.1494
672.88,689.0,6.19,0.1132,0.1483
672.88,690.0,6.45,0.1132,0.1472
672.88,691.0,5.58,0.1132,0.1466
672.88,692.0,5.35,0.1132,0.1452
672.88,693.0,5.22,0.1132,0.1446
672.88,694.0,4.91,0.1132,0.1434
672.88,695.0,4.82,0.1132,0.143
672.88,696.0,4.53,0.1132,0.1419
672.88,697.0,4.26,0.1132,0.1411
672.88,698.0,4.0,0.1132,0.1402
672.88,699.0,3.75,0.1132,0.1397
672.88,700.0,3.73,0.1132,0.1393
672.88,701.0,3.05,0.1132,0.1381
672.88,702.0,2.37,0.1132,0.1378
672.88,704.0,2.61,0.1132,0.1366
672.88,705.0,2.37,0.1132,0.1359
672.88,706.0,2.03,0.1132,0.1352
672.88,707.0,2.22,0.1132,0.1348
672.88,708.0,1.75,0.1132,0.1347
672.88,709.0,1.89,0.1132,0.1344
672.88,710.0,1.85,0.1132,0.1336
672.88,715.0,1.34,0.1132,0.1323
672.88,720.0,0.81,0.1132,0.1322
672.88,725.0,0.54,0.1132,0.1318
672.88,730.0,0.42,0.1132,0.1328
672.88,740.0,0.2,0.1132,0.1358
672.88,745.0,0.13,0.1132,0.1382
672.88,750.0,0.13,0.1132,0.1399
672.88,760.0,0.08,0.1132,0.1462
672.88,765.0,0.08,0.1132,0.1489
672.88,770.0,0.11,0.1132,0.1553
672.88,525.0,146.07,0.1269,0.4946
672.88,530.0,147.13,0.1269,0.4842
672.88,535.0,150.9,0.1269,0.4716
672.88,536.0,131.69,0.1269,0.0
672.88,537.0,133.75,0.1269,0.4442
672.88,538.0,83.0,0.1269,0.0
672.88,539.0,121.68,0.1269,0.0
672.88,540.0,131.03,0.1269,0.4579
672.88,541.0,117.98,0.1269,0.0
672.88,542.0,143.65,0.1269,0.4503
672.88,543.0,142.06,0.1269,0.4506
672.88,544.0,132.99,0.1269,0.4436
672.88,545.0,127.22,0.1269,0.4412
672.88,546.0,121.49,0.1269,0.228
672.88,547.0,124.79,0.1269,0.4361
672.88,548.0,137.87,0.1269,0.4361
672.88,549.0,126.21,0.1269,0.4329
672.88,550.0,124.87,0.1269,0.4338
672.88,551.0,122.34,0.1269,0.4138
672.88,552.0,141.45,0.1269,0.4269
672.88,553.0,139.18,0.1269,0.4092
672.88,554.0,121.73,0.1269,0.4068
672.88,555.0,124.01,0.1269,0.4178
672.88,556.0,113.93,0.1269,0.4024
672.88,557.0,128.2,0.1269,0.4154
672.88,558.0,112.62,0.1269,0.3982
672.88,559.0,118.95,0.1269,0.3958
672.88,560.0,115.0,0.1269,0.4067
672.88,561.0,120.38,0.1269,0.3903
672.88,562.0,124.38,0.1269,0.3892
672.88,563.0,125.15,0.1269,0.3857
672.88,564.0,123.12,0.1269,0.3971
672.88,565.0,106.6,0.1269,0.3946
672.88,566.0,80.71,0.1269,0.0
672.88,567.0,120.69,0.1269,0.3771
672.88,568.0,100.84,0.1269,0.3859
672.88,569.0,122.6,0.1269,0.385
672.88,570.0,105.65,0.1269,0.3816
672.88,571.0,111.94,0.1269,0.3696
672.88,572.0,103.41,0.1269,0.3674
672.88,573.0,107.25,0.1269,0.3745
672.88,574.0,101.0,0.1269,0.3618
672.88,575.0,96.95,0.1269,0.3741
672.88,576.0,103.68,0.1269,0.3586
672.88,577.0,102.69,0.1269,0.3691
672.88,578.0,97.52,0.1269,0.364
672.88,579.0,101.75,0.1269,0.3627
672.88,580.0,96.0,0.1269,0.3572
672.88,581.0,96.0,0.1269,0.3561
672.88,582.0,106.26,0.1269,0.3547
672.88,583.0,85.49,0.1269,0.354
672.88,584.0,99.61,0.1269,0.3502
672.88,585.0,87.74,0.1269,0.3488
672.88,586.0,91.36,0.1269,0.3468
672.88,587.0,93.23,0.1269,0.3458
672.88,588.0,93.5,0.1269,0.3349
672.88,589.0,91.13,0.1269,0.3329
672.88,590.0,82.36,0.1269,0.3083
672.88,591.0,91.87,0.1269,0.3354
672.88,592.0,86.0,0.1269,0.3339
672.88,593.0,77.37,0.1269,0.325
672.88,594.0,78.68,0.1269,0.3294
672.88,595.0,78.13,0.1269,0.3279
672.88,596.0,96.13,0.1269,0.3246
672.88,597.0,75.12,0.1269,0.318
672.88,598.0,78.99,0.1269,0.3041
672.88,599.0,83.62,0.1269,0.3034
672.88,600.0,75.82,0.1269,0.2968
672.88,601.0,68.45,0.1269,0.2981
672.88,602.0,75.27,0.1269,0.2972
672.88,603.0,74.33,0.1269,0.295
672.88,604.0,73.43,0.1269,0.2914
672.88,605.0,68.87,0.1269,0.2886
672.88,606.0,79.95,0.1269,0.2888
672.88,607.0,66.92,0.1269,0.2882
672.88,608.0,69.28,0.1269,0.2833
672.88,609.0,72.24,0.1269,0.2815
672.88,610.0,68.92,0.1269,0.2758
672.88,611.0,71.32,0.1269,0.2782
672.88,612.0,77.93,0.1269,0.2771
672.88,613.0,57.23,0.1269,0.2752
672.88,614.0,60.06,0.1269,0.2723
672.88,615.0,71.66,0.1269,0.2694
672.88,616.0,70.72,0.1269,0.269
672.88,617.0,63.74,0.1269,0.2659
672.88,618.0,65.98,0.1269,0.265
672.88,619.0,60.8,0.1269,0.2631
672.88,620.0,58.4,0.1269,0.2586
672.88,621.0,74.08,0.1269,0.2594
672.88,622.0,56.14,0.1269,0.2589
672.88,623.0,56.33,0.1269,0.2567
672.88,624.0,64.2,0.1269,0.253
672.88,625.0,50.78,0.1269,0.2499
672.88,626.0,48.75,0.1269,0.2491
672.88,627.0,63.63,0.1269,0.2492
672.88,628.0,60.46,0.1269,0.2456
672.88,629.0,46.13,0.1269,0.244
672.88,630.0,52.52,0.1269,0.2368
672.88,631.0,48.5,0.1269,0.24
672.88,632.0,48.3,0.1269,0.2383
672.88,633.0,40.35,0.1269,0.2365
672.88,634.0,55.6,0.1269,0.2364
672.88,635.0,45.53,0.1269,0.228
672.88,636.0,54.72,0.1269,0.2317
672.88,637.0,43.12,0.1269,0.231
672.88,638.0,37.04,0.1269,0.2282
672.88,639.0,36.22,0.1269,0.2261
672.88,640.0,40.12,0.1269,0.2207
672.88,641.0,47.31,0.1269,0.2231
672.88,642.0,51.91,0.1269,0.2222
672.88,643.0,42.37,0.1269,0.2191
672.88,644.0,33.92,0.1269,0.2176
672.88,645.0,35.93,0.1269,0.2117
672.88,646.0,42.28,0.1269,0.2146
672.88,647.0,35.29,0.1269,0.2135
672.88,648.0,40.37,0.1269,0.2113
672.88,649.0,41.22,0.1269,0.2091
672.88,650.0,31.86,0.1269,0.2043
672.88,651.0,32.26,0.1269,0.1998
672.88,652.0,30.5,0.1269,0.1987
672.88,653.0,37.76,0.1269,0.1964
672.88,654.0,30.03,0.1269,0.1947
672.88,655.0,26.45,0.1269,0.1933
672.88,656.0,25.19,0.1269,0.1915
672.88,657.0,32.54,0.1269,0.1903
672.88,658.0,23.33,0.1269,0.1888
672.88,659.0,25.22,0.1269,0.1878
672.88,660.0,23.59,0.1269,0.1857
672.88,661.0,20.94,0.1269,0.1843
672.88,662.0,22.33,0.1269,0.1831
672.88,663.0,20.9,0.1269,0.1814
672.88,664.0,21.4,0.1269,0.1799
672.88,665.0,20.78,0.1269,0.1791
672.88,666.0,19.0,0.1269,0.1773
672.88,667.0,20.06,0.1269,0.1758
672.88,668.0,18.11,0.1269,0.1742
672.88,669.0,18.82,0.1269,0.1733
672.88,670.0,18.4,0.1269,0.1722
672.88,671.0,17.7,0.1269,0.1702
672.88,672.0,16.85,0.1269,0.169
672.88,673.0,16.28,0.1269,0.1675
672.88,674.0,13.62,0.1269,0.1668
672.88,675.0,15.0,0.1269,0.1649
672.88,676.0,13.48,0.1269,0.1638
672.88,677.0,13.1,0.1269,0.163
672.88,678.0,11.99,0.1269,0.1616
672.88,679.0,10.88,0.1269,0.1599
672.88,680.0,12.2,0.1269,0.159
672.88,681.0,11.57,0.1269,0.158
672.88,682.0,10.77,0.1269,0.1569
672.88,683.0,10.25,0.1269,0.1552
672.88,684.0,9.44,0.1269,0.1542
672.88,685.0,9.87,0.1269,0.1535
672.88,686.0,9.33,0.1269,0.1517
672.88,687.0,8.47,0.1269,0.1513
672.88,688.0,7.96,0.1269,0.1499
672.88,689.0,7.99,0.1269,0.1487
672.88,690.0,7.55,0.1269,0.1479
672.88,691.0,6.5,0.1269,0.1471
672.88,692.0,5.92,0.1269,0.146
672.88,693.0,5.71,0.1269,0.1455
672.88,694.0,5.41,0.1269,0.1441
672.88,695.0,5.75,0.1269,0.1432
672.88,696.0,4.71,0.1269,0.1428
672.88,697.0,4.34,0.1269,0.1416
672.88,698.0,4.24,0.1269,0.1413
672.88,699.0,3.84,0.1269,0.1401
672.88,700.0,4.29,0.1269,0.1394
672.88,701.0,3.42,0.1269,0.1388
672.88,702.0,3.81,0.1269,0.1383
672.88,703.0,3.54,0.1269,0.1377
672.88,704.0,3.22,0.1269,0.1373
672.88,705.0,3.25,0.1269,0.1366
672.88,706.0,2.59,0.1269,0.136
672.88,707.0,2.68,0.1269,0.1356
672.88,708.0,2.46,0.1269,0.135
672.88,709.0,1.9,0.1269,0.1352
672.88,710.0,2.23,0.1269,0.1342
672.88,715.0,1.43,0.1269,0.1328
672.88,720.0,1.2,0.1269,0.1322
672.88,725.0,0.84,0.1269,0.1321
672.88,730.0,0.57,0.1269,0.1325
672.88,735.0,0.4,0.1269,0.1337
672.88,740.0,0.32,0.1269,0.1336
672.88,745.0,0.23,0.1269,0.1353
672.88,750.0,0.18,0.1269,0.1379
672.88,755.0,0.13,0.1269,0.1394
672.88,760.0,0.11,0.1269,0.1433
672.88,765.0,0.07,0.1269,0.145
672.88,770.0,0.11,0.1269,0.1494
672.88,775.0,0.06,0.1269,0.1533
672.88,780.0,0.05,0.1269,0.1567
672.88,785.0,0.05,0.1269,0.1597
672.88,790.0,0.05,0.1269,0.165
672.88,525.0,160.78,0.1707,0.4573
672.88,530.0,140.17,0.1707,0.4388
672.88,535.0,146.65,0.1707,0.4229
672.88,540.0,137.0,0.1707,0.4209
672.88,545.0,135.1,0.1707,0.4054
672.88,550.0,123.15,0.1707,0.4025
672.88,555.0,120.07,0.1707,0.3859
672.88,560.0,117.1,0.1707,0.371
672.88,565.0,112.15,0.1707,0.3778
672.88,570.0,106.4,0.1707,0.3583
672.88,575.0,103.04,0.1707,0.3523
672.88,580.0,97.69,0.1707,0.343
672.88,585.0,89.92,0.1707,0.3126
672.88,590.0,85.54,0.1707,0.3018
672.88,595.0,80.42,0.1707,0.295
672.88,600.0,78.59,0.1707,0.2871
672.88,605.0,75.46,0.1707,0.2792
672.88,610.0,70.12,0.1707,0.2709
672.88,615.0,61.09,0.1707,0.2636
672.88,620.0,58.89,0.1707,0.255
672.88,625.0,54.22,0.1707,0.2488
672.88,630.0,52.03,0.1707,0.2412
672.88,635.0,45.26,0.1707,0.233
672.88,640.0,44.71,0.1707,0.2252
672.88,645.0,39.52,0.1707,0.2176
672.88,650.0,36.51,0.1707,0.2101
672.88,655.0,29.74,0.1707,0.2035
672.88,660.0,29.06,0.1707,0.1961
672.88,665.0,25.19,0.1707,0.1882
672.88,670.0,22.01,0.1707,0.1823
672.88,675.0,18.88,0.1707,0.176
672.88,680.0,15.85,0.1707,0.1697
672.88,685.0,13.37,0.1707,0.1645
672.88,690.0,10.8,0.1707,0.1591
672.88,695.0,8.71,0.1707,0.1547
672.88,700.0,6.92,0.1707,0.1505
672.88,705.0,5.46,0.1707,0.1466
672.88,710.0,4.27,0.1707,0.1436
672.88,715.0,3.29,0.1707,0.1413
672.88,720.0,2.44,0.1707,0.1395
672.88,725.0,1.85,0.1707,0.138
672.88,730.0,1.35,0.1707,0.1375
672.88,735.0,1.08,0.1707,0.1367
672.88,740.0,0.8,0.1707,0.1367
672.88,745.0,0.6,0.1707,0.1376
672.88,750.0,0.48,0.1707,0.138
672.88,755.0,0.3,0.1707,0.1394
672.88,760.0,0.27,0.1707,0.1394
672.88,765.0,0.19,0.1707,0.1408
672.88,770.0,0.18,0.1707,0.1428
672.88,775.0,0.12,0.1707,0.1441
672.88,780.0,0.09,0.1707,0.147
672.88,785.0,0.11,0.1707,0.1475
672.88,790.0,0.08,0.1707,0.1504
672.88,795.0,0.07,0.1707,0.1533
672.88,800.0,0.06,0.1707,0.1587
672.88,805.0,0.06,0.1707,0.1611
672.88,810.0,0.05,0.1707,0.1631
672.88,815.0,0.05,0.1707,0.168
672.88,820.0,0.05,0.1707,0.1724
672.88,525.0,163.1,0.2091,0.4288
672.88,530.0,147.15,0.2091,0.4211
672.88,535.0,149.43,0.2091,0.4103
672.88,540.0,128.28,0.2091,0.5049
672.88,545.0,134.97,0.2091,0.3936
672.88,550.0,131.65,0.2091,0.3853
672.88,555.0,130.26,0.2091,0.3687
672.88,560.0,112.96,0.2091,0.3684
672.88,565.0,109.59,0.2091,0.3597
672.88,570.0,116.93,0.2091,0.352
672.88,572.0,98.5,0.2091,0.0
672.88,573.0,117.31,0.2091,0.3296
672.88,575.0,111.57,0.2091,0.324
672.88,576.0,113.75,0.2091,0.3238
672.88,577.0,92.59,0.2091,0.3228
672.88,578.0,106.58,0.2091,0.3216
672.88,579.0,92.68,0.2091,0.2891
672.88,580.0,103.08,0.2091,0.3177
672.88,581.0,80.65,0.2091,0.2614
672.88,582.0,91.21,0.2091,0.3152
672.88,584.0,93.3,0.2091,0.3111
672.88,585.0,99.72,0.2091,0.3084
672.88,586.0,89.6,0.2091,0.3082
672.88,587.0,100.27,0.2091,0.3064
672.88,590.0,99.11,0.2091,0.3018
672.88,592.0,74.98,0.2091,0.3299
672.88,593.0,102.21,0.2091,0.2978
672.88,594.0,82.72,0.2091,0.2975
672.88,595.0,89.3,0.2091,0.2934
672.88,596.0,84.95,0.2091,0.2932
672.88,597.0,89.66,0.2091,0.2916
672.88,598.0,75.51,0.2091,0.3754
672.88,599.0,79.33,0.2091,0.2877
672.88,600.0,75.07,0.2091,0.2868
672.88,601.0,91.7,0.2091,0.2868
672.88,602.0,81.7,0.2091,0.2844
672.88,603.0,81.96,0.2091,0.282
672.88,604.0,79.3,0.2091,0.2814
672.88,605.0,71.74,0.2091,0.2784
672.88,606.0,77.47,0.2091,0.2784
672.88,607.0,69.69,0.2091,0.2766
672.88,608.0,76.51,0.2091,0.2751
672.88,609.0,83.67,0.2091,0.2732
672.88,610.0,67.85,0.2091,0.2725
672.88,611.0,79.37,0.2091,0.2702
672.88,612.0,83.08,0.2091,0.2701
672.88,613.0,70.41,0.2091,0.268
672.88,614.0,76.52,0.2091,0.2665
672.88,615.0,69.18,0.2091,0.2637
672.88,616.0,73.42,0.2091,0.2633
672.88,617.0,67.28,0.2091,0.2617
672.88,618.0,66.6,0.2091,0.0
672.88,619.0,70.61,0.2091,0.2584
672.88,620.0,74.14,0.2091,0.2571
672.88,621.0,70.04,0.2091,0.2558
672.88,622.0,59.0,0.2091,0.254
672.88,623.0,64.92,0.2091,0.2688
672.88,624.0,68.71,0.2091,0.2514
672.88,625.0,56.15,0.2091,0.2492
672.88,626.0,55.54,0.2091,0.2484
672.88,627.0,62.02,0.2091,0.2475
672.88,628.0,60.27,0.2091,0.2459
672.88,629.0,62.54,0.2091,0.2451
672.88,630.0,52.24,0.2091,0.2423
672.88,631.0,57.01,0.2091,0.2413
672.88,632.0,49.5,0.2091,0.2399
672.88,633.0,54.07,0.2091,0.2386
672.88,634.0,60.92,0.2091,0.237
672.88,635.0,48.21,0.2091,0.2355
672.88,636.0,55.14,0.2091,0.2338
672.88,637.0,49.25,0.2091,0.2331
672.88,638.0,54.55,0.2091,0.2319
672.88,639.0,47.8,0.2091,0.23
672.88,640.0,44.19,0.2091,0.2279
672.88,641.0,55.45,0.2091,0.2272
672.88,642.0,58.9,0.2091,0.2262
672.88,643.0,59.25,0.2091,0.2239
672.88,644.0,40.04,0.2091,0.2228
672.88,645.0,43.15,0.2091,0.2214
672.88,646.0,37.96,0.2091,0.2203
672.88,647.0,48.24,0.2091,0.2191
672.88,648.0,35.29,0.2091,0.2164
672.88,649.0,42.84,0.2091,0.2155
672.88,650.0,39.26,0.2091,0.2143
672.88,651.0,38.98,0.2091,0.2127
672.88,652.0,36.43,0.2091,0.2107
672.88,653.0,37.66,0.2091,0.2098
672.88,654.0,36.13,0.2091,0.2087
672.88,655.0,32.85,0.2091,0.2072
672.88,656.0,39.68,0.2091,0.2055
672.88,657.0,40.74,0.2091,0.2046
672.88,658.0,31.92,0.2091,0.2032
672.88,659.0,39.44,0.2091,0.2016
672.88,660.0,28.79,0.2091,0.2004
672.88,661.0,29.59,0.2091,0.199
672.88,662.0,37.82,0.2091,0.198
672.88,663.0,27.85,0.2091,0.1963
672.88,664.0,26.34,0.2091,0.195
672.88,665.0,26.96,0.2091,0.1941
672.88,666.0,25.45,0.2091,0.1928
672.88,667.0,25.5,0.2091,0.1913
672.88,668.0,23.79,0.2091,0.1895
672.88,669.0,24.13,0.2091,0.1892
672.88,670.0,23.75,0.2091,0.1877
672.88,671.0,23.56,0.2091,0.1871
672.88,672.0,23.48,0.2091,0.1854
672.88,673.0,22.72,0.2091,0.1842
672.88,674.0,21.14,0.2091,0.1826
672.88,675.0,21.45,0.2091,0.1818
672.88,676.0,17.21,0.2091,0.1807
672.88,677.0,18.18,0.2091,0.1791
672.88,678.0,19.55,0.2091,0.1781
672.88,679.0,16.69,0.2091,0.1768
672.88,680.0,17.96,0.2091,0.1762
672.88,681.0,15.55,0.2091,0.175
672.88,682.0,15.35,0.2091,0.1736
672.88,683.0,16.33,0.2091,0.1727
672.88,684.0,16.12,0.2091,0.1717
672.88,685.0,14.84,0.2091,0.1701
672.88,686.0,14.0,0.2091,0.1691
672.88,687.0,13.23,0.2091,0.1685
672.88,688.0,13.1,0.2091,0.1673
672.88,689.0,15.19,0.2091,0.1659
672.88,690.0,13.26,0.2091,0.1649
672.88,691.0,11.68,0.2091,0.164
672.88,692.0,11.1,0.2091,0.1635
672.88,693.0,10.15,0.2091,0.1619
672.88,694.0,9.15,0.2091,0.1615
672.88,695.0,10.56,0.2091,0.1604
672.88,696.0,9.62,0.2091,0.1594
672.88,697.0,9.15,0.2091,0.1586
672.88,698.0,8.86,0.2091,0.1574
672.88,699.0,8.0,0.2091,0.1569
672.88,700.0,9.03,0.2091,0.1558
672.88,701.0,8.83,0.2091,0.1551
672.88,702.0,7.27,0.2091,0.1544
672.88,703.0,8.28,0.2091,0.1536
672.88,704.0,8.51,0.2091,0.1527
672.88,705.0,6.87,0.2091,0.152
672.88,706.0,8.16,0.2091,0.1513
672.88,707.0,7.2,0.2091,0.1506
672.88,708.0,8.94,0.2091,0.1501
672.88,709.0,5.41,0.2091,0.1497
672.88,710.0,5.93,0.2091,0.1488
672.88,711.0,4.77,0.2091,0.1482
672.88,712.0,5.65,0.2091,0.1477
672.88,713.0,4.21,0.2091,0.1471
672.88,714.0,3.82,0.2091,0.1466
672.88,715.0,4.7,0.2091,0.1461
672.88,716.0,5.35,0.2091,0.1455
672.88,717.0,4.31,0.2091,0.145
672.88,718.0,3.77,0.2091,0.1447
672.88,719.0,6.02,0.2091,0.144
672.88,720.0,3.19,0.2091,0.1437
672.88,721.0,3.03,0.2091,0.1433
672.88,722.0,2.89,0.2091,0.1428
672.88,723.0,2.6,0.2091,0.1425
672.88,724.0,4.52,0.2091,0.1422
672.88,725.0,2.52,0.2091,0.1418
672.88,726.0,3.35,0.2091,0.1415
672.88,727.0,2.18,0.2091,0.1411
672.88,728.0,3.22,0.2091,0.1409
672.88,729.0,1.94,0.2091,0.1405
672.88,730.0,1.94,0.2091,0.1405
672.88,731.0,2.44,0.2091,0.1413
672.88,732.0,2.84,0.2091,0.1398
672.88,733.0,3.18,0.2091,0.1398
672.88,734.0,1.49,0.2091,0.1395
672.88,735.0,1.37,0.2091,0.1394
672.88,736.0,1.86,0.2091,0.1391
672.88,737.0,2.58,0.2091,0.1395
672.88,738.0,1.38,0.2091,0.1389
672.88,739.0,1.17,0.2091,0.1389
672.88,740.0,1.26,0.2091,0.139
672.88,741.0,1.82,0.2091,0.1386
672.88,742.0,1.38,0.2091,0.1386
672.88,743.0,1.0,0.2091,0.1386
672.88,744.0,1.99,0.2091,0.1387
672.88,745.0,0.89,0.2091,0.1386
672.88,746.0,0.92,0.2091,0.1386
672.88,747.0,1.04,0.2091,0.1386
672.88,748.0,0.8,0.2091,0.1382
672.88,749.0,0.76,0.2091,0.1384
672.88,750.0,0.74,0.2091,0.1388
672.88,755.0,0.74,0.2091,0.1388
672.88,760.0,0.43,0.2091,0.1397
672.88,765.0,0.34,0.2091,0.1399
672.88,770.0,0.28,0.2091,0.1416
672.88,775.0,0.25,0.2091,0.1423
672.88,780.0,0.19,0.2091,0.1428
672.88,785.0,0.14,0.2091,0.1441
672.88,790.0,0.12,0.2091,0.1455
672.88,525.0,164.25,0.2666,0.4167
672.88,530.0,155.89,0.2666,0.4013
672.88,535.0,140.0,0.2666,0.4053
672.88,540.0,136.3,0.2666,0.385
672.88,545.0,145.72,0.2666,0.3843
672.88,550.0,131.59,0.2666,0.3691
672.88,555.0,126.96,0.2666,0.3686
672.88,560.0,121.99,0.2666,0.3537
672.88,565.0,116.86,0.2666,0.3374
672.88,570.0,122.23,0.2666,0.33
672.88,575.0,117.35,0.2666,0.3227
672.88,580.0,111.0,0.2666,0.3152
672.88,585.0,106.5,0.2666,0.3082
672.88,590.0,88.31,0.2666,0.302
672.88,595.0,86.48,0.2666,0.2934
672.88,600.0,82.75,0.2666,0.2869
672.88,605.0,77.65,0.2666,0.2799
672.88,610.0,72.37,0.2666,0.2725
672.88,615.0,71.18,0.2666,0.2663
672.88,620.0,68.89,0.2666,0.2589
672.88,625.0,63.79,0.2666,0.2526
672.88,630.0,54.2,0.2666,0.2457
672.88,635.0,52.99,0.2666,0.2392
672.88,640.0,49.75,0.2666,0.2326
672.88,645.0,45.07,0.2666,0.2255
672.88,650.0,41.54,0.2666,0.219
672.88,655.0,37.63,0.2666,0.2123
672.88,660.0,34.71,0.2666,0.206
672.88,665.0,31.09,0.2666,0.2003
672.88,670.0,28.31,0.2666,0.1943
672.88,675.0,25.41,0.2666,0.1885
672.88,680.0,22.4,0.2666,0.1826
672.88,685.0,19.52,0.2666,0.1772
672.88,690.0,16.24,0.2666,0.1724
672.88,695.0,13.95,0.2666,0.1674
672.88,700.0,12.18,0.2666,0.163
672.88,705.0,10.31,0.2666,0.1591
672.88,710.0,7.96,0.2666,0.1555
672.88,715.0,7.11,0.2666,0.1523
672.88,720.0,5.76,0.2666,0.1494
672.88,725.0,4.53,0.2666,0.147
672.88,730.0,3.64,0.2666,0.145
672.88,735.0,2.83,0.2666,0.1435
672.88,740.0,2.19,0.2666,0.1419
672.88,745.0,1.82,0.2666,0.141
672.88,750.0,1.45,0.2666,0.1405
672.88,755.0,1.27,0.2666,0.1401
672.88,760.0,1.0,0.2666,0.1404
672.88,765.0,0.87,0.2666,0.1401
672.88,770.0,0.64,0.2666,0.1411
672.88,775.0,0.5,0.2666,0.1414
672.88,780.0,0.4,0.2666,0.1416
672.88,785.0,0.36,0.2666,0.1419
672.88,790.0,0.28,0.2666,0.143
672.88,795.0,0.21,0.2666,0.1441
672.88,800.0,0.2,0.2666,0.1453
672.88,525.0,172.01,0.2858,0.4128
672.88,530.0,146.24,0.2858,0.4034
672.88,535.0,156.33,0.2858,0.3968
672.88,540.0,149.35,0.2858,0.3892
672.88,545.0,131.49,0.2858,0.3815
672.88,550.0,132.15,0.2858,0.374
672.88,555.0,130.0,0.2858,0.367
672.88,560.0,124.47,0.2858,0.3437
672.88,565.0,124.67,0.2858,0.337
672.88,570.0,107.97,0.2858,0.3298
672.88,575.0,111.14,0.2858,0.3229
672.88,580.0,108.44,0.2858,0.3151
672.88,581.0,109.06,0.2858,0.3141
672.88,582.0,80.81,0.2858,0.3418
672.88,584.0,106.29,0.2858,0.3117
672.88,585.0,104.79,0.2858,0.3084
672.88,586.0,77.1,0.2858,0.3306
672.88,587.0,105.68,0.2858,0.3059
672.88,588.0,106.64,0.2858,0.306
672.88,589.0,107.24,0.2858,0.3043
672.88,590.0,88.93,0.2858,0.301
672.88,591.0,95.26,0.2858,0.3011
672.88,592.0,86.86,0.2858,0.2989
672.88,593.0,72.17,0.2858,0.3208
672.88,594.0,84.05,0.2858,0.271
672.88,595.0,87.9,0.2858,0.2947
672.88,596.0,81.82,0.2858,0.2941
672.88,597.0,88.83,0.2858,0.2924
672.88,598.0,89.21,0.2858,0.2905
672.88,599.0,88.42,0.2858,0.29
672.88,600.0,91.23,0.2858,0.2873
672.88,601.0,75.97,0.2858,0.1776
672.88,602.0,79.5,0.2858,0.2698
672.88,603.0,86.45,0.2858,0.2844
672.88,604.0,77.64,0.2858,0.2677
672.88,605.0,85.39,0.2858,0.2918
672.88,606.0,73.55,0.2858,0.2798
672.88,607.0,87.1,0.2858,0.2791
672.88,609.0,53.7,0.2858,0.303
672.88,610.0,75.91,0.2858,0.2741
672.88,612.0,80.86,0.2858,0.2715
672.88,613.0,74.74,0.2858,0.2715
672.88,614.0,73.99,0.2858,0.2694
672.88,615.0,72.47,0.2858,0.2676
672.88,616.0,87.06,0.2858,0.2666
672.88,618.0,70.43,0.2858,0.2639
672.88,619.0,69.7,0.2858,0.0
672.88,620.0,68.65,0.2858,0.2603
672.88,622.0,60.73,0.2858,0.0
672.88,623.0,43.1,0.2858,0.2812
672.88,624.0,59.05,0.2858,0.2373
672.88,625.0,57.87,0.2858,0.2541
672.88,627.0,54.04,0.2858,0.1814
672.88,628.0,65.01,0.2858,0.2597
672.88,629.0,55.1,0.2858,0.2353
672.88,630.0,66.35,0.2858,0.2475
672.88,631.0,67.75,0.2858,0.2466
672.88,632.0,69.08,0.2858,0.2459
672.88,633.0,58.87,0.2858,0.2439
672.88,634.0,57.0,0.2858,0.2427
672.88,635.0,50.11,0.2858,0.2409
672.88,636.0,57.2,0.2858,0.2397
672.88,637.0,46.59,0.2858,0.2381
672.88,638.0,54.05,0.2858,0.2373
672.88,639.0,64.93,0.2858,0.2361
672.88,640.0,60.14,0.2858,0.2342
672.88,641.0,59.02,0.2858,0.2335
672.88,642.0,58.47,0.2858,0.2319
672.88,643.0,61.45,0.2858,0.2307
672.88,644.0,53.7,0.2858,0.2294
672.88,645.0,44.21,0.2858,0.2276
672.88,646.0,45.69,0.2858,0.2272
672.88,647.0,52.68,0.2858,0.2248
672.88,648.0,46.55,0.2858,0.2235
672.88,649.0,54.85,0.2858,0.2223
672.88,650.0,44.66,0.2858,0.2211
672.88,651.0,39.95,0.2858,0.22
672.88,652.0,38.54,0.2858,0.2183
672.88,653.0,48.5,0.2858,0.2171
672.88,654.0,40.07,0.2858,0.2154
672.88,655.0,40.15,0.2858,0.2147
672.88,656.0,46.04,0.2858,0.2134
672.88,657.0,41.7,0.2858,0.2121
672.88,658.0,44.9,0.2858,0.2111
672.88,659.0,44.95,0.2858,0.2096
672.88,660.0,37.41,0.2858,0.2085
672.88,661.0,33.66,0.2858,0.208
672.88,662.0,32.88,0.2858,0.2062
672.88,663.0,33.82,0.2858,0.2053
672.88,664.0,30.12,0.2858,0.2044
672.88,665.0,33.01,0.2858,0.203
672.88,666.0,29.6,0.2858,0.2017
672.88,667.0,29.49,0.2858,0.2004
672.88,668.0,29.93,0.2858,0.1986
672.88,669.0,30.51,0.2858,0.1978
672.88,670.0,30.01,0.2858,0.1971
672.88,671.0,29.41,0.2858,0.1955
672.88,672.0,24.99,0.2858,0.1946
672.88,673.0,28.15,0.2858,0.193
672.88,674.0,27.7,0.2858,0.1925
672.88,675.0,26.54,0.2858,0.1915
672.88,676.0,24.37,0.2858,0.1902
672.88,677.0,23.44,0.2858,0.189
672.88,680.0,22.88,0.2858,0.1858
672.88,685.0,20.77,0.2858,0.1808
672.88,690.0,16.6,0.2858,0.1752
672.88,695.0,14.44,0.2858,0.1708
672.88,700.0,13.41,0.2858,0.1664
672.88,705.0,10.92,0.2858,0.1623
672.88,710.0,9.22,0.2858,0.1584
672.88,715.0,6.79,0.2858,0.1553
672.88,720.0,6.18,0.2858,0.1523
672.88,725.0,5.07,0.2858,0.1497
672.88,730.0,4.01,0.2858,0.1474
672.88,735.0,3.45,0.2858,0.1456
672.88,740.0,2.5,0.2858,0.1441
672.88,745.0,2.53,0.2858,0.143
672.88,750.0,1.94,0.2858,0.1421
672.88,755.0,1.39,0.2858,0.1416
672.88,760.0,1.38,0.2858,0.1411
672.88,765.0,0.96,0.2858,0.1409
672.88,770.0,0.67,0.2858,0.1412
672.88,775.0,0.54,0.2858,0.1416
672.88,780.0,0.52,0.2858,0.1418
672.88,785.0,0.46,0.2858,0.1423
672.88,790.0,0.35,0.2858,0.1434
672.88,795.0,0.31,0.2858,0.1433
672.88,800.0,0.22,0.2858,0.1452
672.88,525.0,158.58,0.3433,0.3946
672.88,530.0,161.43,0.3433,0.3984
672.88,535.0,149.14,0.3433,0.3913
672.88,540.0,135.94,0.3433,0.383
672.88,545.0,147.79,0.3433,0.3761
672.88,550.0,130.31,0.3433,0.3511
672.88,555.0,128.86,0.3433,0.3455
672.88,560.0,127.4,0.3433,0.3378
672.88,565.0,115.3,0.3433,0.3317
672.88,570.0,118.91,0.3433,0.3242
672.88,575.0,110.8,0.3433,0.3173
672.88,580.0,115.89,0.3433,0.3104
672.88,585.0,100.46,0.3433,0.3042
672.88,590.0,95.35,0.3433,0.2984
672.88,595.0,90.06,0.3433,0.2916
672.88,600.0,86.5,0.3433,0.2851
672.88,605.0,86.39,0.3433,0.2793
672.88,610.0,79.14,0.3433,0.2731
672.88,615.0,71.56,0.3433,0.2669
672.88,620.0,68.74,0.3433,0.2607
672.88,625.0,63.82,0.3433,0.2546
672.88,630.0,62.3,0.3433,0.248
672.88,635.0,56.11,0.3433,0.2422
672.88,640.0,52.75,0.3433,0.2359
672.88,645.0,47.8,0.3433,0.2305
672.88,650.0,44.99,0.3433,0.2243
672.88,655.0,41.33,0.3433,0.2182
672.88,660.0,39.16,0.3433,0.2125
672.88,665.0,34.51,0.3433,0.2072
672.88,670.0,33.37,0.3433,0.2016
672.88,675.0,29.35,0.3433,0.1959
672.88,680.0,27.1,0.3433,0.1906
672.88,685.0,22.91,0.3433,0.1855
672.88,690.0,21.23,0.3433,0.1809
672.88,695.0,18.55,0.3433,0.1764
672.88,700.0,16.3,0.3433,0.1719
672.88,705.0,13.38,0.3433,0.168
672.88,710.0,11.59,0.3433,0.1639
672.88,715.0,10.09,0.3433,0.161
672.88,720.0,8.88,0.3433,0.1576
672.88,725.0,7.13,0.3433,0.1548
672.88,730.0,6.1,0.3433,0.1524
672.88,735.0,4.84,0.3433,0.1505
672.88,740.0,4.03,0.3433,0.1487
672.88,745.0,3.5,0.3433,0.147
672.88,750.0,3.01,0.3433,0.1455
672.88,755.0,2.35,0.3433,0.1445
672.88,760.0,2.05,0.3433,0.1438
672.88,765.0,1.75,0.3433,0.1431
672.88,770.0,1.26,0.3433,0.1433
672.88,775.0,1.18,0.3433,0.1429
672.88,780.0,0.9,0.3433,0.1428
672.88,785.0,0.76,0.3433,0.1428
672.88,790.0,0.64,0.3433,0.1434
672.88,795.0,0.52,0.3433,0.1439
672.88,800.0,0.48,0.3433,0.1445
672.88,805.0,0.34,0.3433,0.1454
672.88,810.0,0.3,0.3433,0.1458
672.88,815.0,0.24,0.3433,0.1466
672.88,820.0,0.24,0.3433,0.1477
672.88,523.0,63.4,0.3735,0.0
672.88,524.0,158.6,0.3735,0.3909
672.88,525.0,167.0,0.3735,0.3895
672.88,526.0,97.73,0.3735,0.0
672.88,527.0,107.69,0.3735,0.3065
672.88,528.0,95.16,0.3735,0.0
672.88,529.0,99.31,0.3735,0.0
672.88,530.0,148.1,0.3735,0.3826
672.88,531.0,96.53,0.3735,0.0
672.88,532.0,81.59,0.3735,0.0
672.88,533.0,87.07,0.3735,0.0
672.88,534.0,60.98,0.3735,0.0
672.88,535.0,160.16,0.3735,0.3758
672.88,536.0,61.22,0.3735,0.0
672.88,537.0,143.28,0.3735,0.3729
672.88,538.0,88.92,0.3735,0.0
672.88,539.0,95.93,0.3735,0.2987
672.88,540.0,155.47,0.3735,0.3689
672.88,541.0,86.13,0.3735,0.0
672.88,542.0,85.01,0.3735,0.0
672.88,543.0,103.08,0.3735,0.2955
672.88,544.0,84.78,0.3735,0.0
672.88,545.0,141.47,0.3735,0.3629
672.88,546.0,100.6,0.3735,0.2939
672.88,547.0,121.08,0.3735,0.0
672.88,548.0,113.44,0.3735,0.2921
672.88,549.0,101.58,0.3735,0.2917
672.88,550.0,132.3,0.3735,0.3426
672.88,551.0,127.7,0.3735,0.3086
672.88,552.0,133.41,0.3735,0.3426
672.88,553.0,103.76,0.3735,0.3679
672.88,554.0,111.83,0.3735,0.0
672.88,555.0,139.43,0.3735,0.3374
672.88,556.0,95.0,0.3735,0.2859
672.88,557.0,134.54,0.3735,0.3349
672.88,558.0,104.6,0.3735,0.2834
672.88,559.0,136.21,0.3735,0.3318
672.88,560.0,137.01,0.3735,0.3304
672.88,561.0,115.8,0.3735,0.3289
672.88,562.0,125.99,0.3735,0.3287
672.88,563.0,97.3,0.3735,0.2801
672.88,564.0,121.13,0.3735,0.3261
672.88,565.0,115.0,0.3735,0.3246
672.88,566.0,86.15,0.3735,0.2779
672.88,567.0,97.99,0.3735,0.277
672.88,568.0,119.52,0.3735,0.3207
672.88,569.0,111.36,0.3735,0.3809
672.88,570.0,129.56,0.3735,0.3173
672.88,571.0,82.16,0.3735,0.2741
672.88,572.0,119.75,0.3735,0.3145
672.88,573.0,121.49,0.3735,0.3143
672.88,574.0,113.1,0.3735,0.3131
672.88,575.0,123.0,0.3735,0.3119
672.88,576.0,111.2,0.3735,0.3183
672.88,577.0,122.59,0.3735,0.3102
672.88,578.0,109.79,0.3735,0.3076
672.88,579.0,88.28,0.3735,0.2673
672.88,580.0,112.63,0.3735,0.3051
672.88,581.0,104.25,0.3735,0.3046
672.88,582.0,99.81,0.3735,0.3033
672.88,583.0,115.29,0.3735,0.3024
672.88,584.0,92.38,0.3735,0.3007
672.88,585.0,113.54,0.3735,0.2986
672.88,586.0,104.31,0.3735,0.2981
672.88,590.0,95.99,0.3735,0.2924
672.88,595.0,88.25,0.3735,0.287
672.88,600.0,85.42,0.3735,0.2806
672.88,605.0,95.5,0.3735,0.2745
672.88,610.0,81.93,0.3735,0.2686
672.88,615.0,75.77,0.3735,0.2626
672.88,620.0,68.74,0.3735,0.2564
672.88,625.0,69.06,0.3735,0.251
672.88,630.0,63.79,0.3735,0.2448
672.88,635.0,57.06,0.3735,0.2393
672.88,640.0,50.68,0.3735,0.2336
672.88,645.0,52.67,0.3735,0.2283
672.88,650.0,47.75,0.3735,0.222
672.88,655.0,45.08,0.3735,0.2167
672.88,660.0,38.44,0.3735,0.2116
672.88,665.0,37.0,0.3735,0.2058
672.88,670.0,31.71,0.3735,0.2008
672.88,675.0,31.14,0.3735,0.1953
672.88,680.0,27.52,0.3735,0.19
672.88,685.0,24.12,0.3735,0.1852
672.88,690.0,21.83,0.3735,0.1806
672.88,695.0,18.86,0.3735,0.1765
672.88,700.0,16.61,0.3735,0.1722
672.88,705.0,14.41,0.3735,0.1681
672.88,710.0,12.8,0.3735,0.1647
672.88,715.0,10.74,0.3735,0.161
672.88,720.0,9.19,0.3735,0.1583
672.88,725.0,7.51,0.3735,0.1553
672.88,730.0,6.61,0.3735,0.1531
672.88,735.0,5.57,0.3735,0.1507
672.88,740.0,4.61,0.3735,0.1488
672.88,745.0,3.63,0.3735,0.1473
672.88,750.0,3.37,0.3735,0.1459
672.88,755.0,2.6,0.3735,0.1446
672.88,760.0,2.19,0.3735,0.1438
672.88,765.0,1.8,0.3735,0.1432
672.88,770.0,1.64,0.3735,0.1427
672.88,775.0,1.29,0.3735,0.1422
672.88,780.0,1.11,0.3735,0.1423
672.88,785.0,0.91,0.3735,0.1423
672.88,790.0,0.78,0.3735,0.1428
672.88,795.0,0.66,0.3735,0.1431
672.88,800.0,0.56,0.3735,0.1431
672.88,805.0,0.6,0.3735,0.1441
672.88,810.0,0.48,0.3735,0.1441
672.88,815.0,0.34,0.3735,0.1443
672.88,550.0,141.73,0.4557,0.3367
672.88,555.0,127.16,0.4557,0.3298
672.88,560.0,133.0,0.4557,0.3243
672.88,570.0,111.45,0.4557,0.3133
672.88,575.0,119.51,0.4557,0.307
672.88,580.0,119.39,0.4557,0.3012
672.88,585.0,103.93,0.4557,0.2959
672.88,590.0,110.99,0.4557,0.2905
672.88,595.0,93.23,0.4557,0.2853
672.88,600.0,93.4,0.4557,0.2799
672.88,605.0,91.24,0.4557,0.2737
672.88,610.0,84.63,0.4557,0.2687
672.88,612.0,92.34,0.4557,0.2665
672.88,613.0,90.41,0.4557,0.2658
672.88,615.0,82.09,0.4557,0.263
672.88,616.0,72.87,0.4557,0.2625
672.88,618.0,85.76,0.4557,0.2605
672.88,620.0,77.97,0.4557,0.258
672.88,621.0,82.9,0.4557,0.2569
672.88,622.0,83.47,0.4557,0.2565
672.88,625.0,73.5,0.4557,0.2523
672.88,627.0,71.13,0.4557,0.251
672.88,630.0,65.15,0.4557,0.247
672.88,631.0,80.0,0.4557,0.2463
672.88,635.0,66.92,0.4557,0.2419
672.88,637.0,64.25,0.4557,0.2403
672.88,639.0,63.45,0.4557,0.2383
672.88,640.0,57.08,0.4557,0.2368
672.88,641.0,72.61,0.4557,0.236
672.88,643.0,66.27,0.4557,0.2339
672.88,644.0,64.02,0.4557,0.2329
672.88,645.0,55.6,0.4557,0.2313
672.88,646.0,58.66,0.4557,0.2307
672.88,647.0,50.0,0.4557,0.2298
672.88,648.0,62.43,0.4557,0.2287
672.88,649.0,58.04,0.4557,0.2277
672.88,650.0,50.01,0.4557,0.2264
672.88,651.0,57.55,0.4557,0.2255
672.88,652.0,58.89,0.4557,0.2249
672.88,653.0,58.76,0.4557,0.2234
672.88,654.0,57.83,0.4557,0.2224
672.88,655.0,46.5,0.4557,0.221
672.88,656.0,48.59,0.4557,0.2205
672.88,657.0,51.35,0.4557,0.2196
672.88,658.0,49.5,0.4557,0.2188
672.88,659.0,41.5,0.4557,0.2175
672.88,660.0,42.98,0.4557,0.2167
672.88,661.0,40.75,0.4557,0.2154
672.88,662.0,46.97,0.4557,0.2147
672.88,663.0,39.12,0.4557,0.2134
672.88,664.0,40.86,0.4557,0.2126
672.88,665.0,40.11,0.4557,0.2112
672.88,666.0,40.81,0.4557,0.211
672.88,667.0,37.8,0.4557,0.2099
672.88,669.0,37.95,0.4557,0.2078
672.88,670.0,36.55,0.4557,0.2064
672.88,671.0,35.66,0.4557,0.2056
672.88,672.0,35.7,0.4557,0.2047
672.88,673.0,34.75,0.4557,0.2037
672.88,674.0,33.4,0.4557,0.203
672.88,675.0,33.5,0.4557,0.2018
672.88,676.0,32.34,0.4557,0.2009
672.88,677.0,31.9,0.4557,0.2001
672.88,678.0,30.88,0.4557,0.199
672.88,679.0,37.2,0.4557,0.1978
672.88,680.0,32.52,0.4557,0.1967
672.88,681.0,38.71,0.4557,0.1962
672.88,682.0,31.51,0.4557,0.1949
672.88,683.0,30.12,0.4557,0.1943
672.88,684.0,29.89,0.4557,0.1932
672.88,685.0,28.97,0.4557,0.1924
672.88,686.0,29.16,0.4557,0.1914
672.88,687.0,27.65,0.4557,0.1906
672.88,688.0,27.29,0.4557,0.19
672.88,689.0,27.06,0.4557,0.1887
672.88,690.0,26.22,0.4557,0.188
672.88,691.0,25.63,0.4557,0.1873
672.88,692.0,24.95,0.4557,0.1864
672.88,693.0,24.61,0.4557,0.1853
672.88,694.0,24.39,0.4557,0.1847
672.88,695.0,23.58,0.4557,0.1837
672.88,696.0,23.01,0.4557,0.1832
672.88,697.0,22.52,0.4557,0.1823
672.88,698.0,21.96,0.4557,0.1813
672.88,699.0,21.55,0.4557,0.1807
672.88,700.0,21.01,0.4557,0.1798
672.88,701.0,20.58,0.4557,0.1789
672.88,702.0,20.46,0.4557,0.1782
672.88,703.0,19.69,0.4557,0.1774
672.88,704.0,19.19,0.4557,0.1768
672.88,705.0,17.6,0.4557,0.1761
672.88,706.0,18.94,0.4557,0.1752
672.88,707.0,18.51,0.4557,0.1746
672.88,708.0,18.06,0.4557,0.1737
672.88,709.0,17.64,0.4557,0.1733
672.88,710.0,16.06,0.4557,0.1724
672.88,711.0,16.71,0.4557,0.1719
672.88,715.0,19.63,0.4557,0.169
672.88,720.0,13.24,0.4557,0.1662
672.88,725.0,12.03,0.4557,0.1631
672.88,730.0,8.53,0.4557,0.1604
672.88,735.0,7.91,0.4557,0.158
672.88,740.0,6.7,0.4557,0.1558
672.88,745.0,6.6,0.4557,0.1538
672.88,750.0,5.05,0.4557,0.1522
672.88,755.0,4.2,0.4557,0.1504
672.88,760.0,3.48,0.4557,0.1491
672.88,765.0,4.49,0.4557,0.1478
672.88,770.0,2.64,0.4557,0.1471
672.88,775.0,2.27,0.4557,0.1463
672.88,780.0,1.94,0.4557,0.1456
672.88,785.0,1.52,0.4557,0.1449
672.88,790.0,1.8,0.4557,0.1447
672.88,795.0,1.92,0.4557,0.1448
672.88,800.0,1.06,0.4557,0.1445
672.88,805.0,0.81,0.4557,0.1446
672.88,810.0,0.86,0.4557,0.1449
672.88,815.0,0.74,0.4557,0.1447
672.88,820.0,0.63,0.4557,0.1453
672.88,525.0,154.91,0.5899,0.3615
672.88,530.0,166.98,0.5899,0.3558
672.88,535.0,157.78,0.5899,0.351
672.88,540.0,157.6,0.5899,0.345
672.88,545.0,153.99,0.5899,0.3401
672.88,550.0,137.7,0.5899,0.3344
672.88,555.0,147.89,0.5899,0.329
672.88,560.0,127.98,0.5899,0.3233
672.88,565.0,123.16,0.5899,0.3181
672.88,570.0,117.29,0.5899,0.3133
672.88,575.0,117.1,0.5899,0.308
672.88,580.0,116.92,0.5899,0.3029
672.88,585.0,121.49,0.5899,0.298
672.88,590.0,103.84,0.5899,0.2931
672.88,595.0,102.59,0.5899,0.2882
672.88,600.0,97.74,0.5899,0.2835
672.88,605.0,96.76,0.5899,0.2785
672.88,610.0,90.9,0.5899,0.2733
672.88,615.0,82.59,0.5899,0.2683
672.88,620.0,83.0,0.5899,0.2637
672.88,625.0,81.3,0.5899,0.2585
672.88,630.0,71.79,0.5899,0.2537
672.88,635.0,66.65,0.5899,0.2486
672.88,640.0,66.05,0.5899,0.2438
672.88,645.0,63.62,0.5899,0.2393
672.88,650.0,60.0,0.5899,0.2344
672.88,655.0,56.32,0.5899,0.2296
672.88,660.0,51.78,0.5899,0.2249
672.88,665.0,48.09,0.5899,0.22
672.88,670.0,45.87,0.5899,0.2156
672.88,675.0,42.7,0.5899,0.2111
672.88,680.0,39.52,0.5899,0.207
672.88,685.0,34.19,0.5899,0.2027
672.88,690.0,33.17,0.5899,0.1984
672.88,695.0,30.85,0.5899,0.1943
672.88,700.0,28.18,0.5899,0.1901
672.88,705.0,23.83,0.5899,0.1865
672.88,710.0,21.88,0.5899,0.1832
672.88,715.0,20.28,0.5899,0.1799
672.88,720.0,18.35,0.5899,0.1766
672.88,725.0,15.55,0.5899,0.1733
672.88,730.0,13.9,0.5899,0.1704
672.88,735.0,12.8,0.5899,0.1678
672.88,740.0,10.6,0.5899,0.1653
672.88,745.0,10.56,0.5899,0.163
672.88,750.0,9.24,0.5899,0.161
672.88,755.0,7.4,0.5899,0.159
672.88,760.0,6.5,0.5899,0.1573
672.88,765.0,5.26,0.5899,0.1556
672.88,770.0,5.04,0.5899,0.1542
672.88,775.0,4.99,0.5899,0.153
672.88,780.0,3.85,0.5899,0.1519
672.88,785.0,3.53,0.5899,0.1508
672.88,790.0,3.26,0.5899,0.15
672.88,795.0,2.48,0.5899,0.1493
672.88,800.0,2.35,0.5899,0.1487
672.88,805.0,2.42,0.5899,0.1485
672.88,810.0,1.95,0.5899,0.1481
672.88,815.0,1.7,0.5899,0.1474
672.88,820.0,1.2,0.5899,0.147
672.88,525.0,164.43,0.6228,0.354
672.88,530.0,161.0,0.6228,0.3498
672.88,535.0,162.39,0.6228,0.3439
672.88,540.0,163.17,0.6228,0.3391
672.88,545.0,151.39,0.6228,0.333
672.88,550.0,149.54,0.6228,0.3285
672.88,554.0,122.52,0.6228,0.2292
672.88,555.0,135.88,0.6228,0.3229
672.88,558.0,115.55,0.6228,0.2839
672.88,559.0,130.69,0.6228,0.3196
672.88,560.0,128.21,0.6228,0.3182
672.88,561.0,148.06,0.6228,0.3182
672.88,562.0,108.0,0.6228,0.281
672.88,563.0,129.39,0.6228,0.3155
672.88,564.0,115.68,0.6228,0.2289
672.88,565.0,124.16,0.6228,0.3128
672.88,566.0,132.89,0.6228,0.3125
672.88,568.0,136.4,0.6228,0.3108
672.88,569.0,100.48,0.6228,0.2759
672.88,570.0,129.9,0.6228,0.3082
672.88,573.0,123.13,0.6228,0.3103
672.88,574.0,107.24,0.6228,0.2263
672.88,575.0,126.02,0.6228,0.3034
672.88,576.0,113.95,0.6228,0.3985
672.88,577.0,87.46,0.6228,0.2698
672.88,578.0,117.75,0.6228,0.3011
672.88,579.0,92.4,0.6228,0.2684
672.88,580.0,125.96,0.6228,0.2981
672.88,581.0,111.96,0.6228,0.298
672.88,582.0,119.06,0.6228,0.2974
672.88,583.0,105.47,0.6228,0.2957
672.88,584.0,102.72,0.6228,0.2223
672.88,585.0,117.45,0.6228,0.294
672.88,586.0,90.12,0.6228,0.3007
672.88,587.0,102.9,0.6228,0.273
672.88,588.0,107.07,0.6228,0.2963
672.88,589.0,100.33,0.6228,0.2694
672.88,590.0,105.45,0.6228,0.2884
672.88,591.0,107.99,0.6228,0.2879
672.88,592.0,115.8,0.6228,0.2876
672.88,593.0,104.48,0.6228,0.0
672.88,594.0,93.47,0.6228,0.2851
672.88,595.0,100.98,0.6228,0.2837
672.88,596.0,102.35,0.6228,0.2836
672.88,597.0,106.74,0.6228,0.2828
672.88,598.0,94.6,0.6228,0.2771
672.88,599.0,108.0,0.6228,0.281
672.88,600.0,99.73,0.6228,0.2789
672.88,601.0,101.37,0.6228,0.2784
672.88,602.0,92.4,0.6228,0.2781
672.88,603.0,92.52,0.6228,0.3623
672.88,604.0,101.48,0.6228,0.2759
672.88,605.0,97.74,0.6228,0.2744
672.88,606.0,94.14,0.6228,0.2794
672.88,607.0,93.5,0.6228,0.2726
672.88,608.0,86.7,0.6228,0.3021
672.88,609.0,101.01,0.6228,0.2708
672.88,610.0,99.89,0.6228,0.27
672.88,611.0,95.52,0.6228,0.2695
672.88,612.0,99.8,0.6228,0.268
672.88,613.0,93.75,0.6228,0.2669
672.88,614.0,100.11,0.6228,0.2663
672.88,615.0,91.68,0.6228,0.2647
672.88,616.0,99.61,0.6228,0.2641
672.88,617.0,96.21,0.6228,0.2635
672.88,618.0,96.8,0.6228,0.2622
672.88,619.0,95.95,0.6228,0.2613
672.88,620.0,79.5,0.6228,0.26
672.88,621.0,91.45,0.6228,0.2599
672.88,622.0,74.15,0.6228,0.2584
672.88,623.0,73.9,0.6228,0.258
672.88,624.0,88.4,0.6228,0.2571
672.88,625.0,82.73,0.6228,0.2552
672.88,626.0,73.18,0.6228,0.2547
672.88,627.0,75.78,0.6228,0.2543
672.88,628.0,70.51,0.6228,0.2533
672.88,629.0,76.54,0.6228,0.2522
672.88,630.0,75.15,0.6228,0.2506
672.88,631.0,67.97,0.6228,0.25
672.88,632.0,73.71,0.6228,0.2496
672.88,633.0,73.09,0.6228,0.2487
672.88,634.0,68.76,0.6228,0.2478
672.88,635.0,69.0,0.6228,0.2461
672.88,636.0,73.5,0.6228,0.2452
672.88,637.0,70.45,0.6228,0.2443
672.88,638.0,69.21,0.6228,0.2438
672.88,639.0,76.76,0.6228,0.2426
672.88,640.0,63.85,0.6228,0.2416
672.88,641.0,80.7,0.6228,0.2409
672.88,642.0,69.25,0.6228,0.2402
672.88,643.0,69.76,0.6228,0.2392
672.88,644.0,65.0,0.6228,0.2382
672.88,645.0,61.96,0.6228,0.2368
672.88,650.0,61.38,0.6228,0.2323
672.88,655.0,54.34,0.6228,0.2275
672.88,660.0,50.0,0.6228,0.2231
672.88,665.0,46.4,0.6228,0.2186
672.88,670.0,45.8,0.6228,0.214
672.88,675.0,41.58,0.6228,0.2098
672.88,680.0,38.48,0.6228,0.2055
672.88,685.0,34.69,0.6228,0.2011
672.88,690.0,33.12,0.6228,0.197
672.88,695.0,30.33,0.6228,0.1931
672.88,700.0,27.0,0.6228,0.1894
672.88,705.0,24.5,0.6228,0.1858
672.88,710.0,23.57,0.6228,0.1821
672.88,715.0,20.18,0.6228,0.1789
672.88,720.0,17.79,0.6228,0.1758
672.88,725.0,16.5,0.6228,0.1726
672.88,730.0,13.98,0.6228,0.1698
672.88,735.0,12.87,0.6228,0.1672
672.88,740.0,12.76,0.6228,0.1648
672.88,745.0,10.61,0.6228,0.1625
672.88,750.0,9.65,0.6228,0.1605
672.88,755.0,8.29,0.6228,0.1587
672.88,760.0,10.07,0.6228,0.1569
672.88,765.0,7.0,0.6228,0.1553
672.88,770.0,5.2,0.6228,0.1539
672.88,775.0,4.87,0.6228,0.1526
672.88,780.0,6.12,0.6228,0.1514
672.88,785.0,4.17,0.6228,0.1503
672.88,790.0,4.39,0.6228,0.1493
672.88,795.0,3.75,0.6228,0.1487
672.88,800.0,2.59,0.6228,0.1481
672.88,805.0,2.08,0.6228,0.1474
672.88,810.0,1.97,0.6228,0.147
672.88,815.0,2.39,0.6228,0.1463
672.88,820.0,1.38,0.6228,0.1463
672.88,525.0,180.48,0.842,0.348
672.88,530.0,175.3,0.842,0.3425
672.88,535.0,174.46,0.842,0.339
672.88,540.0,157.65,0.842,0.3338
672.88,545.0,164.12,0.842,0.3296
672.88,550.0,146.35,0.842,0.3248
672.88,555.0,140.5,0.842,0.3207
672.88,560.0,151.0,0.842,0.3161
672.88,565.0,133.5,0.842,0.3122
672.88,570.0,132.4,0.842,0.3077
672.88,575.0,123.16,0.842,0.3036
672.88,580.0,126.7,0.842,0.299
672.88,585.0,129.76,0.842,0.295
672.88,590.0,109.6,0.842,0.291
672.88,595.0,119.44,0.842,0.2868
672.88,600.0,105.46,0.842,0.2825
672.88,605.0,102.4,0.842,0.2787
672.88,610.0,95.85,0.842,0.2742
672.88,615.0,95.49,0.842,0.2699
672.88,620.0,92.28,0.842,0.266
672.88,625.0,86.5,0.842,0.262
672.88,630.0,85.19,0.842,0.258
672.88,635.0,79.7,0.842,0.2541
672.88,640.0,75.29,0.842,0.2498
672.88,645.0,74.75,0.842,0.2457
672.88,650.0,67.31,0.842,0.2418
672.88,655.0,69.07,0.842,0.2377
672.88,660.0,62.96,0.842,0.2337
672.88,665.0,57.94,0.842,0.2294
672.88,670.0,54.4,0.842,0.2256
672.88,675.0,51.29,0.842,0.2215
672.88,680.0,46.7,0.842,0.2179
672.88,685.0,43.79,0.842,0.2138
672.88,690.0,40.3,0.842,0.2097
672.88,695.0,41.31,0.842,0.2062
672.88,700.0,38.53,0.842,0.2025
672.88,705.0,31.99,0.842,0.1989
672.88,710.0,32.43,0.842,0.1956
672.88,715.0,29.29,0.842,0.1922
672.88,720.0,28.34,0.842,0.189
672.88,725.0,24.88,0.842,0.1862
672.88,730.0,23.64,0.842,0.1831
672.88,735.0,21.12,0.842,0.1804
672.88,740.0,18.6,0.842,0.1777
672.88,745.0,19.04,0.842,0.1753
672.88,750.0,16.73,0.842,0.1728
672.88,755.0,13.2,0.842,0.1708
672.88,760.0,14.15,0.842,0.1687
672.88,765.0,15.56,0.842,0.1666
672.88,770.0,9.67,0.842,0.165
672.88,775.0,9.51,0.842,0.1635
672.88,780.0,7.82,0.842,0.1619
672.88,785.0,7.3,0.842,0.1607
672.88,790.0,6.65,0.842,0.1593
672.88,795.0,5.67,0.842,0.1582
672.88,800.0,5.84,0.842,0.1571
672.88,805.0,5.57,0.842,0.1562
672.88,810.0,6.39,0.842,0.1554
672.88,815.0,4.48,0.842,0.1546
672.88,820.0,3.34,0.842,0.1538
672.88,525.0,166.7,0.8748,0.3442
672.88,530.0,166.43,0.8748,0.3392
672.88,535.0,172.97,0.8748,0.3352
672.88,540.0,156.99,0.8748,0.336
672.88,545.0,163.41,0.8748,0.3264
672.88,550.0,145.99,0.8748,0.3217
672.88,555.0,155.6,0.8748,0.3173
672.88,565.0,147.84,0.8748,0.3093
672.88,570.0,139.2,0.8748,0.3048
672.88,575.0,131.18,0.8748,0.3005
672.88,580.0,134.12,0.8748,0.2967
672.88,585.0,119.29,0.8748,0.2924
672.88,590.0,117.3,0.8748,0.2887
672.88,595.0,115.68,0.8748,0.2846
672.88,597.0,125.71,0.8748,0.2836
672.88,598.0,105.1,0.8748,0.2827
672.88,599.0,102.11,0.8748,0.282
672.88,600.0,104.3,0.8748,0.2802
672.88,601.0,106.84,0.8748,0.2848
672.88,602.0,102.48,0.8748,0.2795
672.88,603.0,107.74,0.8748,0.2832
672.88,604.0,101.0,0.8748,0.2779
672.88,605.0,111.34,0.8748,0.2762
672.88,606.0,102.24,0.8748,0.2807
672.88,607.0,98.56,0.8748,0.2752
672.88,608.0,113.25,0.8748,0.2747
672.88,609.0,110.25,0.8748,0.2739
672.88,610.0,101.25,0.8748,0.2724
672.88,611.0,100.19,0.8748,0.2723
672.88,612.0,99.41,0.8748,0.2713
672.88,613.0,111.96,0.8748,0.2706
672.88,614.0,105.69,0.8748,0.2698
672.88,615.0,92.5,0.8748,0.2682
672.88,616.0,107.69,0.8748,0.2679
672.88,617.0,99.95,0.8748,0.2677
672.88,618.0,108.92,0.8748,0.2663
672.88,619.0,93.51,0.8748,0.2661
672.88,620.0,101.8,0.8748,0.2644
672.88,622.0,83.6,0.8748,0.2634
672.88,623.0,89.86,0.8748,0.2625
672.88,625.0,93.52,0.8748,0.2605
672.88,626.0,92.07,0.8748,0.2598
672.88,627.0,91.54,0.8748,0.2595
672.88,628.0,86.35,0.8748,0.2585
672.88,629.0,89.66,0.8748,0.2577
672.88,630.0,88.5,0.8748,0.2564
672.88,632.0,88.08,0.8748,0.255
672.88,633.0,77.86,0.8748,0.2546
672.88,634.0,82.85,0.8748,0.2579
672.88,635.0,84.6,0.8748,0.2524
672.88,636.0,85.26,0.8748,0.2524
672.88,637.0,85.06,0.8748,0.2514
672.88,639.0,78.15,0.8748,0.2495
672.88,640.0,84.08,0.8748,0.2484
672.88,641.0,84.46,0.8748,0.248
672.88,642.0,75.89,0.8748,0.2473
672.88,645.0,74.36,0.8748,0.2443
672.88,646.0,77.32,0.8748,0.2441
672.88,647.0,68.25,0.8748,0.2434
672.88,648.0,66.92,0.8748,0.2423
672.88,649.0,71.4,0.8748,0.2418
672.88,650.0,71.78,0.8748,0.2403
672.88,651.0,70.76,0.8748,0.2442
672.88,652.0,68.61,0.8748,0.2394
672.88,653.0,71.75,0.8748,0.2386
672.88,654.0,65.75,0.8748,0.238
672.88,655.0,72.42,0.8748,0.2366
672.88,656.0,60.68,0.8748,0.2362
672.88,657.0,69.05,0.8748,0.2354
672.88,658.0,72.75,0.8748,0.2346
672.88,659.0,59.86,0.8748,0.2336
672.88,660.0,69.75,0.8748,0.2327
672.88,661.0,66.87,0.8748,0.2325
672.88,662.0,56.94,0.8748,0.2315
672.88,663.0,57.3,0.8748,0.2305
672.88,664.0,61.89,0.8748,0.2298
672.88,665.0,62.57,0.8748,0.2287
672.88,666.0,62.37,0.8748,0.2285
672.88,667.0,68.56,0.8748,0.2274
672.88,668.0,61.55,0.8748,0.2267
672.88,669.0,56.3,0.8748,0.2262
672.88,670.0,55.2,0.8748,0.2247
672.88,671.0,57.65,0.8748,0.2244
672.88,672.0,56.76,0.8748,0.2236
672.88,673.0,56.44,0.8748,0.223
672.88,674.0,55.5,0.8748,0.222
672.88,675.0,49.54,0.8748,0.2211
672.88,676.0,56.55,0.8748,0.2203
672.88,677.0,53.39,0.8748,0.2199
672.88,678.0,55.89,0.8748,0.2188
672.88,679.0,55.86,0.8748,0.2183
672.88,680.0,51.38,0.8748,0.2173
672.88,681.0,52.55,0.8748,0.2163
672.88,682.0,55.1,0.8748,0.2158
672.88,683.0,45.8,0.8748,0.2153
672.88,684.0,55.8,0.8748,0.2145
672.88,685.0,49.1,0.8748,0.2133
672.88,686.0,52.72,0.8748,0.2132
672.88,687.0,53.99,0.8748,0.2123
672.88,688.0,48.38,0.8748,0.2117
672.88,689.0,52.04,0.8748,0.2108
672.88,690.0,49.68,0.8748,0.2096
672.88,691.0,43.02,0.8748,0.2085
672.88,695.0,48.92,0.8748,0.2057
672.88,700.0,37.32,0.8748,0.202
672.88,705.0,37.14,0.8748,0.1985
672.88,710.0,35.83,0.8748,0.1952
672.88,715.0,31.6,0.8748,0.192
672.88,720.0,26.9,0.8748,0.1889
672.88,725.0,30.37,0.8748,0.1859
672.88,730.0,22.57,0.8748,0.183
672.88,735.0,27.53,0.8748,0.1804
672.88,740.0,19.0,0.8748,0.1777
672.88,745.0,18.56,0.8748,0.1753
672.88,750.0,21.56,0.8748,0.1729
672.88,755.0,17.81,0.8748,0.1709
672.88,760.0,14.58,0.8748,0.1687
672.88,765.0,11.97,0.8748,0.1668
672.88,770.0,12.79,0.8748,0.1652
672.88,775.0,10.99,0.8748,0.1634
672.88,780.0,9.07,0.8748,0.1619
672.88,785.0,8.11,0.8748,0.1605
672.88,790.0,8.42,0.8748,0.1594
672.88,795.0,7.58,0.8748,0.1581
672.88,800.0,5.91,0.8748,0.1571
672.88,805.0,5.3,0.8748,0.1562
672.88,810.0,4.47,0.8748,0.1553
672.88,815.0,4.17,0.8748,0.1545
672.88,820.0,4.68,0.8748,0.1537
672.88,525.0,186.89,1.0913,0.3376
672.88,530.0,177.89,1.0913,0.334
672.88,535.0,169.0,1.0913,0.3298
672.88,540.0,166.8,1.0913,0.3259
672.88,545.0,163.49,1.0913,0.322
672.88,550.0,151.75,1.0913,0.3184
672.88,555.0,160.5,1.0913,0.3151
672.88,560.0,148.0,1.0913,0.311
672.88,565.0,145.28,1.0913,0.3074
672.88,570.0,136.55,1.0913,0.3037
672.88,575.0,136.71,1.0913,0.2997
672.88,580.0,128.74,1.0913,0.2959
672.88,585.0,122.68,1.0913,0.2924
672.88,590.0,120.8,1.0913,0.2885
672.88,595.0,119.12,1.0913,0.2848
672.88,600.0,113.5,1.0913,0.2813
672.88,605.0,122.45,1.0913,0.2778
672.88,610.0,108.5,1.0913,0.2745
672.88,615.0,104.93,1.0913,0.2705
672.88,620.0,98.35,1.0913,0.2668
672.88,625.0,97.5,1.0913,0.2638
672.88,630.0,90.63,1.0913,0.2598
672.88,635.0,88.7,1.0913,0.2564
672.88,640.0,83.17,1.0913,0.2529
672.88,645.0,82.95,1.0913,0.2495
672.88,650.0,76.8,1.0913,0.2456
672.88,655.0,73.15,1.0913,0.2423
672.88,660.0,72.72,1.0913,0.2387
672.88,665.0,66.5,1.0913,0.2353
672.88,670.0,62.52,1.0913,0.2317
672.88,675.0,62.12,1.0913,0.2281
672.88,680.0,57.46,1.0913,0.2249
672.88,685.0,54.74,1.0913,0.2216
672.88,690.0,52.25,1.0913,0.2182
672.88,695.0,47.25,1.0913,0.2153
672.88,700.0,47.24,1.0913,0.2112
672.88,705.0,45.4,1.0913,0.2083
672.88,710.0,43.22,1.0913,0.2053
672.88,715.0,38.28,1.0913,0.2021
672.88,720.0,37.44,1.0913,0.1993
672.88,725.0,33.97,1.0913,0.1964
672.88,730.0,30.22,1.0913,0.1936
672.88,735.0,28.9,1.0913,0.1909
672.88,740.0,26.91,1.0913,0.1884
672.88,745.0,26.31,1.0913,0.1859
672.88,750.0,23.8,1.0913,0.1836
672.88,755.0,21.0,1.0913,0.1812
672.88,760.0,20.8,1.0913,0.1791
672.88,765.0,19.66,1.0913,0.177
672.88,770.0,20.27,1.0913,0.1751
672.88,775.0,15.47,1.0913,0.1732
672.88,780.0,13.59,1.0913,0.1716
672.88,785.0,13.05,1.0913,0.1698
672.88,790.0,12.65,1.0913,0.1685
672.88,795.0,14.35,1.0913,0.167
672.88,800.0,10.64,1.0913,0.1658
672.88,805.0,10.06,1.0913,0.1645
672.88,810.0,8.47,1.0913,0.1634
672.88,815.0,7.18,1.0913,0.1626
672.88,820.0,6.75,1.0913,0.1616
672.88,525.0,178.04,1.168,0.332
672.88,530.0,174.25,1.168,0.3283
672.88,535.0,179.43,1.168,0.3242
672.88,540.0,171.28,1.168,0.3203
672.88,545.0,171.62,1.168,0.3167
672.88,550.0,154.32,1.168,0.3132
672.88,555.0,159.94,1.168,0.3095
672.88,560.0,155.72,1.168,0.3059
672.88,565.0,151.84,1.168,0.3027
672.88,570.0,141.46,1.168,0.2989
672.88,575.0,133.8,1.168,0.2955
672.88,580.0,134.54,1.168,0.2921
672.88,585.0,131.75,1.168,0.2886
672.88,590.0,131.81,1.168,0.2851
672.88,595.0,122.41,1.168,0.2816
672.88,600.0,114.91,1.168,0.2781
672.88,605.0,114.56,1.168,0.2751
672.88,610.0,110.16,1.168,0.2717
672.88,615.0,103.5,1.168,0.2678
672.88,620.0,102.96,1.168,0.2644
672.88,625.0,99.2,1.168,0.2614
672.88,630.0,92.01,1.168,0.2577
672.88,635.0,87.15,1.168,0.2543
672.88,640.0,85.23,1.168,0.2511
672.88,645.0,82.28,1.168,0.2478
672.88,650.0,80.0,1.168,0.2444
672.88,655.0,76.83,1.168,0.2411
672.88,660.0,72.54,1.168,0.2376
672.88,665.0,68.77,1.168,0.2344
672.88,670.0,67.01,1.168,0.2311
672.88,675.0,64.5,1.168,0.2278
672.88,680.0,59.3,1.168,0.2247
672.88,685.0,54.69,1.168,0.2214
672.88,690.0,57.53,1.168,0.218
672.88,695.0,52.37,1.168,0.2153
672.88,700.0,49.3,1.168,0.212
672.88,705.0,46.47,1.168,0.2087
672.88,710.0,43.95,1.168,0.206
672.88,715.0,42.0,1.168,0.2029
672.88,720.0,37.19,1.168,0.2001
672.88,725.0,38.71,1.168,0.1973
672.88,730.0,35.1,1.168,0.1947
672.88,735.0,30.51,1.168,0.192
672.88,740.0,28.46,1.168,0.1896
672.88,745.0,26.75,1.168,0.1871
672.88,750.0,24.75,1.168,0.1847
672.88,755.0,23.1,1.168,0.1825
672.88,760.0,20.84,1.168,0.1804
672.88,765.0,21.99,1.168,0.1784
672.88,770.0,18.17,1.168,0.1764
672.88,775.0,19.0,1.168,0.1746
672.88,780.0,15.8,1.168,0.1728
672.88,785.0,14.69,1.168,0.1714
672.88,790.0,14.9,1.168,0.1696
672.88,795.0,12.25,1.168,0.1684
672.88,800.0,11.7,1.168,0.1671
672.88,805.0,9.95,1.168,0.1658
672.88,810.0,10.29,1.168,0.1646
672.88,815.0,8.83,1.168,0.1637
672.88,820.0,7.95,1.168,0.1626
672.88,525.0,192.89,1.3406,0.3336
672.88,560.0,151.49,1.3406,0.309
672.88,570.0,149.97,1.3406,0.3022
672.88,575.0,147.64,1.3406,0.2985
672.88,580.0,136.62,1.3406,0.2958
672.88,585.0,128.92,1.3406,0.2924
672.88,590.0,129.94,1.3406,0.2886
672.88,595.0,127.28,1.3406,0.2854
672.88,600.0,132.5,1.3406,0.2819
672.88,610.0,121.7,1.3406,0.2755
672.88,615.0,121.1,1.3406,0.2723
672.88,620.0,108.27,1.3406,0.2689
672.88,625.0,111.04,1.3406,0.2655
672.88,630.0,111.66,1.3406,0.2626
672.88,635.0,95.43,1.3406,0.2587
672.88,640.0,95.03,1.3406,0.2562
672.88,645.0,98.41,1.3406,0.2526
672.88,650.0,95.0,1.3406,0.2494
672.88,655.0,90.84,1.3406,0.2464
672.88,660.0,78.48,1.3406,0.2431
672.88,665.0,78.12,1.3406,0.2401
672.88,670.0,73.0,1.3406,0.2369
672.88,675.0,72.9,1.3406,0.2338
672.88,680.0,64.31,1.3406,0.2305
672.88,685.0,72.35,1.3406,0.2275
672.88,690.0,64.4,1.3406,0.2246
672.88,695.0,55.69,1.3406,0.2215
672.88,700.0,56.4,1.3406,0.2185
672.88,705.0,61.29,1.3406,0.2158
672.88,710.0,58.86,1.3406,0.2124
672.88,715.0,52.16,1.3406,0.2094
672.88,720.0,51.4,1.3406,0.2066
672.88,725.0,48.7,1.3406,0.2042
672.88,730.0,46.12,1.3406,0.2013
672.88,740.0,41.16,1.3406,0.1963
672.88,745.0,39.21,1.3406,0.1938
672.88,750.0,31.99,1.3406,0.1915
672.88,755.0,34.6,1.3406,0.1891
672.88,760.0,28.08,1.3406,0.1869
672.88,765.0,24.5,1.3406,0.1848
672.88,770.0,26.48,1.3406,0.1828
672.88,775.0,19.84,1.3406,0.1807
672.88,780.0,24.9,1.3406,0.179
672.88,785.0,21.52,1.3406,0.1772
672.88,790.0,20.46,1.3406,0.1754
672.88,800.0,14.67,1.3406,0.1724
672.88,810.0,16.17,1.3406,0.1696
672.88,820.0,14.18,1.3406,0.1672
672.88,530.0,189.25,1.5872,0.329
672.88,535.0,190.57,1.5872,0.3259
672.88,540.0,187.03,1.5872,0.3226
672.88,550.0,165.95,1.5872,0.316
672.88,560.0,164.1,1.5872,0.3096
672.88,570.0,162.46,1.5872,0.3029
672.88,575.0,141.5,1.5872,0.3
672.88,585.0,136.1,1.5872,0.2929
672.88,590.0,148.18,1.5872,0.2903
672.88,600.0,126.0,1.5872,0.2845
672.88,605.0,137.51,1.5872,0.2811
672.88,610.0,131.16,1.5872,0.2783
672.88,615.0,123.4,1.5872,0.2749
672.88,620.0,113.02,1.5872,0.2719
672.88,625.0,121.07,1.5872,0.2685
672.88,635.0,108.04,1.5872,0.263
672.88,640.0,109.87,1.5872,0.26
672.88,645.0,97.51,1.5872,0.2571
672.88,650.0,95.75,1.5872,0.2541
672.88,655.0,87.45,1.5872,0.2511
672.88,660.0,93.44,1.5872,0.2483
672.88,665.0,83.02,1.5872,0.2455
672.88,670.0,81.07,1.5872,0.2425
672.88,675.0,81.0,1.5872,0.2389
672.88,680.0,76.54,1.5872,0.2367
672.88,685.0,73.74,1.5872,0.2339
672.88,690.0,77.01,1.5872,0.231
672.88,695.0,65.21,1.5872,0.2282
672.88,700.0,63.83,1.5872,0.2252
672.88,705.0,68.64,1.5872,0.2226
672.88,710.0,60.89,1.5872,0.2199
672.88,715.0,57.7,1.5872,0.2163
672.88,720.0,55.2,1.5872,0.2137
672.88,725.0,46.75,1.5872,0.2113
672.88,730.0,45.21,1.5872,0.2088
672.88,735.0,49.27,1.5872,0.2063
672.88,740.0,38.71,1.5872,0.2039
672.88,745.0,39.61,1.5872,0.2015
672.88,750.0,41.1,1.5872,0.1993
672.88,755.0,40.0,1.5872,0.1968
672.88,760.0,31.63,1.5872,0.1947
672.88,765.0,34.5,1.5872,0.1926
672.88,770.0,27.3,1.5872,0.1904
672.88,775.0,32.01,1.5872,0.1885
672.88,780.0,25.95,1.5872,0.1866
672.88,785.0,29.64,1.5872,0.1846
672.88,790.0,28.19,1.5872,0.1828
672.88,795.0,24.46,1.5872,0.1811
672.88,800.0,19.36,1.5872,0.1794
672.88,805.0,22.18,1.5872,0.1778
672.88,810.0,18.9,1.5872,0.1762
672.88,815.0,18.92,1.5872,0.1749
672.88,820.0,18.17,1.5872,0.1735
672.88,525.0,200.05,2.0885,0.3331
672.88,530.0,195.0,2.0885,0.3298
672.88,535.0,191.0,2.0885,0.3264
672.88,540.0,191.0,2.0885,0.3247
672.88,545.0,180.0,2.0885,0.3213
672.88,550.0,182.24,2.0885,0.3194
672.88,555.0,174.4,2.0885,0.3158
672.88,560.0,165.62,2.0885,0.3123
672.88,565.0,168.87,2.0885,0.3102
672.88,570.0,170.05,2.0885,0.3081
672.88,575.0,162.9,2.0885,0.3059
672.88,580.0,158.2,2.0885,0.3021
672.88,585.0,152.42,2.0885,0.2998
672.88,590.0,148.3,2.0885,0.2974
672.88,595.0,154.83,2.0885,0.2935
672.88,600.0,142.01,2.0885,0.291
672.88,605.0,149.75,2.0885,0.2885
672.88,610.0,135.76,2.0885,0.2858
672.88,615.0,127.06,2.0885,0.2831
672.88,620.0,130.72,2.0885,0.2804
672.88,625.0,133.5,2.0885,0.2789
672.88,630.0,133.21,2.0885,0.276
672.88,635.0,116.98,2.0885,0.273
672.88,640.0,117.38,2.0885,0.27
672.88,645.0,118.55,2.0885,0.2682
672.88,650.0,114.0,2.0885,0.265
672.88,655.0,107.0,2.0885,0.2631
672.88,660.0,106.59,2.0885,0.2598
672.88,665.0,99.51,2.0885,0.2577
672.88,670.0,97.77,2.0885,0.2555
672.88,675.0,93.0,2.0885,0.252
672.88,680.0,89.36,2.0885,0.2457
672.88,685.0,84.22,2.0885,0.2461
672.88,690.0,85.69,2.0885,0.2444
672.88,695.0,84.04,2.0885,0.2421
672.88,700.0,77.0,2.0885,0.2407
672.88,705.0,73.23,2.0885,0.2379
672.88,710.0,73.99,2.0885,0.235
672.88,715.0,71.46,2.0885,0.2333
672.88,720.0,75.88,2.0885,0.2309
672.88,725.0,70.94,2.0885,0.2283
672.88,730.0,65.79,2.0885,0.2211
672.88,735.0,64.32,2.0885,0.2185
672.88,740.0,63.88,2.0885,0.2164
672.88,745.0,59.18,2.0885,0.2141
672.88,750.0,51.34,2.0885,0.2118
672.88,755.0,57.59,2.0885,0.2097
672.88,760.0,49.7,2.0885,0.2075
672.88,765.0,44.44,2.0885,0.2055
672.88,770.0,40.5,2.0885,0.2034
672.88,775.0,39.7,2.0885,0.2012
672.88,780.0,40.97,2.0885,0.1994
672.88,785.0,33.92,2.0885,0.1975
672.88,790.0,33.06,2.0885,0.1956
672.88,795.0,35.65,2.0885,0.1936
672.88,800.0,31.44,2.0885,0.1919
672.88,805.0,32.0,2.0885,0.19
672.88,810.0,27.0,2.0885,0.1883
672.88,815.0,27.83,2.0885,0.1867
672.88,820.0,26.57,2.0885,0.185
672.88,525.0,199.51,2.1844,0.3257
672.88,530.0,195.0,2.1844,0.3274
672.88,535.0,198.0,2.1844,0.3241
672.88,540.0,190.0,2.1844,0.3207
672.88,545.0,195.0,2.1844,0.3189
672.88,550.0,182.79,2.1844,0.3154
672.88,555.0,175.7,2.1844,0.3135
672.88,560.0,179.76,2.1844,0.31
672.88,565.0,178.94,2.1844,0.3079
672.88,570.0,163.59,2.1844,0.3058
672.88,575.0,173.8,2.1844,0.3021
672.88,580.0,161.8,2.1844,0.2998
672.88,585.0,157.48,2.1844,0.2975
672.88,590.0,149.75,2.1844,0.2952
672.88,595.0,150.42,2.1844,0.2927
672.88,600.0,148.93,2.1844,0.2902
672.88,605.0,148.99,2.1844,0.2867
672.88,610.0,135.75,2.1844,0.285
672.88,615.0,134.7,2.1844,0.2824
672.88,620.0,136.0,2.1844,0.2796
672.88,625.0,128.0,2.1844,0.2768
672.88,630.0,133.74,2.1844,0.2753
672.88,635.0,125.06,2.1844,0.2723
672.88,640.0,119.9,2.1844,0.2693
672.88,645.0,119.0,2.1844,0.2676
672.88,650.0,112.84,2.1844,0.2644
672.88,655.0,104.44,2.1844,0.2625
672.88,660.0,101.16,2.1844,0.2592
672.88,665.0,102.5,2.1844,0.2571
672.88,670.0,97.0,2.1844,0.2535
672.88,675.0,95.07,2.1844,0.2525
672.88,680.0,89.3,2.1844,0.2505
672.88,685.0,88.81,2.1844,0.2481
672.88,690.0,88.7,2.1844,0.2437
672.88,695.0,91.24,2.1844,0.243
672.88,700.0,81.2,2.1844,0.2404
672.88,705.0,79.24,2.1844,0.2377
672.88,710.0,73.48,2.1844,0.2361
672.88,715.0,79.35,2.1844,0.2332
672.88,720.0,68.5,2.1844,0.2314
672.88,725.0,66.0,2.1844,0.2295
672.88,730.0,62.5,2.1844,0.2263
672.88,735.0,69.82,2.1844,0.219
672.88,740.0,55.2,2.1844,0.2167
672.88,745.0,55.51,2.1844,0.2146
672.88,750.0,58.98,2.1844,0.2123
672.88,755.0,50.44,2.1844,0.2102
672.88,760.0,52.89,2.1844,0.2081
672.88,765.0,50.3,2.1844,0.2061
672.88,770.0,43.34,2.1844,0.2041
672.88,775.0,44.33,2.1844,0.2022
672.88,780.0,41.08,2.1844,0.2001
672.88,785.0,38.13,2.1844,0.1982
672.88,790.0,36.17,2.1844,0.1964
672.88,795.0,35.07,2.1844,0.1946
672.88,800.0,34.28,2.1844,0.1928
672.88,805.0,37.6,2.1844,0.191
672.88,810.0,30.89,2.1844,0.1893
672.88,815.0,30.75,2.1844,0.1877
672.88,820.0,26.8,2.1844,0.1861
