S0,K,C_mkt,T,type,iv
672.65,530,156.6,0.0,C,1.88
672.65,540,126.43,0.0,C,1.72
672.65,545,134.2,0.0,C,1.66
672.65,555,116.71,0.0,C,1.57
672.65,560,104.69,0.0,C,1.47
672.65,565,119.07,0.0,C,1.39
672.65,570,106.5,0.0,C,1.41
672.65,575,104.34,0.0,C,1.31
672.65,580,94.47,0.0,C,1.18
672.65,585,94.4,0.0,C,1.12
672.65,590,84.02,0.0,C,1.06
672.65,595,81.23,0.0,C,1.08
672.65,600,74.2,0.0,C,0.73
672.65,605,68.8,0.0,C,0.9
672.65,610,63.79,0.0,C,0.86
672.65,615,59.57,0.0,C,0.87
672.65,620,52.49,0.0,C,0.79
672.65,625,49.82,0.0,C,0.0
672.65,630,44.92,0.0,C,0.65
672.65,635,38.27,0.0,C,0.0
672.65,638,37.03,0.0,C,0.51
672.65,639,37.4,0.0,C,0.53
672.65,640,32.42,0.0,C,0.0
672.65,641,33.17,0.0,C,0.54
672.65,642,32.61,0.0,C,0.0
672.65,643,35.02,0.0,C,0.46
672.65,644,32.08,0.0,C,0.0
672.65,645,29.79,0.0,C,0.0
672.65,646,28.61,0.0,C,0.0
672.65,647,25.34,0.0,C,0.0
672.65,648,26.17,0.0,C,0.0
672.65,649,28.8,0.0,C,0.0
672.65,650,22.75,0.0,C,0.0
672.65,651,31.65,0.0,C,0.0
672.65,652,22.5,0.0,C,0.0
672.65,653,25.47,0.0,C,0.0
672.65,654,19.41,0.0,C,0.23
672.65,655,17.57,0.0,C,0.0
672.65,656,18.01,0.0,C,0.0
672.65,657,19.89,0.0,C,0.0
672.65,658,15.15,0.0,C,0.13
672.65,659,14.14,0.0,C,0.15
672.65,660,12.95,0.0,C,0.17
672.65,661,12.33,0.0,C,0.13
672.65,662,11.29,0.0,C,0.15
672.65,663,9.95,0.0,C,0.16
672.65,664,9.17,0.0,C,0.15
672.65,665,8.43,0.0,C,0.16
672.65,666,7.7,0.0,C,0.16
672.65,667,6.97,0.0,C,0.16
672.65,668,6.15,0.0,C,0.16
672.65,669,5.34,0.0,C,0.16
672.65,670,4.71,0.0,C,0.16
672.65,671,3.91,0.0,C,0.15
672.65,672,3.31,0.0,C,0.15
672.65,673,2.8,0.0,C,0.15
672.65,674,2.32,0.0,C,0.15
672.65,675,1.88,0.0,C,0.15
672.65,676,1.52,0.0,C,0.15
672.65,677,1.21,0.0,C,0.14
672.65,678,0.97,0.0,C,0.14
672.65,679,0.74,0.0,C,0.14
672.65,680,0.57,0.0,C,0.14
672.65,681,0.45,0.0,C,0.14
672.65,682,0.32,0.0,C,0.14
672.65,683,0.25,0.0,C,0.14
672.65,684,0.17,0.0,C,0.14
672.65,685,0.13,0.0,C,0.15
672.65,686,0.11,0.0,C,0.15
672.65,687,0.07,0.0,C,0.15
672.65,688,0.05,0.0,C,0.15
672.65,689,0.05,0.0,C,0.15
672.65,690,0.03,0.0,C,0.16
672.65,691,0.03,0.0,C,0.17
672.65,692,0.02,0.0,C,0.17
672.65,693,0.03,0.0,C,0.17
672.65,694,0.02,0.0,C,0.18
672.65,695,0.02,0.0,C,0.18
672.65,696,0.01,0.0,C,0.19
672.65,697,0.02,0.0,C,0.19
672.65,698,0.01,0.0,C,0.2
672.65,699,0.01,0.0,C,0.21
672.65,700,0.01,0.0,C,0.21
672.65,701,0.01,0.0,C,0.22
672.65,702,0.01,0.0,C,0.23
672.65,703,0.01,0.0,C,0.23
672.65,704,0.01,0.0,C,0.24
672.65,705,0.01,0.0,C,0.25
672.65,706,0.01,0.0,C,0.25
672.65,707,0.01,0.0,C,0.24
672.65,708,0.01,0.0,C,0.25
672.65,709,0.01,0.0,C,0.25
672.65,710,0.01,0.0,C,0.26
672.65,711,0.01,0.0,C,0.27
672.65,712,0.01,0.0,C,0.27
672.65,713,0.01,0.0,C,0.28
672.65,714,0.01,0.0,C,0.29
672.65,715,0.01,0.0,C,0.29
672.65,716,0.01,0.0,C,0.3
672.65,717,0.01,0.0,C,0.3
672.65,718,0.01,0.0,C,0.31
672.65,719,0.01,0.0,C,0.31
672.65,720,0.01,0.0,C,0.32
672.65,725,0.01,0.0,C,0.35
672.65,730,0.01,0.0,C,0.38
672.65,735,0.01,0.0,C,0.41
672.65,740,0.01,0.0,C,0.44
672.65,745,0.01,0.0,C,0.46
672.65,750,0.01,0.0,C,0.49
672.65,755,0.01,0.0,C,0.52
672.65,760,0.01,0.0,C,0.52
672.65,765,0.01,0.0,C,0.53
672.65,770,0.01,0.0,C,0.56
672.65,775,0.01,0.0,C,0.59
672.65,780,0.01,0.0,C,0.61
672.65,785,0.01,0.0,C,0.64
672.65,790,0.01,0.0,C,0.66
672.65,570,102.32,0.01,C,0.81
672.65,575,102.28,0.01,C,0.77
672.65,580,85.62,0.01,C,0.76
672.65,590,75.65,0.01,C,0.68
672.65,600,76.35,0.01,C,0.62
672.65,615,59.82,0.01,C,0.5
672.65,625,50.59,0.01,C,0.43
672.65,630,45.53,0.01,C,0.41
672.65,635,41.3,0.01,C,0.38
672.65,636,28.12,0.01,C,0.36
672.65,638,27.2,0.01,C,0.36
672.65,640,43.65,0.01,C,0.0
672.65,641,31.74,0.01,C,0.0
672.65,644,34.75,0.01,C,0.15
672.65,645,31.38,0.01,C,0.15
672.65,649,26.08,0.01,C,0.17
672.65,650,33.87,0.01,C,0.16
672.65,654,25.61,0.01,C,0.16
672.65,655,17.92,0.01,C,0.16
672.65,656,23.84,0.01,C,0.16
672.65,657,16.6,0.01,C,0.16
672.65,658,15.54,0.01,C,0.16
672.65,659,20.74,0.01,C,0.16
672.65,660,13.64,0.01,C,0.16
672.65,661,12.97,0.01,C,0.15
672.65,662,11.75,0.01,C,0.16
672.65,663,10.9,0.01,C,0.15
672.65,664,10.5,0.01,C,0.15
672.65,665,9.34,0.01,C,0.15
672.65,666,8.75,0.01,C,0.15
672.65,667,8.08,0.01,C,0.15
672.65,668,7.18,0.01,C,0.14
672.65,669,6.66,0.01,C,0.14
672.65,670,5.97,0.01,C,0.14
672.65,671,5.31,0.01,C,0.14
672.65,672,4.71,0.01,C,0.14
672.65,673,4.16,0.01,C,0.13
672.65,674,3.51,0.01,C,0.13
672.65,675,3.06,0.01,C,0.13
672.65,676,2.63,0.01,C,0.13
672.65,677,2.25,0.01,C,0.13
672.65,678,1.95,0.01,C,0.13
672.65,679,1.61,0.01,C,0.13
672.65,680,1.34,0.01,C,0.12
672.65,681,1.04,0.01,C,0.12
672.65,682,0.86,0.01,C,0.12
672.65,683,0.67,0.01,C,0.12
672.65,684,0.55,0.01,C,0.12
672.65,685,0.41,0.01,C,0.12
672.65,686,0.33,0.01,C,0.12
672.65,687,0.24,0.01,C,0.12
672.65,688,0.19,0.01,C,0.12
672.65,689,0.14,0.01,C,0.12
672.65,690,0.11,0.01,C,0.12
672.65,691,0.09,0.01,C,0.12
672.65,692,0.07,0.01,C,0.12
672.65,693,0.06,0.01,C,0.12
672.65,694,0.04,0.01,C,0.12
672.65,695,0.03,0.01,C,0.12
672.65,696,0.02,0.01,C,0.12
672.65,697,0.03,0.01,C,0.13
672.65,698,0.02,0.01,C,0.13
672.65,699,0.02,0.01,C,0.14
672.65,700,0.02,0.01,C,0.13
672.65,701,0.02,0.01,C,0.14
672.65,702,0.01,0.01,C,0.14
672.65,703,0.02,0.01,C,0.15
672.65,704,0.02,0.01,C,0.15
672.65,705,0.01,0.01,C,0.16
672.65,706,0.02,0.01,C,0.16
672.65,707,0.02,0.01,C,0.16
672.65,708,0.01,0.01,C,0.17
672.65,709,0.02,0.01,C,0.17
672.65,710,0.01,0.01,C,0.18
672.65,714,0.02,0.01,C,0.19
672.65,715,0.02,0.01,C,0.2
672.65,720,0.01,0.01,C,0.22
672.65,725,0.01,0.01,C,0.22
672.65,730,0.01,0.01,C,0.24
672.65,735,0.01,0.01,C,0.26
672.65,740,0.01,0.01,C,0.27
672.65,745,0.01,0.01,C,0.29
672.65,750,0.01,0.01,C,0.31
672.65,785,0.01,0.01,C,0.43
672.65,795,0.01,0.01,C,0.46
672.65,800,0.01,0.01,C,0.48
672.65,610,67.72,0.01,C,0.5
672.65,625,57.47,0.01,C,0.41
672.65,630,42.29,0.01,C,0.38
672.65,635,37.41,0.01,C,0.35
672.65,640,34.91,0.01,C,0.23
672.65,650,24.66,0.01,C,0.19
672.65,655,19.93,0.01,C,0.17
672.65,656,14.06,0.01,C,0.18
672.65,657,18.53,0.01,C,0.18
672.65,658,16.25,0.01,C,0.17
672.65,660,14.76,0.01,C,0.17
672.65,661,13.74,0.01,C,0.17
672.65,662,12.78,0.01,C,0.17
672.65,663,12.01,0.01,C,0.16
672.65,664,11.54,0.01,C,0.16
672.65,665,10.5,0.01,C,0.16
672.65,666,9.49,0.01,C,0.16
672.65,667,8.67,0.01,C,0.16
672.65,668,8.3,0.01,C,0.16
672.65,669,7.47,0.01,C,0.15
672.65,670,6.72,0.01,C,0.15
672.65,671,6.17,0.01,C,0.15
672.65,672,5.51,0.01,C,0.15
672.65,673,4.85,0.01,C,0.15
672.65,674,4.35,0.01,C,0.14
672.65,675,3.93,0.01,C,0.15
672.65,676,3.53,0.01,C,0.14
672.65,677,3.15,0.01,C,0.14
672.65,678,2.66,0.01,C,0.14
672.65,679,2.28,0.01,C,0.14
672.65,680,1.9,0.01,C,0.14
672.65,681,1.63,0.01,C,0.13
672.65,682,1.34,0.01,C,0.13
672.65,683,1.1,0.01,C,0.13
672.65,684,0.9,0.01,C,0.13
672.65,685,0.76,0.01,C,0.13
672.65,686,0.58,0.01,C,0.13
672.65,687,0.47,0.01,C,0.13
672.65,688,0.38,0.01,C,0.12
672.65,689,0.28,0.01,C,0.12
672.65,690,0.21,0.01,C,0.12
672.65,691,0.17,0.01,C,0.12
672.65,692,0.12,0.01,C,0.12
672.65,693,0.11,0.01,C,0.12
672.65,694,0.09,0.01,C,0.12
672.65,695,0.07,0.01,C,0.12
672.65,696,0.06,0.01,C,0.12
672.65,697,0.05,0.01,C,0.12
672.65,698,0.04,0.01,C,0.13
672.65,699,0.04,0.01,C,0.13
672.65,700,0.03,0.01,C,0.13
672.65,701,0.02,0.01,C,0.13
672.65,702,0.03,0.01,C,0.13
672.65,703,0.02,0.01,C,0.13
672.65,705,0.02,0.01,C,0.14
672.65,706,0.02,0.01,C,0.15
672.65,707,0.02,0.01,C,0.15
672.65,710,0.01,0.01,C,0.16
672.65,711,0.02,0.01,C,0.16
672.65,715,0.02,0.01,C,0.18
672.65,716,0.02,0.01,C,0.18
672.65,717,0.02,0.01,C,0.19
672.65,718,0.02,0.01,C,0.19
672.65,720,0.02,0.01,C,0.2
672.65,722,0.02,0.01,C,0.21
672.65,725,0.01,0.01,C,0.21
672.65,727,0.02,0.01,C,0.22
672.65,728,0.01,0.01,C,0.23
672.65,729,0.02,0.01,C,0.23
672.65,730,0.01,0.01,C,0.23
672.65,735,0.02,0.01,C,0.25
672.65,740,0.01,0.01,C,0.27
672.65,745,0.01,0.01,C,0.29
672.65,750,0.01,0.01,C,0.3
672.65,575,104.0,0.01,C,0.69
672.65,580,94.58,0.01,C,0.67
672.65,590,89.22,0.01,C,0.6
672.65,640,35.73,0.01,C,0.25
672.65,644,23.45,0.01,C,0.22
672.65,645,39.62,0.01,C,0.22
672.65,650,24.38,0.01,C,0.21
672.65,655,21.11,0.01,C,0.2
672.65,656,23.8,0.01,C,0.19
672.65,658,21.7,0.01,C,0.19
672.65,660,15.36,0.01,C,0.19
672.65,661,19.96,0.01,C,0.18
672.65,662,15.98,0.01,C,0.19
672.65,663,15.31,0.01,C,0.18
672.65,664,12.31,0.01,C,0.18
672.65,665,11.41,0.01,C,0.18
672.65,666,10.48,0.01,C,0.18
672.65,667,9.84,0.01,C,0.17
672.65,668,9.14,0.01,C,0.17
672.65,669,8.52,0.01,C,0.17
672.65,670,7.62,0.01,C,0.17
672.65,671,7.04,0.01,C,0.17
672.65,672,6.6,0.01,C,0.16
672.65,673,5.91,0.01,C,0.16
672.65,674,5.4,0.01,C,0.16
672.65,675,4.87,0.01,C,0.16
672.65,676,4.4,0.01,C,0.16
672.65,677,3.88,0.01,C,0.16
672.65,678,3.49,0.01,C,0.15
672.65,679,3.02,0.01,C,0.15
672.65,680,2.7,0.01,C,0.15
672.65,681,2.39,0.01,C,0.15
672.65,682,2.03,0.01,C,0.15
672.65,683,1.73,0.01,C,0.14
672.65,684,1.5,0.01,C,0.14
672.65,685,1.25,0.01,C,0.14
672.65,686,1.06,0.01,C,0.14
672.65,687,0.9,0.01,C,0.14
672.65,688,0.73,0.01,C,0.14
672.65,689,0.58,0.01,C,0.14
672.65,690,0.48,0.01,C,0.13
672.65,691,0.41,0.01,C,0.13
672.65,692,0.32,0.01,C,0.13
672.65,693,0.25,0.01,C,0.13
672.65,694,0.21,0.01,C,0.13
672.65,695,0.15,0.01,C,0.13
672.65,696,0.13,0.01,C,0.13
672.65,697,0.11,0.01,C,0.13
672.65,698,0.08,0.01,C,0.13
672.65,699,0.06,0.01,C,0.13
672.65,700,0.06,0.01,C,0.13
672.65,701,0.04,0.01,C,0.13
672.65,702,0.05,0.01,C,0.13
672.65,704,0.04,0.01,C,0.14
672.65,705,0.03,0.01,C,0.14
672.65,707,0.03,0.01,C,0.15
672.65,708,0.04,0.01,C,0.15
672.65,710,0.02,0.01,C,0.16
672.65,711,0.02,0.01,C,0.16
672.65,714,0.02,0.01,C,0.16
672.65,715,0.03,0.01,C,0.17
672.65,716,0.03,0.01,C,0.17
672.65,717,0.02,0.01,C,0.17
672.65,720,0.02,0.01,C,0.18
672.65,725,0.02,0.01,C,0.2
672.65,730,0.02,0.01,C,0.22
672.65,735,0.01,0.01,C,0.23
672.65,740,0.01,0.01,C,0.25
672.65,745,0.02,0.01,C,0.26
672.65,575,103.0,0.02,C,0.65
672.65,645,28.9,0.02,C,0.24
672.65,648,26.38,0.02,C,0.23
672.65,650,24.62,0.02,C,0.22
672.65,652,22.66,0.02,C,0.22
672.65,653,21.88,0.02,C,0.21
672.65,655,19.8,0.02,C,0.21
672.65,657,18.1,0.02,C,0.21
672.65,659,16.56,0.02,C,0.2
672.65,660,21.17,0.02,C,0.2
672.65,661,17.04,0.02,C,0.2
672.65,662,15.45,0.02,C,0.2
672.65,663,18.82,0.02,C,0.19
672.65,664,14.05,0.02,C,0.2
672.65,665,13.89,0.02,C,0.19
672.65,666,11.13,0.02,C,0.19
672.65,667,10.72,0.02,C,0.18
672.65,668,10.27,0.02,C,0.18
672.65,669,9.15,0.02,C,0.18
672.65,670,8.63,0.02,C,0.18
672.65,671,8.01,0.02,C,0.18
672.65,672,7.31,0.02,C,0.18
672.65,673,6.6,0.02,C,0.17
672.65,674,6.26,0.02,C,0.17
672.65,675,5.56,0.02,C,0.17
672.65,676,5.04,0.02,C,0.17
672.65,677,4.65,0.02,C,0.17
672.65,678,4.2,0.02,C,0.16
672.65,679,3.66,0.02,C,0.16
672.65,680,3.35,0.02,C,0.16
672.65,681,2.91,0.02,C,0.16
672.65,682,2.57,0.02,C,0.15
672.65,683,2.26,0.02,C,0.15
672.65,684,1.96,0.02,C,0.15
672.65,685,1.7,0.02,C,0.15
672.65,686,1.51,0.02,C,0.15
672.65,687,1.25,0.02,C,0.14
672.65,688,1.13,0.02,C,0.14
672.65,689,0.92,0.02,C,0.14
672.65,690,0.75,0.02,C,0.14
672.65,691,0.61,0.02,C,0.14
672.65,692,0.56,0.02,C,0.14
672.65,693,0.5,0.02,C,0.14
672.65,694,0.38,0.02,C,0.14
672.65,695,0.28,0.02,C,0.13
672.65,696,0.24,0.02,C,0.13
672.65,697,0.2,0.02,C,0.13
672.65,698,0.15,0.02,C,0.13
672.65,699,0.14,0.02,C,0.13
672.65,700,0.12,0.02,C,0.13
672.65,701,0.1,0.02,C,0.14
672.65,703,0.07,0.02,C,0.14
672.65,705,0.06,0.02,C,0.14
672.65,710,0.04,0.02,C,0.15
672.65,711,0.07,0.02,C,0.15
672.65,714,0.03,0.02,C,0.16
672.65,715,0.05,0.02,C,0.16
672.65,719,0.04,0.02,C,0.18
672.65,720,0.04,0.02,C,0.18
672.65,721,0.03,0.02,C,0.18
672.65,722,0.03,0.02,C,0.19
672.65,723,0.02,0.02,C,0.19
672.65,724,0.02,0.02,C,0.19
672.65,725,0.02,0.02,C,0.2
672.65,735,0.02,0.02,C,0.22
672.65,740,0.02,0.02,C,0.23
672.65,745,0.02,0.02,C,0.25
672.65,750,0.02,0.02,C,0.26
672.65,755,0.01,0.02,C,0.28
672.65,765,0.02,0.02,C,0.3
672.65,775,0.01,0.02,C,0.33
672.65,525,159.44,0.02,C,0.67
672.65,530,149.6,0.02,C,0.59
672.65,535,145.54,0.02,C,0.59
672.65,540,140.4,0.02,C,0.57
672.65,545,133.99,0.02,C,0.52
672.65,550,129.63,0.02,C,0.52
672.65,555,120.54,0.02,C,0.53
672.65,560,116.68,0.02,C,0.51
672.65,565,116.0,0.02,C,0.53
672.65,570,104.99,0.02,C,0.52
672.65,575,100.6,0.02,C,0.5
672.65,580,93.49,0.02,C,0.48
672.65,585,91.91,0.02,C,0.45
672.65,590,84.25,0.02,C,0.44
672.65,595,81.07,0.02,C,0.42
672.65,600,73.57,0.02,C,0.4
672.65,601,66.29,0.02,C,0.51
672.65,602,69.38,0.02,C,0.5
672.65,603,75.72,0.02,C,0.49
672.65,604,83.74,0.02,C,0.49
672.65,605,68.0,0.02,C,0.38
672.65,606,70.55,0.02,C,0.47
672.65,607,61.26,0.02,C,0.47
672.65,608,76.11,0.02,C,0.47
672.65,610,66.2,0.02,C,0.36
672.65,611,71.0,0.02,C,0.45
672.65,612,72.44,0.02,C,0.44
672.65,613,72.92,0.02,C,0.44
672.65,614,55.39,0.02,C,0.43
672.65,615,58.74,0.02,C,0.34
672.65,616,57.37,0.02,C,0.42
672.65,617,59.99,0.02,C,0.42
672.65,618,64.16,0.02,C,0.41
672.65,619,48.64,0.02,C,0.41
672.65,620,53.5,0.02,C,0.32
672.65,621,59.53,0.02,C,0.4
672.65,622,62.6,0.02,C,0.39
672.65,623,54.31,0.02,C,0.34
672.65,624,42.8,0.02,C,0.31
672.65,625,50.83,0.02,C,0.3
672.65,626,49.79,0.02,C,0.36
672.65,627,40.83,0.02,C,0.37
672.65,628,38.01,0.02,C,0.36
672.65,629,54.83,0.02,C,0.36
672.65,630,43.87,0.02,C,0.29
672.65,631,50.16,0.02,C,0.35
672.65,632,49.66,0.02,C,0.34
672.65,633,45.17,0.02,C,0.34
672.65,634,49.97,0.02,C,0.27
672.65,635,40.89,0.02,C,0.27
672.65,636,33.53,0.02,C,0.27
672.65,637,31.72,0.02,C,0.32
672.65,638,29.64,0.02,C,0.26
672.65,639,42.87,0.02,C,0.26
672.65,640,33.88,0.02,C,0.26
672.65,641,42.12,0.02,C,0.26
672.65,642,37.02,0.02,C,0.26
672.65,643,33.78,0.02,C,0.25
672.65,644,33.24,0.02,C,0.25
672.65,645,29.46,0.02,C,0.24
672.65,646,30.24,0.02,C,0.24
672.65,647,27.2,0.02,C,0.23
672.65,648,26.75,0.02,C,0.23
672.65,649,25.64,0.02,C,0.23
672.65,650,24.96,0.02,C,0.23
672.65,651,26.95,0.02,C,0.22
672.65,652,24.5,0.02,C,0.23
672.65,653,28.8,0.02,C,0.22
672.65,654,23.1,0.02,C,0.22
672.65,655,20.84,0.02,C,0.22
672.65,656,22.2,0.02,C,0.21
672.65,657,18.89,0.02,C,0.21
672.65,658,18.92,0.02,C,0.21
672.65,659,18.74,0.02,C,0.21
672.65,660,16.2,0.02,C,0.21
672.65,661,15.8,0.02,C,0.21
672.65,662,15.85,0.02,C,0.2
672.65,663,14.35,0.02,C,0.2
672.65,664,13.69,0.02,C,0.2
672.65,665,12.46,0.02,C,0.19
672.65,666,12.17,0.02,C,0.19
672.65,667,11.14,0.02,C,0.19
672.65,668,10.48,0.02,C,0.19
672.65,669,9.84,0.02,C,0.19
672.65,670,9.13,0.02,C,0.18
672.65,671,8.47,0.02,C,0.18
672.65,672,7.93,0.02,C,0.18
672.65,673,7.36,0.02,C,0.18
672.65,674,6.68,0.02,C,0.17
672.65,675,6.19,0.02,C,0.17
672.65,676,5.79,0.02,C,0.17
672.65,677,5.2,0.02,C,0.17
672.65,678,4.79,0.02,C,0.17
672.65,679,4.23,0.02,C,0.17
672.65,680,3.85,0.02,C,0.16
672.65,681,3.51,0.02,C,0.16
672.65,682,3.11,0.02,C,0.16
672.65,683,2.77,0.02,C,0.16
672.65,684,2.44,0.02,C,0.16
672.65,685,2.17,0.02,C,0.15
672.65,686,1.86,0.02,C,0.15
672.65,687,1.65,0.02,C,0.15
672.65,688,1.43,0.02,C,0.15
672.65,689,1.23,0.02,C,0.15
672.65,690,1.05,0.02,C,0.15
672.65,691,0.9,0.02,C,0.14
672.65,692,0.75,0.02,C,0.14
672.65,693,0.64,0.02,C,0.14
672.65,694,0.51,0.02,C,0.14
672.65,695,0.44,0.02,C,0.14
672.65,696,0.37,0.02,C,0.14
672.65,697,0.31,0.02,C,0.14
672.65,698,0.26,0.02,C,0.14
672.65,699,0.22,0.02,C,0.14
672.65,700,0.18,0.02,C,0.14
672.65,701,0.15,0.02,C,0.14
672.65,702,0.12,0.02,C,0.14
672.65,703,0.11,0.02,C,0.14
672.65,704,0.1,0.02,C,0.14
672.65,705,0.09,0.02,C,0.14
672.65,706,0.08,0.02,C,0.14
672.65,707,0.07,0.02,C,0.14
672.65,708,0.06,0.02,C,0.14
672.65,709,0.05,0.02,C,0.15
672.65,710,0.05,0.02,C,0.15
672.65,712,0.05,0.02,C,0.15
672.65,713,0.04,0.02,C,0.15
672.65,714,0.04,0.02,C,0.16
672.65,715,0.04,0.02,C,0.16
672.65,716,0.04,0.02,C,0.16
672.65,718,0.03,0.02,C,0.17
672.65,720,0.03,0.02,C,0.17
672.65,721,0.03,0.02,C,0.17
672.65,725,0.03,0.02,C,0.18
672.65,730,0.02,0.02,C,0.2
672.65,735,0.02,0.02,C,0.21
672.65,740,0.02,0.02,C,0.23
672.65,745,0.03,0.02,C,0.24
672.65,750,0.01,0.02,C,0.25
672.65,755,0.02,0.02,C,0.26
672.65,760,0.01,0.02,C,0.27
672.65,765,0.02,0.02,C,0.29
672.65,770,0.02,0.02,C,0.3
672.65,775,0.01,0.02,C,0.31
672.65,780,0.01,0.02,C,0.32
672.65,785,0.02,0.02,C,0.34
672.65,790,0.02,0.02,C,0.35
672.65,795,0.02,0.02,C,0.36
672.65,800,0.01,0.02,C,0.38
672.65,523,137.76,0.04,C,1.0
672.65,524,139.14,0.04,C,0.0
672.65,525,154.65,0.04,C,0.61
672.65,526,157.62,0.04,C,0.6
672.65,527,149.72,0.04,C,0.56
672.65,528,157.52,0.04,C,0.6
672.65,529,157.71,0.04,C,0.6
672.65,530,146.08,0.04,C,0.56
672.65,531,147.83,0.04,C,0.58
672.65,533,136.63,0.04,C,1.26
672.65,534,150.34,0.04,C,0.58
672.65,535,144.48,0.04,C,0.57
672.65,536,114.06,0.04,C,0.0
672.65,537,129.6,0.04,C,0.55
672.65,538,124.69,0.04,C,0.0
672.65,539,135.63,0.04,C,0.57
672.65,540,144.24,0.04,C,0.57
672.65,541,126.14,0.04,C,0.0
672.65,542,134.85,0.04,C,0.52
672.65,543,142.9,0.04,C,0.55
672.65,544,130.19,0.04,C,0.52
672.65,545,129.1,0.04,C,0.54
672.65,546,137.0,0.04,C,0.54
672.65,547,125.36,0.04,C,0.53
672.65,549,68.62,0.04,C,0.0
672.65,550,133.85,0.04,C,0.51
672.65,552,112.38,0.04,C,0.51
672.65,553,137.37,0.04,C,0.51
672.65,554,115.5,0.04,C,0.84
672.65,555,120.16,0.04,C,0.51
672.65,556,118.9,0.04,C,0.6
672.65,557,110.08,0.04,C,0.0
672.65,558,109.63,0.04,C,0.0
672.65,559,110.66,0.04,C,0.49
672.65,560,117.23,0.04,C,0.58
672.65,561,118.37,0.04,C,0.58
672.65,562,122.28,0.04,C,0.57
672.65,563,117.8,0.04,C,0.57
672.65,564,122.2,0.04,C,0.56
672.65,565,111.1,0.04,C,0.56
672.65,566,101.38,0.04,C,0.0
672.65,567,122.49,0.04,C,0.55
672.65,568,118.92,0.04,C,0.55
672.65,569,101.77,0.04,C,1.03
672.65,570,109.36,0.04,C,0.45
672.65,571,94.68,0.04,C,0.0
672.65,572,114.6,0.04,C,0.54
672.65,573,106.3,0.04,C,0.53
672.65,574,98.43,0.04,C,0.52
672.65,575,108.12,0.04,C,0.44
672.65,576,104.49,0.04,C,0.51
672.65,577,113.47,0.04,C,0.51
672.65,578,90.18,0.04,C,0.51
672.65,579,88.08,0.04,C,0.5
672.65,580,97.12,0.04,C,0.43
672.65,581,104.33,0.04,C,0.5
672.65,582,97.45,0.04,C,0.49
672.65,583,96.99,0.04,C,0.48
672.65,584,82.79,0.04,C,0.0
672.65,585,81.78,0.04,C,0.4
672.65,586,81.9,0.04,C,0.48
672.65,587,99.16,0.04,C,0.48
672.65,588,77.72,0.04,C,0.47
672.65,589,88.35,0.04,C,0.4
672.65,590,92.81,0.04,C,0.39
672.65,591,86.29,0.04,C,0.39
672.65,592,93.84,0.04,C,0.45
672.65,593,92.69,0.04,C,0.45
672.65,594,86.52,0.04,C,0.44
672.65,595,88.44,0.04,C,0.37
672.65,596,84.78,0.04,C,0.43
672.65,597,80.34,0.04,C,0.37
672.65,598,77.43,0.04,C,0.43
672.65,599,76.46,0.04,C,0.36
672.65,600,84.75,0.04,C,0.37
672.65,601,83.56,0.04,C,0.35
672.65,602,71.76,0.04,C,0.36
672.65,603,72.87,0.04,C,0.4
672.65,604,68.76,0.04,C,0.35
672.65,605,76.12,0.04,C,0.34
672.65,606,75.23,0.04,C,0.35
672.65,608,77.34,0.04,C,0.33
672.65,610,67.54,0.04,C,0.33
672.65,611,65.59,0.04,C,0.37
672.65,612,66.75,0.04,C,0.33
672.65,613,65.0,0.04,C,0.37
672.65,614,70.89,0.04,C,0.36
672.65,615,59.61,0.04,C,0.31
672.65,616,69.39,0.04,C,0.36
672.65,617,57.38,0.04,C,0.35
672.65,618,51.65,0.04,C,0.35
672.65,619,60.88,0.04,C,0.34
672.65,620,57.5,0.04,C,0.29
672.65,621,60.64,0.04,C,0.34
672.65,622,59.27,0.04,C,0.33
672.65,623,56.54,0.04,C,0.33
672.65,624,57.29,0.04,C,0.33
672.65,625,55.29,0.04,C,0.29
672.65,626,54.22,0.04,C,0.32
672.65,627,42.54,0.04,C,0.32
672.65,628,56.09,0.04,C,0.31
672.65,629,51.18,0.04,C,0.31
672.65,630,55.14,0.04,C,0.27
672.65,631,55.34,0.04,C,0.27
672.65,632,54.54,0.04,C,0.26
672.65,633,46.42,0.04,C,0.26
672.65,634,39.41,0.04,C,0.27
672.65,635,42.75,0.04,C,0.26
672.65,636,53.57,0.04,C,0.26
672.65,637,38.5,0.04,C,0.25
672.65,638,47.05,0.04,C,0.25
672.65,639,36.6,0.04,C,0.25
672.65,640,35.97,0.04,C,0.24
672.65,641,41.15,0.04,C,0.24
672.65,642,37.99,0.04,C,0.24
672.65,643,43.48,0.04,C,0.23
672.65,644,32.38,0.04,C,0.23
672.65,645,33.66,0.04,C,0.23
672.65,646,28.77,0.04,C,0.23
672.65,647,33.17,0.04,C,0.22
672.65,648,37.09,0.04,C,0.22
672.65,649,28.61,0.04,C,0.22
672.65,650,26.61,0.04,C,0.22
672.65,651,31.42,0.04,C,0.21
672.65,652,24.97,0.04,C,0.22
672.65,653,24.15,0.04,C,0.21
672.65,654,23.31,0.04,C,0.21
672.65,655,22.48,0.04,C,0.21
672.65,656,23.1,0.04,C,0.2
672.65,657,20.82,0.04,C,0.2
672.65,658,19.8,0.04,C,0.2
672.65,659,20.21,0.04,C,0.2
672.65,660,18.47,0.04,C,0.2
672.65,661,17.5,0.04,C,0.19
672.65,662,19.44,0.04,C,0.19
672.65,663,17.77,0.04,C,0.19
672.65,664,15.58,0.04,C,0.19
672.65,665,14.6,0.04,C,0.19
672.65,666,14.11,0.04,C,0.19
672.65,667,15.38,0.04,C,0.18
672.65,668,13.27,0.04,C,0.18
672.65,669,12.05,0.04,C,0.18
672.65,670,11.1,0.04,C,0.17
672.65,671,10.56,0.04,C,0.17
672.65,672,9.9,0.04,C,0.17
672.65,673,9.41,0.04,C,0.17
672.65,674,8.8,0.04,C,0.17
672.65,675,8.17,0.04,C,0.17
672.65,676,7.6,0.04,C,0.16
672.65,677,7.12,0.04,C,0.16
672.65,678,6.68,0.04,C,0.16
672.65,679,6.22,0.04,C,0.16
672.65,680,5.65,0.04,C,0.16
672.65,681,5.12,0.04,C,0.15
672.65,682,4.7,0.04,C,0.15
672.65,683,4.52,0.04,C,0.15
672.65,684,4.0,0.04,C,0.15
672.65,685,3.56,0.04,C,0.15
672.65,686,3.3,0.04,C,0.15
672.65,687,2.9,0.04,C,0.14
672.65,688,2.71,0.04,C,0.14
672.65,689,2.35,0.04,C,0.14
672.65,690,2.11,0.04,C,0.14
672.65,691,1.95,0.04,C,0.14
672.65,692,1.68,0.04,C,0.14
672.65,693,1.45,0.04,C,0.14
672.65,694,1.34,0.04,C,0.14
672.65,695,1.13,0.04,C,0.13
672.65,696,1.02,0.04,C,0.13
672.65,697,0.92,0.04,C,0.13
672.65,698,0.8,0.04,C,0.13
672.65,699,0.69,0.04,C,0.13
672.65,700,0.57,0.04,C,0.13
672.65,701,0.51,0.04,C,0.13
672.65,702,0.44,0.04,C,0.13
672.65,703,0.38,0.04,C,0.13
672.65,704,0.33,0.04,C,0.13
672.65,705,0.29,0.04,C,0.13
672.65,706,0.25,0.04,C,0.13
672.65,707,0.22,0.04,C,0.13
672.65,708,0.2,0.04,C,0.13
672.65,709,0.16,0.04,C,0.13
672.65,710,0.14,0.04,C,0.13
672.65,711,0.14,0.04,C,0.13
672.65,712,0.13,0.04,C,0.13
672.65,713,0.13,0.04,C,0.13
672.65,714,0.12,0.04,C,0.13
672.65,715,0.1,0.04,C,0.13
672.65,716,0.09,0.04,C,0.13
672.65,717,0.07,0.04,C,0.13
672.65,718,0.08,0.04,C,0.14
672.65,719,0.07,0.04,C,0.14
672.65,720,0.06,0.04,C,0.14
672.65,722,0.05,0.04,C,0.14
672.65,725,0.04,0.04,C,0.15
672.65,730,0.04,0.04,C,0.15
672.65,735,0.04,0.04,C,0.17
672.65,740,0.04,0.04,C,0.18
672.65,745,0.03,0.04,C,0.18
672.65,750,0.03,0.04,C,0.19
672.65,755,0.03,0.04,C,0.2
672.65,760,0.02,0.04,C,0.21
672.65,765,0.02,0.04,C,0.21
672.65,770,0.02,0.04,C,0.22
672.65,775,0.02,0.04,C,0.23
672.65,780,0.01,0.04,C,0.25
672.65,785,0.02,0.04,C,0.26
672.65,790,0.02,0.04,C,0.27
672.65,525,160.49,0.06,C,0.56
672.65,530,153.64,0.06,C,0.55
672.65,540,125.55,0.06,C,0.52
672.65,545,146.42,0.06,C,0.5
672.65,550,134.55,0.06,C,0.55
672.65,560,125.14,0.06,C,0.52
672.65,565,100.96,0.06,C,0.5
672.65,570,106.67,0.06,C,0.48
672.65,575,110.1,0.06,C,0.47
672.65,580,106.94,0.06,C,0.45
672.65,585,100.81,0.06,C,0.44
672.65,590,90.63,0.06,C,0.41
672.65,595,90.71,0.06,C,0.4
672.65,600,76.0,0.06,C,0.38
672.65,605,71.7,0.06,C,0.37
672.65,610,66.5,0.06,C,0.35
672.65,615,66.81,0.06,C,0.33
672.65,620,58.6,0.06,C,0.29
672.65,625,54.41,0.06,C,0.28
672.65,630,46.21,0.06,C,0.26
672.65,635,44.2,0.06,C,0.25
672.65,640,37.52,0.06,C,0.24
672.65,641,37.65,0.06,C,0.24
672.65,642,40.78,0.06,C,0.24
672.65,643,39.68,0.06,C,0.24
672.65,644,43.95,0.06,C,0.23
672.65,645,33.14,0.06,C,0.23
672.65,646,38.7,0.06,C,0.23
672.65,647,32.13,0.06,C,0.23
672.65,648,39.3,0.06,C,0.22
672.65,649,32.38,0.06,C,0.22
672.65,650,28.45,0.06,C,0.22
672.65,651,29.9,0.06,C,0.22
672.65,652,35.13,0.06,C,0.22
672.65,653,25.13,0.06,C,0.21
672.65,654,24.3,0.06,C,0.21
672.65,655,24.49,0.06,C,0.21
672.65,656,23.93,0.06,C,0.21
672.65,657,22.98,0.06,C,0.21
672.65,658,23.42,0.06,C,0.2
672.65,659,23.37,0.06,C,0.2
672.65,660,20.81,0.06,C,0.2
672.65,661,23.16,0.06,C,0.2
672.65,662,19.0,0.06,C,0.2
672.65,663,18.27,0.06,C,0.19
672.65,664,24.18,0.06,C,0.19
672.65,665,16.91,0.06,C,0.19
672.65,666,16.05,0.06,C,0.19
672.65,667,15.58,0.06,C,0.19
672.65,668,14.97,0.06,C,0.19
672.65,669,14.28,0.06,C,0.18
672.65,670,13.5,0.06,C,0.18
672.65,671,12.99,0.06,C,0.18
672.65,672,12.36,0.06,C,0.18
672.65,673,11.84,0.06,C,0.18
672.65,674,10.98,0.06,C,0.17
672.65,675,10.64,0.06,C,0.17
672.65,676,9.82,0.06,C,0.17
672.65,677,9.49,0.06,C,0.17
672.65,678,8.85,0.06,C,0.17
672.65,679,8.42,0.06,C,0.17
672.65,680,7.7,0.06,C,0.16
672.65,681,7.28,0.06,C,0.16
672.65,682,6.87,0.06,C,0.16
672.65,683,6.47,0.06,C,0.16
672.65,684,5.93,0.06,C,0.16
672.65,685,5.57,0.06,C,0.16
672.65,686,5.1,0.06,C,0.15
672.65,687,4.88,0.06,C,0.15
672.65,688,4.41,0.06,C,0.15
672.65,689,4.06,0.06,C,0.15
672.65,690,3.65,0.06,C,0.15
672.65,691,3.48,0.06,C,0.15
672.65,692,3.13,0.06,C,0.15
672.65,693,2.85,0.06,C,0.14
672.65,694,2.62,0.06,C,0.14
672.65,695,2.35,0.06,C,0.14
672.65,696,2.19,0.06,C,0.14
672.65,697,1.96,0.06,C,0.14
672.65,698,1.76,0.06,C,0.14
672.65,699,1.58,0.06,C,0.14
672.65,700,1.42,0.06,C,0.14
672.65,701,1.31,0.06,C,0.14
672.65,702,1.16,0.06,C,0.14
672.65,703,1.06,0.06,C,0.13
672.65,704,0.95,0.06,C,0.13
672.65,705,0.84,0.06,C,0.13
672.65,706,0.74,0.06,C,0.13
672.65,707,0.69,0.06,C,0.13
672.65,708,0.59,0.06,C,0.13
672.65,709,0.55,0.06,C,0.13
672.65,710,0.48,0.06,C,0.13
672.65,715,0.28,0.06,C,0.13
672.65,720,0.17,0.06,C,0.13
672.65,725,0.12,0.06,C,0.13
672.65,730,0.09,0.06,C,0.14
672.65,735,0.06,0.06,C,0.14
672.65,740,0.06,0.06,C,0.15
672.65,745,0.07,0.06,C,0.16
672.65,750,0.04,0.06,C,0.17
672.65,755,0.05,0.06,C,0.17
672.65,760,0.03,0.06,C,0.18
672.65,765,0.03,0.06,C,0.19
672.65,770,0.03,0.06,C,0.19
672.65,775,0.03,0.06,C,0.2
672.65,780,0.02,0.06,C,0.21
672.65,785,0.02,0.06,C,0.21
672.65,790,0.03,0.06,C,0.22
672.65,525,144.18,0.08,C,0.53
672.65,540,145.48,0.08,C,0.54
672.65,545,139.96,0.08,C,0.53
672.65,560,117.22,0.08,C,0.48
672.65,565,119.66,0.08,C,0.47
672.65,570,98.19,0.08,C,0.45
672.65,580,101.31,0.08,C,0.42
672.65,590,89.7,0.08,C,0.39
672.65,600,78.1,0.08,C,0.36
672.65,605,71.68,0.08,C,0.35
672.65,610,76.52,0.08,C,0.31
672.65,615,60.08,0.08,C,0.3
672.65,620,59.87,0.08,C,0.29
672.65,625,55.43,0.08,C,0.27
672.65,630,50.83,0.08,C,0.26
672.65,635,52.05,0.08,C,0.25
672.65,640,42.0,0.08,C,0.25
672.65,645,36.14,0.08,C,0.23
672.65,650,30.66,0.08,C,0.23
672.65,655,26.64,0.08,C,0.21
672.65,656,28.18,0.08,C,0.21
672.65,657,25.11,0.08,C,0.21
672.65,658,20.14,0.08,C,0.21
672.65,659,25.61,0.08,C,0.21
672.65,660,22.99,0.08,C,0.21
672.65,661,23.83,0.08,C,0.2
672.65,662,22.58,0.08,C,0.2
672.65,663,25.01,0.08,C,0.2
672.65,664,22.91,0.08,C,0.2
672.65,665,18.92,0.08,C,0.2
672.65,666,26.02,0.08,C,0.2
672.65,667,18.88,0.08,C,0.19
672.65,668,23.73,0.08,C,0.19
672.65,669,16.45,0.08,C,0.19
672.65,670,16.0,0.08,C,0.19
672.65,671,15.4,0.08,C,0.19
672.65,672,14.5,0.08,C,0.19
672.65,673,14.11,0.08,C,0.18
672.65,674,13.42,0.08,C,0.18
672.65,675,12.8,0.08,C,0.18
672.65,676,12.28,0.08,C,0.18
672.65,677,11.75,0.08,C,0.18
672.65,678,10.95,0.08,C,0.18
672.65,679,10.42,0.08,C,0.17
672.65,680,9.87,0.08,C,0.17
672.65,681,9.5,0.08,C,0.17
672.65,682,8.95,0.08,C,0.17
672.65,683,8.34,0.08,C,0.17
672.65,684,8.1,0.08,C,0.17
672.65,685,7.65,0.08,C,0.16
672.65,686,7.1,0.08,C,0.16
672.65,687,6.79,0.08,C,0.16
672.65,688,6.19,0.08,C,0.16
672.65,689,6.1,0.08,C,0.16
672.65,690,5.52,0.08,C,0.16
672.65,691,5.25,0.08,C,0.16
672.65,692,4.91,0.08,C,0.15
672.65,693,4.55,0.08,C,0.15
672.65,694,4.25,0.08,C,0.15
672.65,695,3.94,0.08,C,0.15
672.65,696,3.63,0.08,C,0.15
672.65,697,3.63,0.08,C,0.15
672.65,698,3.16,0.08,C,0.15
672.65,699,2.94,0.08,C,0.15
672.65,700,2.67,0.08,C,0.15
672.65,701,2.47,0.08,C,0.15
672.65,702,2.46,0.08,C,0.14
672.65,703,2.08,0.08,C,0.15
672.65,704,1.94,0.08,C,0.14
672.65,705,1.75,0.08,C,0.14
672.65,706,1.65,0.08,C,0.14
672.65,707,1.52,0.08,C,0.14
672.65,708,1.38,0.08,C,0.14
672.65,709,1.25,0.08,C,0.14
672.65,710,1.15,0.08,C,0.14
672.65,715,0.76,0.08,C,0.14
672.65,720,0.49,0.08,C,0.14
672.65,725,0.31,0.08,C,0.14
672.65,730,0.22,0.08,C,0.14
672.65,735,0.15,0.08,C,0.14
672.65,740,0.11,0.08,C,0.15
672.65,745,0.08,0.08,C,0.15
672.65,750,0.06,0.08,C,0.15
672.65,755,0.07,0.08,C,0.16
672.65,760,0.08,0.08,C,0.17
672.65,765,0.04,0.08,C,0.17
672.65,770,0.04,0.08,C,0.18
672.65,775,0.04,0.08,C,0.19
672.65,780,0.03,0.08,C,0.19
672.65,785,0.03,0.08,C,0.2
672.65,790,0.03,0.08,C,0.21
672.65,525,152.33,0.1,C,0.55
672.65,530,144.93,0.1,C,0.54
672.65,535,143.39,0.1,C,0.52
672.65,540,135.4,0.1,C,0.51
672.65,545,131.81,0.1,C,0.49
672.65,550,125.29,0.1,C,0.47
672.65,555,121.06,0.1,C,0.45
672.65,560,115.83,0.1,C,0.45
672.65,565,114.62,0.1,C,0.43
672.65,570,105.95,0.1,C,0.42
672.65,575,102.73,0.1,C,0.42
672.65,580,96.4,0.1,C,0.39
672.65,585,94.67,0.1,C,0.38
672.65,590,88.53,0.1,C,0.37
672.65,595,82.46,0.1,C,0.35
672.65,600,77.0,0.1,C,0.34
672.65,601,83.11,0.1,C,0.34
672.65,602,77.87,0.1,C,0.34
672.65,603,76.15,0.1,C,0.31
672.65,604,82.71,0.1,C,0.31
672.65,605,82.5,0.1,C,0.31
672.65,606,82.43,0.1,C,0.31
672.65,607,86.85,0.1,C,0.3
672.65,608,79.23,0.1,C,0.3
672.65,609,77.63,0.1,C,0.3
672.65,610,77.72,0.1,C,0.3
672.65,611,76.54,0.1,C,0.3
672.65,612,76.45,0.1,C,0.29
672.65,613,75.55,0.1,C,0.29
672.65,614,65.69,0.1,C,0.29
672.65,615,64.89,0.1,C,0.29
672.65,616,63.91,0.1,C,0.28
672.65,619,60.93,0.1,C,0.28
672.65,620,57.79,0.1,C,0.28
672.65,621,66.64,0.1,C,0.27
672.65,622,65.12,0.1,C,0.27
672.65,623,64.86,0.1,C,0.27
672.65,624,57.7,0.1,C,0.27
672.65,625,54.0,0.1,C,0.26
672.65,626,61.88,0.1,C,0.26
672.65,627,46.67,0.1,C,0.26
672.65,628,55.04,0.1,C,0.26
672.65,629,52.31,0.1,C,0.26
672.65,630,49.77,0.1,C,0.26
672.65,631,56.29,0.1,C,0.26
672.65,632,56.16,0.1,C,0.25
672.65,635,44.69,0.1,C,0.25
672.65,636,52.95,0.1,C,0.24
672.65,637,52.01,0.1,C,0.24
672.65,638,51.1,0.1,C,0.24
672.65,639,44.04,0.1,C,0.24
672.65,640,40.59,0.1,C,0.24
672.65,641,40.43,0.1,C,0.23
672.65,642,47.19,0.1,C,0.23
672.65,643,32.1,0.1,C,0.23
672.65,644,39.2,0.1,C,0.23
672.65,645,35.86,0.1,C,0.23
672.65,646,36.14,0.1,C,0.23
672.65,647,42.74,0.1,C,0.22
672.65,648,38.04,0.1,C,0.22
672.65,649,32.83,0.1,C,0.22
672.65,650,31.75,0.1,C,0.22
672.65,651,33.73,0.1,C,0.22
672.65,652,34.9,0.1,C,0.22
672.65,653,37.99,0.1,C,0.21
672.65,654,28.5,0.1,C,0.21
672.65,655,28.08,0.1,C,0.21
672.65,656,29.06,0.1,C,0.21
672.65,657,28.27,0.1,C,0.21
672.65,658,28.29,0.1,C,0.2
672.65,659,27.28,0.1,C,0.2
672.65,660,24.06,0.1,C,0.2
672.65,661,28.06,0.1,C,0.2
672.65,662,24.75,0.1,C,0.2
672.65,663,23.25,0.1,C,0.2
672.65,664,21.02,0.1,C,0.2
672.65,665,20.26,0.1,C,0.19
672.65,666,20.45,0.1,C,0.19
672.65,667,19.1,0.1,C,0.19
672.65,668,19.71,0.1,C,0.19
672.65,669,18.29,0.1,C,0.19
672.65,670,17.13,0.1,C,0.18
672.65,671,16.41,0.1,C,0.18
672.65,672,15.86,0.1,C,0.18
672.65,673,15.3,0.1,C,0.18
672.65,674,14.9,0.1,C,0.18
672.65,675,14.09,0.1,C,0.18
672.65,676,13.45,0.1,C,0.18
672.65,677,12.9,0.1,C,0.17
672.65,678,12.32,0.1,C,0.17
672.65,679,11.94,0.1,C,0.17
672.65,680,11.28,0.1,C,0.17
672.65,681,10.7,0.1,C,0.17
672.65,682,10.36,0.1,C,0.17
672.65,683,9.76,0.1,C,0.17
672.65,684,9.32,0.1,C,0.16
672.65,685,8.68,0.1,C,0.16
672.65,686,8.36,0.1,C,0.16
672.65,687,8.0,0.1,C,0.16
672.65,688,7.54,0.1,C,0.16
672.65,689,7.05,0.1,C,0.16
672.65,690,6.6,0.1,C,0.16
672.65,691,6.38,0.1,C,0.16
672.65,692,5.97,0.1,C,0.16
672.65,693,5.62,0.1,C,0.15
672.65,694,5.24,0.1,C,0.15
672.65,695,4.95,0.1,C,0.15
672.65,696,4.68,0.1,C,0.15
672.65,697,4.45,0.1,C,0.15
672.65,698,4.09,0.1,C,0.15
672.65,699,3.79,0.1,C,0.15
672.65,700,3.57,0.1,C,0.15
672.65,701,3.37,0.1,C,0.15
672.65,702,3.13,0.1,C,0.15
672.65,703,2.89,0.1,C,0.15
672.65,704,2.72,0.1,C,0.15
672.65,705,2.48,0.1,C,0.14
672.65,706,2.36,0.1,C,0.14
672.65,707,2.16,0.1,C,0.14
672.65,708,2.0,0.1,C,0.14
672.65,709,1.89,0.1,C,0.14
672.65,710,1.76,0.1,C,0.14
672.65,711,1.62,0.1,C,0.14
672.65,712,1.5,0.1,C,0.14
672.65,713,1.39,0.1,C,0.14
672.65,714,1.42,0.1,C,0.14
672.65,715,1.18,0.1,C,0.14
672.65,716,1.13,0.1,C,0.14
672.65,717,1.11,0.1,C,0.14
672.65,718,0.96,0.1,C,0.14
672.65,719,0.99,0.1,C,0.14
672.65,720,0.83,0.1,C,0.14
672.65,725,0.56,0.1,C,0.14
672.65,730,0.4,0.1,C,0.14
672.65,735,0.28,0.1,C,0.14
672.65,740,0.2,0.1,C,0.14
672.65,745,0.15,0.1,C,0.15
672.65,750,0.13,0.1,C,0.15
672.65,755,0.09,0.1,C,0.15
672.65,760,0.08,0.1,C,0.16
672.65,765,0.06,0.1,C,0.16
672.65,770,0.06,0.1,C,0.17
672.65,775,0.05,0.1,C,0.17
672.65,780,0.04,0.1,C,0.18
672.65,785,0.06,0.1,C,0.18
672.65,790,0.04,0.1,C,0.19
672.65,795,0.04,0.1,C,0.19
672.65,800,0.04,0.1,C,0.2
672.65,805,0.03,0.1,C,0.2
672.65,810,0.03,0.1,C,0.21
672.65,815,0.03,0.1,C,0.22
672.65,820,0.03,0.1,C,0.22
672.65,600,88.29,0.12,C,0.3
672.65,610,76.79,0.12,C,0.28
672.65,620,56.65,0.12,C,0.27
672.65,625,52.0,0.12,C,0.26
672.65,630,47.75,0.12,C,0.25
672.65,640,43.4,0.12,C,0.23
672.65,645,39.0,0.12,C,0.22
672.65,655,32.97,0.12,C,0.2
672.65,660,26.77,0.12,C,0.2
672.65,661,31.23,0.12,C,0.19
672.65,662,30.57,0.12,C,0.19
672.65,663,29.54,0.12,C,0.19
672.65,664,25.85,0.12,C,0.19
672.65,665,22.0,0.12,C,0.19
672.65,666,21.25,0.12,C,0.19
672.65,667,20.85,0.12,C,0.19
672.65,668,26.46,0.12,C,0.18
672.65,669,18.37,0.12,C,0.18
672.65,670,17.96,0.12,C,0.18
672.65,671,17.17,0.12,C,0.18
672.65,672,16.5,0.12,C,0.17
672.65,673,15.92,0.12,C,0.18
672.65,674,16.23,0.12,C,0.18
672.65,675,14.77,0.12,C,0.17
672.65,676,14.67,0.12,C,0.17
672.65,677,14.9,0.12,C,0.17
672.65,678,14.37,0.12,C,0.17
672.65,679,12.55,0.12,C,0.17
672.65,680,12.06,0.12,C,0.17
672.65,681,11.66,0.12,C,0.17
672.65,682,10.93,0.12,C,0.17
672.65,683,10.5,0.12,C,0.16
672.65,684,9.94,0.12,C,0.16
672.65,685,9.53,0.12,C,0.16
672.65,686,9.19,0.12,C,0.16
672.65,687,8.72,0.12,C,0.16
672.65,688,8.21,0.12,C,0.16
672.65,689,7.85,0.12,C,0.15
672.65,690,7.39,0.12,C,0.15
672.65,691,6.99,0.12,C,0.16
672.65,692,6.73,0.12,C,0.15
672.65,693,7.84,0.12,C,0.15
672.65,694,6.67,0.12,C,0.15
672.65,695,5.62,0.12,C,0.15
672.65,696,5.95,0.12,C,0.15
672.65,697,5.06,0.12,C,0.15
672.65,698,4.95,0.12,C,0.15
672.65,699,4.41,0.12,C,0.15
672.65,700,4.09,0.12,C,0.14
672.65,701,4.13,0.12,C,0.15
672.65,702,3.84,0.12,C,0.15
672.65,704,3.4,0.12,C,0.14
672.65,705,2.94,0.12,C,0.14
672.65,706,4.44,0.12,C,0.14
672.65,707,2.65,0.12,C,0.14
672.65,708,2.5,0.12,C,0.14
672.65,709,2.79,0.12,C,0.14
672.65,710,2.11,0.12,C,0.14
672.65,715,1.51,0.12,C,0.14
672.65,720,1.06,0.12,C,0.14
672.65,725,0.73,0.12,C,0.13
672.65,730,0.54,0.12,C,0.14
672.65,740,0.31,0.12,C,0.14
672.65,745,0.21,0.12,C,0.14
672.65,750,0.18,0.12,C,0.14
672.65,760,0.1,0.12,C,0.15
672.65,765,0.08,0.12,C,0.15
672.65,770,0.11,0.12,C,0.15
672.65,525,153.19,0.13,C,0.49
672.65,530,153.78,0.13,C,0.48
672.65,535,150.9,0.13,C,0.47
672.65,536,131.69,0.13,C,0.0
672.65,537,133.75,0.13,C,0.45
672.65,538,83.0,0.13,C,0.0
672.65,539,121.68,0.13,C,0.0
672.65,540,134.67,0.13,C,0.45
672.65,541,117.98,0.13,C,0.0
672.65,542,143.65,0.13,C,0.45
672.65,543,142.06,0.13,C,0.45
672.65,544,132.99,0.13,C,0.45
672.65,545,130.46,0.13,C,0.44
672.65,546,121.49,0.13,C,0.26
672.65,547,124.79,0.13,C,0.44
672.65,548,137.87,0.13,C,0.44
672.65,549,125.01,0.13,C,0.43
672.65,550,133.57,0.13,C,0.43
672.65,551,122.34,0.13,C,0.43
672.65,552,141.45,0.13,C,0.42
672.65,553,139.18,0.13,C,0.42
672.65,554,116.16,0.13,C,0.42
672.65,555,124.01,0.13,C,0.42
672.65,556,113.93,0.13,C,0.42
672.65,557,128.2,0.13,C,0.41
672.65,558,112.62,0.13,C,0.41
672.65,559,118.95,0.13,C,0.41
672.65,560,119.5,0.13,C,0.4
672.65,561,120.38,0.13,C,0.4
672.65,562,124.38,0.13,C,0.4
672.65,563,125.15,0.13,C,0.4
672.65,564,123.12,0.13,C,0.4
672.65,565,111.9,0.13,C,0.39
672.65,566,80.71,0.13,C,0.0
672.65,567,120.69,0.13,C,0.39
672.65,568,112.93,0.13,C,0.36
672.65,569,122.6,0.13,C,0.38
672.65,570,114.1,0.13,C,0.38
672.65,571,111.94,0.13,C,0.38
672.65,572,103.03,0.13,C,0.38
672.65,573,107.25,0.13,C,0.38
672.65,574,101.96,0.13,C,0.37
672.65,575,108.61,0.13,C,0.37
672.65,576,103.68,0.13,C,0.37
672.65,577,75.62,0.13,C,0.21
672.65,578,109.61,0.13,C,0.36
672.65,579,101.75,0.13,C,0.36
672.65,580,96.0,0.13,C,0.36
672.65,581,96.0,0.13,C,0.36
672.65,582,106.26,0.13,C,0.36
672.65,583,95.55,0.13,C,0.35
672.65,584,99.61,0.13,C,0.35
672.65,585,101.51,0.13,C,0.35
672.65,586,85.72,0.13,C,0.35
672.65,587,93.23,0.13,C,0.35
672.65,588,93.5,0.13,C,0.34
672.65,589,91.13,0.13,C,0.34
672.65,590,87.93,0.13,C,0.34
672.65,591,91.87,0.13,C,0.34
672.65,592,86.0,0.13,C,0.33
672.65,593,77.37,0.13,C,0.34
672.65,594,78.68,0.13,C,0.33
672.65,595,77.26,0.13,C,0.31
672.65,596,96.13,0.13,C,0.31
672.65,597,75.12,0.13,C,0.3
672.65,598,78.99,0.13,C,0.3
672.65,599,83.62,0.13,C,0.3
672.65,600,77.6,0.13,C,0.3
672.65,601,68.45,0.13,C,0.29
672.65,602,75.67,0.13,C,0.29
672.65,603,74.7,0.13,C,0.29
672.65,604,73.68,0.13,C,0.29
672.65,605,72.58,0.13,C,0.29
672.65,606,79.95,0.13,C,0.29
672.65,607,71.79,0.13,C,0.28
672.65,608,77.69,0.13,C,0.28
672.65,609,72.24,0.13,C,0.28
672.65,610,68.04,0.13,C,0.27
672.65,611,71.32,0.13,C,0.28
672.65,612,77.93,0.13,C,0.28
672.65,613,57.23,0.13,C,0.27
672.65,614,58.25,0.13,C,0.27
672.65,615,71.66,0.13,C,0.27
672.65,616,70.72,0.13,C,0.27
672.65,617,63.74,0.13,C,0.26
672.65,618,65.98,0.13,C,0.26
672.65,619,60.8,0.13,C,0.26
672.65,620,58.63,0.13,C,0.26
672.65,621,74.08,0.13,C,0.26
672.65,622,56.14,0.13,C,0.25
672.65,623,66.79,0.13,C,0.26
672.65,624,64.2,0.13,C,0.25
672.65,625,55.93,0.13,C,0.25
672.65,626,48.75,0.13,C,0.25
672.65,627,63.63,0.13,C,0.25
672.65,628,60.46,0.13,C,0.25
672.65,629,59.4,0.13,C,0.24
672.65,630,52.52,0.13,C,0.24
672.65,631,48.5,0.13,C,0.24
672.65,632,49.1,0.13,C,0.24
672.65,633,40.35,0.13,C,0.24
672.65,634,55.6,0.13,C,0.23
672.65,635,45.53,0.13,C,0.23
672.65,636,54.72,0.13,C,0.23
672.65,637,43.12,0.13,C,0.23
672.65,638,48.85,0.13,C,0.23
672.65,639,48.94,0.13,C,0.23
672.65,640,41.26,0.13,C,0.22
672.65,641,47.31,0.13,C,0.22
672.65,642,51.91,0.13,C,0.22
672.65,643,42.37,0.13,C,0.22
672.65,644,33.92,0.13,C,0.22
672.65,645,39.43,0.13,C,0.21
672.65,646,42.28,0.13,C,0.22
672.65,647,44.46,0.13,C,0.21
672.65,648,40.37,0.13,C,0.21
672.65,649,41.22,0.13,C,0.21
672.65,650,33.26,0.13,C,0.21
672.65,651,36.7,0.13,C,0.21
672.65,652,30.5,0.13,C,0.2
672.65,653,37.76,0.13,C,0.2
672.65,654,38.63,0.13,C,0.2
672.65,655,31.45,0.13,C,0.2
672.65,656,30.63,0.13,C,0.2
672.65,657,32.54,0.13,C,0.2
672.65,658,35.42,0.13,C,0.2
672.65,659,25.22,0.13,C,0.2
672.65,660,25.25,0.13,C,0.19
672.65,661,26.3,0.13,C,0.19
672.65,662,25.96,0.13,C,0.19
672.65,663,26.7,0.13,C,0.19
672.65,664,29.8,0.13,C,0.19
672.65,665,22.0,0.13,C,0.18
672.65,666,22.8,0.13,C,0.18
672.65,667,21.72,0.13,C,0.18
672.65,668,20.1,0.13,C,0.18
672.65,669,20.69,0.13,C,0.18
672.65,670,18.94,0.13,C,0.18
672.65,671,17.94,0.13,C,0.18
672.65,672,17.52,0.13,C,0.17
672.65,673,16.8,0.13,C,0.17
672.65,674,16.35,0.13,C,0.17
672.65,675,15.62,0.13,C,0.17
672.65,676,14.85,0.13,C,0.17
672.65,677,14.47,0.13,C,0.17
672.65,678,13.97,0.13,C,0.17
672.65,679,13.39,0.13,C,0.17
672.65,680,12.8,0.13,C,0.16
672.65,681,12.28,0.13,C,0.16
672.65,682,11.64,0.13,C,0.16
672.65,683,11.34,0.13,C,0.16
672.65,684,10.78,0.13,C,0.16
672.65,685,10.37,0.13,C,0.16
672.65,686,9.87,0.13,C,0.16
672.65,687,9.4,0.13,C,0.16
672.65,688,9.1,0.13,C,0.15
672.65,689,8.61,0.13,C,0.15
672.65,690,8.16,0.13,C,0.15
672.65,691,7.75,0.13,C,0.15
672.65,692,7.45,0.13,C,0.15
672.65,693,7.22,0.13,C,0.15
672.65,694,6.74,0.13,C,0.15
672.65,695,6.21,0.13,C,0.15
672.65,696,5.97,0.13,C,0.15
672.65,697,5.69,0.13,C,0.15
672.65,698,5.33,0.13,C,0.15
672.65,699,5.02,0.13,C,0.15
672.65,700,4.7,0.13,C,0.14
672.65,701,4.44,0.13,C,0.14
672.65,702,4.18,0.13,C,0.14
672.65,703,4.39,0.13,C,0.14
672.65,704,3.78,0.13,C,0.14
672.65,705,3.53,0.13,C,0.14
672.65,706,3.66,0.13,C,0.14
672.65,707,3.55,0.13,C,0.14
672.65,708,2.9,0.13,C,0.14
672.65,709,2.78,0.13,C,0.14
672.65,710,2.55,0.13,C,0.14
672.65,715,1.84,0.13,C,0.14
672.65,720,1.36,0.13,C,0.14
672.65,725,0.98,0.13,C,0.13
672.65,730,0.71,0.13,C,0.14
672.65,735,0.52,0.13,C,0.14
672.65,740,0.39,0.13,C,0.14
672.65,745,0.28,0.13,C,0.14
672.65,750,0.22,0.13,C,0.14
672.65,755,0.16,0.13,C,0.14
672.65,760,0.13,0.13,C,0.14
672.65,765,0.11,0.13,C,0.15
672.65,770,0.11,0.13,C,0.15
672.65,775,0.09,0.13,C,0.15
672.65,780,0.08,0.13,C,0.16
672.65,785,0.06,0.13,C,0.16
672.65,790,0.06,0.13,C,0.17
672.65,525,160.78,0.17,C,0.44
672.65,530,146.89,0.17,C,0.44
672.65,535,146.65,0.17,C,0.42
672.65,540,141.5,0.17,C,0.42
672.65,545,135.1,0.17,C,0.4
672.65,550,127.51,0.17,C,0.38
672.65,555,132.34,0.17,C,0.39
672.65,560,126.75,0.17,C,0.37
672.65,565,118.77,0.17,C,0.37
672.65,570,110.78,0.17,C,0.36
672.65,575,103.5,0.17,C,0.35
672.65,580,109.18,0.17,C,0.32
672.65,585,96.45,0.17,C,0.31
672.65,590,90.86,0.17,C,0.3
672.65,595,85.3,0.17,C,0.3
672.65,600,80.16,0.17,C,0.29
672.65,605,75.68,0.17,C,0.28
672.65,610,71.13,0.17,C,0.27
672.65,615,66.06,0.17,C,0.26
672.65,620,62.15,0.17,C,0.26
672.65,625,57.71,0.17,C,0.25
672.65,630,53.11,0.17,C,0.24
672.65,635,49.37,0.17,C,0.23
672.65,640,45.11,0.17,C,0.23
672.65,645,41.52,0.17,C,0.22
672.65,650,36.62,0.17,C,0.21
672.65,655,32.87,0.17,C,0.21
672.65,660,29.55,0.17,C,0.2
672.65,665,25.96,0.17,C,0.19
672.65,670,22.4,0.17,C,0.19
672.65,675,19.31,0.17,C,0.18
672.65,680,16.39,0.17,C,0.17
672.65,685,13.93,0.17,C,0.17
672.65,690,11.4,0.17,C,0.16
672.65,695,9.29,0.17,C,0.16
672.65,700,7.42,0.17,C,0.15
672.65,705,5.84,0.17,C,0.15
672.65,710,4.61,0.17,C,0.15
672.65,715,3.56,0.17,C,0.14
672.65,720,2.7,0.17,C,0.14
672.65,725,2.07,0.17,C,0.14
672.65,730,1.57,0.17,C,0.14
672.65,735,1.2,0.17,C,0.14
672.65,740,0.91,0.17,C,0.14
672.65,745,0.68,0.17,C,0.14
672.65,750,0.52,0.17,C,0.14
672.65,755,0.46,0.17,C,0.14
672.65,760,0.34,0.17,C,0.14
672.65,765,0.26,0.17,C,0.14
672.65,770,0.2,0.17,C,0.15
672.65,775,0.15,0.17,C,0.15
672.65,780,0.13,0.17,C,0.15
672.65,785,0.11,0.17,C,0.15
672.65,790,0.1,0.17,C,0.15
672.65,795,0.08,0.17,C,0.15
672.65,800,0.06,0.17,C,0.16
672.65,805,0.07,0.17,C,0.16
672.65,810,0.06,0.17,C,0.17
672.65,815,0.05,0.17,C,0.17
672.65,820,0.04,0.17,C,0.17
672.65,525,163.1,0.21,C,0.44
672.65,530,142.05,0.21,C,0.43
672.65,535,149.43,0.21,C,0.42
672.65,540,128.28,0.21,C,0.5
672.65,545,134.97,0.21,C,0.4
672.65,550,131.65,0.21,C,0.39
672.65,555,130.26,0.21,C,0.38
672.65,560,112.96,0.21,C,0.37
672.65,565,109.59,0.21,C,0.36
672.65,570,116.93,0.21,C,0.33
672.65,572,98.5,0.21,C,0.0
672.65,573,117.31,0.21,C,0.33
672.65,575,111.57,0.21,C,0.33
672.65,576,113.75,0.21,C,0.33
672.65,577,92.59,0.21,C,0.32
672.65,578,106.58,0.21,C,0.32
672.65,579,92.68,0.21,C,0.29
672.65,580,103.08,0.21,C,0.32
672.65,581,80.65,0.21,C,0.26
672.65,582,91.21,0.21,C,0.32
672.65,584,93.3,0.21,C,0.31
672.65,585,99.72,0.21,C,0.31
672.65,586,89.6,0.21,C,0.31
672.65,587,100.27,0.21,C,0.31
672.65,590,99.11,0.21,C,0.3
672.65,592,74.98,0.21,C,0.33
672.65,593,102.21,0.21,C,0.3
672.65,594,82.72,0.21,C,0.3
672.65,595,89.3,0.21,C,0.3
672.65,596,84.95,0.21,C,0.3
672.65,597,89.66,0.21,C,0.29
672.65,598,75.51,0.21,C,0.37
672.65,599,79.33,0.21,C,0.29
672.65,600,82.14,0.21,C,0.29
672.65,601,91.7,0.21,C,0.29
672.65,602,81.7,0.21,C,0.29
672.65,603,81.96,0.21,C,0.29
672.65,604,79.3,0.21,C,0.28
672.65,605,83.79,0.21,C,0.28
672.65,606,77.47,0.21,C,0.28
672.65,607,69.69,0.21,C,0.28
672.65,608,76.51,0.21,C,0.28
672.65,609,83.67,0.21,C,0.28
672.65,610,73.14,0.21,C,0.27
672.65,611,79.37,0.21,C,0.27
672.65,612,83.08,0.21,C,0.27
672.65,613,60.77,0.21,C,0.15
672.65,614,76.52,0.21,C,0.27
672.65,615,71.85,0.21,C,0.27
672.65,616,73.42,0.21,C,0.27
672.65,617,67.28,0.21,C,0.26
672.65,618,66.6,0.21,C,0.0
672.65,619,70.61,0.21,C,0.26
672.65,620,74.14,0.21,C,0.26
672.65,621,70.04,0.21,C,0.26
672.65,622,64.5,0.21,C,0.26
672.65,623,64.92,0.21,C,0.27
672.65,624,68.71,0.21,C,0.25
672.65,625,56.15,0.21,C,0.25
672.65,626,55.54,0.21,C,0.25
672.65,627,62.02,0.21,C,0.25
672.65,628,60.27,0.21,C,0.25
672.65,629,62.54,0.21,C,0.25
672.65,630,57.96,0.21,C,0.24
672.65,631,57.01,0.21,C,0.24
672.65,632,49.5,0.21,C,0.24
672.65,633,54.07,0.21,C,0.24
672.65,634,60.92,0.21,C,0.24
672.65,635,51.2,0.21,C,0.24
672.65,636,55.14,0.21,C,0.24
672.65,637,59.65,0.21,C,0.24
672.65,638,54.55,0.21,C,0.23
672.65,639,47.8,0.21,C,0.23
672.65,640,47.1,0.21,C,0.23
672.65,641,55.45,0.21,C,0.23
672.65,642,58.9,0.21,C,0.23
672.65,643,59.25,0.21,C,0.23
672.65,644,52.75,0.21,C,0.23
672.65,645,44.13,0.21,C,0.22
672.65,646,37.96,0.21,C,0.22
672.65,647,48.24,0.21,C,0.22
672.65,648,47.99,0.21,C,0.22
672.65,649,42.84,0.21,C,0.22
672.65,650,39.6,0.21,C,0.22
672.65,651,45.48,0.21,C,0.22
672.65,652,40.86,0.21,C,0.21
672.65,653,37.66,0.21,C,0.21
672.65,654,43.62,0.21,C,0.21
672.65,655,43.18,0.21,C,0.21
672.65,656,39.68,0.21,C,0.21
672.65,657,40.74,0.21,C,0.21
672.65,658,41.0,0.21,C,0.21
672.65,659,39.44,0.21,C,0.21
672.65,660,31.92,0.21,C,0.2
672.65,661,32.08,0.21,C,0.2
672.65,662,37.82,0.21,C,0.2
672.65,663,31.47,0.21,C,0.2
672.65,664,30.23,0.21,C,0.2
672.65,665,29.5,0.21,C,0.2
672.65,666,28.75,0.21,C,0.2
672.65,667,32.68,0.21,C,0.2
672.65,668,27.72,0.21,C,0.19
672.65,669,27.12,0.21,C,0.19
672.65,670,25.31,0.21,C,0.19
672.65,671,24.31,0.21,C,0.19
672.65,672,23.8,0.21,C,0.19
672.65,673,23.25,0.21,C,0.19
672.65,674,22.91,0.21,C,0.19
672.65,675,22.21,0.21,C,0.19
672.65,676,21.43,0.21,C,0.19
672.65,677,21.15,0.21,C,0.18
672.65,678,20.28,0.21,C,0.18
672.65,679,19.76,0.21,C,0.18
672.65,680,19.0,0.21,C,0.18
672.65,681,18.71,0.21,C,0.18
672.65,682,19.33,0.21,C,0.18
672.65,683,17.57,0.21,C,0.18
672.65,684,17.04,0.21,C,0.18
672.65,685,16.36,0.21,C,0.17
672.65,686,16.0,0.21,C,0.17
672.65,687,15.24,0.21,C,0.17
672.65,688,14.87,0.21,C,0.17
672.65,689,15.19,0.21,C,0.17
672.65,690,13.84,0.21,C,0.17
672.65,691,15.68,0.21,C,0.17
672.65,692,12.92,0.21,C,0.17
672.65,693,15.65,0.21,C,0.17
672.65,694,12.71,0.21,C,0.17
672.65,695,11.52,0.21,C,0.16
672.65,696,12.12,0.21,C,0.16
672.65,697,11.27,0.21,C,0.16
672.65,698,10.5,0.21,C,0.16
672.65,699,11.94,0.21,C,0.16
672.65,700,9.67,0.21,C,0.16
672.65,701,9.29,0.21,C,0.16
672.65,702,9.39,0.21,C,0.16
672.65,703,9.42,0.21,C,0.16
672.65,704,8.51,0.21,C,0.16
672.65,705,8.51,0.21,C,0.16
672.65,706,8.16,0.21,C,0.16
672.65,707,7.2,0.21,C,0.16
672.65,708,8.94,0.21,C,0.15
672.65,709,9.56,0.21,C,0.15
672.65,710,6.28,0.21,C,0.15
672.65,711,6.02,0.21,C,0.15
672.65,712,6.18,0.21,C,0.15
672.65,713,6.1,0.21,C,0.15
672.65,714,6.09,0.21,C,0.15
672.65,715,5.07,0.21,C,0.15
672.65,716,5.35,0.21,C,0.15
672.65,717,5.95,0.21,C,0.15
672.65,718,4.76,0.21,C,0.15
672.65,719,6.02,0.21,C,0.15
672.65,720,4.01,0.21,C,0.15
672.65,721,5.55,0.21,C,0.15
672.65,722,3.66,0.21,C,0.15
672.65,723,3.55,0.21,C,0.15
672.65,724,4.52,0.21,C,0.15
672.65,725,3.15,0.21,C,0.15
672.65,726,3.35,0.21,C,0.15
672.65,727,2.18,0.21,C,0.14
672.65,728,3.22,0.21,C,0.14
672.65,729,2.91,0.21,C,0.14
672.65,730,2.52,0.21,C,0.14
672.65,731,2.54,0.21,C,0.14
672.65,732,2.84,0.21,C,0.14
672.65,733,3.18,0.21,C,0.14
672.65,734,2.24,0.21,C,0.14
672.65,735,2.51,0.21,C,0.14
672.65,736,1.86,0.21,C,0.14
672.65,737,2.58,0.21,C,0.14
672.65,738,2.45,0.21,C,0.14
672.65,739,1.72,0.21,C,0.14
672.65,740,1.59,0.21,C,0.14
672.65,741,1.82,0.21,C,0.14
672.65,742,1.38,0.21,C,0.14
672.65,743,1.3,0.21,C,0.14
672.65,744,1.99,0.21,C,0.14
672.65,745,1.19,0.21,C,0.14
672.65,746,1.13,0.21,C,0.14
672.65,747,1.18,0.21,C,0.14
672.65,748,1.31,0.21,C,0.14
672.65,749,0.98,0.21,C,0.14
672.65,750,0.94,0.21,C,0.14
672.65,755,0.74,0.21,C,0.14
672.65,760,0.63,0.21,C,0.14
672.65,765,0.5,0.21,C,0.14
672.65,770,0.37,0.21,C,0.14
672.65,775,0.32,0.21,C,0.14
672.65,780,0.24,0.21,C,0.14
672.65,785,0.21,0.21,C,0.15
672.65,790,0.16,0.21,C,0.15
672.65,525,164.25,0.27,C,0.42
672.65,530,155.89,0.27,C,0.41
672.65,535,150.16,0.27,C,0.41
672.65,540,143.65,0.27,C,0.4
672.65,545,145.72,0.27,C,0.39
672.65,550,133.07,0.27,C,0.38
672.65,555,135.88,0.27,C,0.37
672.65,560,119.39,0.27,C,0.35
672.65,565,118.2,0.27,C,0.34
672.65,570,122.23,0.27,C,0.33
672.65,575,117.35,0.27,C,0.32
672.65,580,111.0,0.27,C,0.32
672.65,585,106.5,0.27,C,0.31
672.65,590,101.07,0.27,C,0.3
672.65,595,89.23,0.27,C,0.3
672.65,600,85.5,0.27,C,0.29
672.65,605,85.37,0.27,C,0.28
672.65,610,78.16,0.27,C,0.27
672.65,615,81.04,0.27,C,0.27
672.65,620,68.89,0.27,C,0.26
672.65,625,71.3,0.27,C,0.25
672.65,630,59.45,0.27,C,0.25
672.65,635,56.21,0.27,C,0.24
672.65,640,52.11,0.27,C,0.23
672.65,645,47.06,0.27,C,0.23
672.65,650,43.45,0.27,C,0.22
672.65,655,40.9,0.27,C,0.22
672.65,660,35.88,0.27,C,0.21
672.65,665,32.73,0.27,C,0.2
672.65,670,29.3,0.27,C,0.2
672.65,675,25.85,0.27,C,0.19
672.65,680,22.65,0.27,C,0.19
672.65,685,20.03,0.27,C,0.18
672.65,690,17.51,0.27,C,0.18
672.65,695,14.9,0.27,C,0.17
672.65,700,12.79,0.27,C,0.17
672.65,705,10.86,0.27,C,0.16
672.65,710,8.99,0.27,C,0.16
672.65,715,7.57,0.27,C,0.16
672.65,720,6.18,0.27,C,0.15
672.65,725,4.99,0.27,C,0.15
672.65,730,4.09,0.27,C,0.15
672.65,735,3.33,0.27,C,0.15
672.65,740,2.67,0.27,C,0.15
672.65,745,2.17,0.27,C,0.14
672.65,750,1.76,0.27,C,0.14
672.65,755,1.4,0.27,C,0.14
672.65,760,1.15,0.27,C,0.14
672.65,765,1.02,0.27,C,0.14
672.65,770,0.74,0.27,C,0.14
672.65,775,0.65,0.27,C,0.14
672.65,780,0.5,0.27,C,0.14
672.65,785,0.44,0.27,C,0.14
672.65,790,0.48,0.27,C,0.15
672.65,795,0.3,0.27,C,0.15
672.65,800,0.23,0.27,C,0.15
672.65,525,172.01,0.29,C,0.42
672.65,530,122.55,0.29,C,0.43
672.65,535,156.33,0.29,C,0.4
672.65,540,149.35,0.29,C,0.4
672.65,545,131.49,0.29,C,0.39
672.65,550,132.15,0.29,C,0.38
672.65,555,130.0,0.29,C,0.35
672.65,560,124.47,0.29,C,0.34
672.65,565,124.67,0.29,C,0.34
672.65,570,107.97,0.29,C,0.33
672.65,575,111.14,0.29,C,0.32
672.65,580,108.44,0.29,C,0.32
672.65,581,109.06,0.29,C,0.31
672.65,582,80.81,0.29,C,0.34
672.65,584,106.29,0.29,C,0.31
672.65,585,104.79,0.29,C,0.31
672.65,586,77.1,0.29,C,0.33
672.65,587,105.68,0.29,C,0.31
672.65,588,106.64,0.29,C,0.31
672.65,589,107.24,0.29,C,0.3
672.65,590,88.93,0.29,C,0.3
672.65,591,95.26,0.29,C,0.3
672.65,592,86.86,0.29,C,0.3
672.65,593,72.17,0.29,C,0.32
672.65,594,84.05,0.29,C,0.27
672.65,595,87.9,0.29,C,0.29
672.65,596,81.82,0.29,C,0.29
672.65,597,88.83,0.29,C,0.29
672.65,598,89.21,0.29,C,0.29
672.65,599,88.42,0.29,C,0.29
672.65,600,91.23,0.29,C,0.29
672.65,601,75.97,0.29,C,0.18
672.65,602,79.5,0.29,C,0.27
672.65,603,86.45,0.29,C,0.29
672.65,604,77.64,0.29,C,0.27
672.65,605,85.39,0.29,C,0.29
672.65,606,86.56,0.29,C,0.28
672.65,607,87.1,0.29,C,0.28
672.65,609,53.7,0.29,C,0.3
672.65,610,75.91,0.29,C,0.27
672.65,612,80.86,0.29,C,0.27
672.65,613,74.74,0.29,C,0.27
672.65,614,73.99,0.29,C,0.27
672.65,615,72.47,0.29,C,0.27
672.65,616,87.06,0.29,C,0.27
672.65,618,82.51,0.29,C,0.26
672.65,619,69.7,0.29,C,0.0
672.65,620,75.0,0.29,C,0.26
672.65,622,60.73,0.29,C,0.0
672.65,623,43.1,0.29,C,0.28
672.65,624,59.05,0.29,C,0.24
672.65,625,57.87,0.29,C,0.26
672.65,627,54.04,0.29,C,0.18
672.65,628,65.01,0.29,C,0.26
672.65,629,55.1,0.29,C,0.24
672.65,630,66.35,0.29,C,0.25
672.65,631,67.75,0.29,C,0.25
672.65,632,69.08,0.29,C,0.25
672.65,633,58.87,0.29,C,0.24
672.65,634,57.0,0.29,C,0.24
672.65,635,64.32,0.29,C,0.24
672.65,636,57.2,0.29,C,0.24
672.65,637,46.59,0.29,C,0.24
672.65,638,54.05,0.29,C,0.24
672.65,639,64.93,0.29,C,0.24
672.65,640,60.14,0.29,C,0.24
672.65,641,59.02,0.29,C,0.24
672.65,642,58.47,0.29,C,0.23
672.65,643,61.45,0.29,C,0.23
672.65,644,53.7,0.29,C,0.23
672.65,645,52.4,0.29,C,0.23
672.65,646,45.69,0.29,C,0.23
672.65,647,52.68,0.29,C,0.23
672.65,648,46.37,0.29,C,0.22
672.65,649,54.85,0.29,C,0.22
672.65,650,44.66,0.29,C,0.22
672.65,651,39.95,0.29,C,0.22
672.65,652,38.54,0.29,C,0.22
672.65,653,48.5,0.29,C,0.22
672.65,654,37.48,0.29,C,0.22
672.65,655,47.12,0.29,C,0.22
672.65,656,46.04,0.29,C,0.22
672.65,657,41.7,0.29,C,0.22
672.65,658,44.9,0.29,C,0.21
672.65,659,44.95,0.29,C,0.21
672.65,660,44.23,0.29,C,0.21
672.65,661,43.68,0.29,C,0.21
672.65,662,42.4,0.29,C,0.21
672.65,663,38.66,0.29,C,0.21
672.65,664,34.5,0.29,C,0.21
672.65,665,33.83,0.29,C,0.21
672.65,666,36.68,0.29,C,0.2
672.65,667,36.76,0.29,C,0.2
672.65,668,38.25,0.29,C,0.2
672.65,669,31.05,0.29,C,0.2
672.65,670,30.43,0.29,C,0.2
672.65,671,31.54,0.29,C,0.2
672.65,672,29.17,0.29,C,0.2
672.65,673,28.46,0.29,C,0.2
672.65,674,27.7,0.29,C,0.2
672.65,675,26.89,0.29,C,0.2
672.65,676,26.73,0.29,C,0.19
672.65,677,27.24,0.29,C,0.19
672.65,680,24.23,0.29,C,0.19
672.65,685,21.36,0.29,C,0.18
672.65,690,18.79,0.29,C,0.18
672.65,695,16.22,0.29,C,0.17
672.65,700,13.9,0.29,C,0.17
672.65,705,11.7,0.29,C,0.17
672.65,710,10.08,0.29,C,0.16
672.65,715,8.8,0.29,C,0.16
672.65,720,7.02,0.29,C,0.16
672.65,725,5.78,0.29,C,0.15
672.65,730,4.89,0.29,C,0.15
672.65,735,3.93,0.29,C,0.15
672.65,740,4.73,0.29,C,0.15
672.65,745,2.68,0.29,C,0.15
672.65,750,2.11,0.29,C,0.14
672.65,755,1.73,0.29,C,0.14
672.65,760,1.39,0.29,C,0.14
672.65,765,1.23,0.29,C,0.14
672.65,770,0.93,0.29,C,0.14
672.65,775,0.83,0.29,C,0.14
672.65,780,0.66,0.29,C,0.14
672.65,785,0.57,0.29,C,0.14
672.65,790,0.46,0.29,C,0.14
672.65,795,0.36,0.29,C,0.15
672.65,800,0.36,0.29,C,0.15
672.65,525,156.0,0.35,C,0.41
672.65,530,161.43,0.35,C,0.4
672.65,535,149.14,0.35,C,0.39
672.65,540,135.94,0.35,C,0.38
672.65,545,147.79,0.35,C,0.36
672.65,550,143.27,0.35,C,0.35
672.65,555,129.23,0.35,C,0.35
672.65,560,127.4,0.35,C,0.34
672.65,565,127.13,0.35,C,0.33
672.65,570,118.91,0.35,C,0.33
672.65,575,110.8,0.35,C,0.32
672.65,580,115.89,0.35,C,0.31
672.65,585,100.46,0.35,C,0.31
672.65,590,90.0,0.35,C,0.3
672.65,595,102.07,0.35,C,0.29
672.65,600,88.53,0.35,C,0.29
672.65,605,86.39,0.35,C,0.28
672.65,610,82.83,0.35,C,0.28
672.65,615,71.56,0.35,C,0.27
672.65,620,74.46,0.35,C,0.26
672.65,625,67.7,0.35,C,0.26
672.65,630,63.77,0.35,C,0.25
672.65,635,67.31,0.35,C,0.24
672.65,640,55.08,0.35,C,0.24
672.65,645,51.73,0.35,C,0.23
672.65,650,48.16,0.35,C,0.23
672.65,655,43.98,0.35,C,0.22
672.65,660,40.75,0.35,C,0.22
672.65,665,37.0,0.35,C,0.21
672.65,670,33.78,0.35,C,0.2
672.65,675,30.69,0.35,C,0.2
672.65,680,27.36,0.35,C,0.19
672.65,685,24.57,0.35,C,0.19
672.65,690,21.96,0.35,C,0.18
672.65,695,19.35,0.35,C,0.18
672.65,700,16.82,0.35,C,0.18
672.65,705,14.78,0.35,C,0.17
672.65,710,12.85,0.35,C,0.17
672.65,715,10.88,0.35,C,0.16
672.65,720,9.4,0.35,C,0.16
672.65,725,7.96,0.35,C,0.16
672.65,730,6.79,0.35,C,0.16
672.65,735,5.61,0.35,C,0.15
672.65,740,4.71,0.35,C,0.15
672.65,745,3.88,0.35,C,0.15
672.65,750,3.26,0.35,C,0.15
672.65,755,3.03,0.35,C,0.15
672.65,760,2.25,0.35,C,0.15
672.65,765,1.88,0.35,C,0.15
672.65,770,1.57,0.35,C,0.15
672.65,775,1.29,0.35,C,0.15
672.65,780,1.06,0.35,C,0.15
672.65,785,0.9,0.35,C,0.15
672.65,790,0.75,0.35,C,0.15
672.65,795,0.66,0.35,C,0.15
672.65,800,0.52,0.35,C,0.15
672.65,805,0.45,0.35,C,0.15
672.65,810,0.41,0.35,C,0.15
672.65,815,0.46,0.35,C,0.15
672.65,820,0.27,0.35,C,0.15
672.65,523,63.4,0.38,C,0.0
672.65,524,158.6,0.38,C,0.4
672.65,525,167.0,0.38,C,0.39
672.65,526,97.73,0.38,C,0.0
672.65,527,107.69,0.38,C,0.31
672.65,528,95.16,0.38,C,0.0
672.65,529,99.31,0.38,C,0.0
672.65,530,148.1,0.38,C,0.39
672.65,531,96.53,0.38,C,0.0
672.65,532,81.59,0.38,C,0.0
672.65,533,87.07,0.38,C,0.0
672.65,534,60.98,0.38,C,0.0
672.65,535,160.16,0.38,C,0.38
672.65,536,61.22,0.38,C,0.0
672.65,537,143.28,0.38,C,0.38
672.65,538,88.92,0.38,C,0.0
672.65,539,95.93,0.38,C,0.3
672.65,540,155.47,0.38,C,0.36
672.65,541,86.13,0.38,C,0.0
672.65,542,85.01,0.38,C,0.0
672.65,543,103.08,0.38,C,0.3
672.65,544,84.78,0.38,C,0.0
672.65,545,141.47,0.38,C,0.36
672.65,546,100.6,0.38,C,0.3
672.65,547,121.08,0.38,C,0.0
672.65,548,113.44,0.38,C,0.29
672.65,549,101.58,0.38,C,0.29
672.65,550,132.3,0.38,C,0.34
672.65,551,127.7,0.38,C,0.31
672.65,552,133.41,0.38,C,0.34
672.65,553,103.76,0.38,C,0.37
672.65,554,111.83,0.38,C,0.0
672.65,555,139.43,0.38,C,0.34
672.65,556,95.0,0.38,C,0.29
672.65,557,134.54,0.38,C,0.33
672.65,558,104.6,0.38,C,0.28
672.65,559,136.21,0.38,C,0.33
672.65,560,137.01,0.38,C,0.33
672.65,561,115.8,0.38,C,0.33
672.65,562,125.99,0.38,C,0.33
672.65,563,97.3,0.38,C,0.28
672.65,564,87.82,0.38,C,0.28
672.65,565,129.99,0.38,C,0.33
672.65,566,86.15,0.38,C,0.28
672.65,567,97.99,0.38,C,0.28
672.65,568,119.52,0.38,C,0.32
672.65,569,111.36,0.38,C,0.38
672.65,570,129.56,0.38,C,0.32
672.65,571,82.16,0.38,C,0.27
672.65,572,119.75,0.38,C,0.32
672.65,573,121.49,0.38,C,0.32
672.65,574,113.1,0.38,C,0.31
672.65,575,123.0,0.38,C,0.31
672.65,576,111.2,0.38,C,0.32
672.65,577,122.59,0.38,C,0.31
672.65,578,109.79,0.38,C,0.31
672.65,579,88.28,0.38,C,0.27
672.65,580,112.63,0.38,C,0.31
672.65,581,104.25,0.38,C,0.3
672.65,582,99.81,0.38,C,0.3
672.65,583,115.29,0.38,C,0.3
672.65,584,92.38,0.38,C,0.3
672.65,585,113.54,0.38,C,0.3
672.65,586,104.31,0.38,C,0.3
672.65,590,95.99,0.38,C,0.29
672.65,595,88.25,0.38,C,0.29
672.65,600,89.77,0.38,C,0.28
672.65,605,95.5,0.38,C,0.28
672.65,610,81.93,0.38,C,0.27
672.65,615,76.33,0.38,C,0.26
672.65,620,72.75,0.38,C,0.26
672.65,625,68.32,0.38,C,0.25
672.65,630,64.03,0.38,C,0.25
672.65,635,60.26,0.38,C,0.24
672.65,640,64.13,0.38,C,0.24
672.65,645,52.23,0.38,C,0.23
672.65,650,49.0,0.38,C,0.22
672.65,655,45.08,0.38,C,0.22
672.65,660,41.64,0.38,C,0.21
672.65,665,42.0,0.38,C,0.21
672.65,670,34.8,0.38,C,0.2
672.65,675,31.6,0.38,C,0.2
672.65,680,28.79,0.38,C,0.19
672.65,685,25.72,0.38,C,0.19
672.65,690,23.07,0.38,C,0.18
672.65,695,20.41,0.38,C,0.18
672.65,700,17.86,0.38,C,0.18
672.65,705,16.1,0.38,C,0.17
672.65,710,13.89,0.38,C,0.17
672.65,715,12.75,0.38,C,0.16
672.65,720,10.3,0.38,C,0.16
672.65,725,8.69,0.38,C,0.16
672.65,730,7.53,0.38,C,0.16
672.65,735,8.63,0.38,C,0.15
672.65,740,5.35,0.38,C,0.15
672.65,745,4.85,0.38,C,0.15
672.65,750,3.75,0.38,C,0.15
672.65,755,3.15,0.38,C,0.15
672.65,760,2.82,0.38,C,0.15
672.65,765,2.3,0.38,C,0.15
672.65,770,1.85,0.38,C,0.14
672.65,775,1.62,0.38,C,0.14
672.65,780,1.26,0.38,C,0.14
672.65,785,1.28,0.38,C,0.14
672.65,790,0.89,0.38,C,0.14
672.65,795,0.82,0.38,C,0.14
672.65,800,0.66,0.38,C,0.14
672.65,805,0.6,0.38,C,0.15
672.65,810,0.48,0.38,C,0.15
672.65,815,0.43,0.38,C,0.15
672.65,550,141.73,0.46,C,0.34
672.65,555,127.16,0.46,C,0.33
672.65,560,133.0,0.46,C,0.33
672.65,570,111.45,0.46,C,0.31
672.65,575,119.51,0.46,C,0.31
672.65,580,119.39,0.46,C,0.3
672.65,585,103.93,0.46,C,0.3
672.65,590,110.99,0.46,C,0.29
672.65,595,101.58,0.46,C,0.29
672.65,600,93.4,0.46,C,0.28
672.65,605,91.24,0.46,C,0.28
672.65,610,92.19,0.46,C,0.27
672.65,612,92.34,0.46,C,0.27
672.65,613,90.41,0.46,C,0.27
672.65,615,82.09,0.46,C,0.26
672.65,616,72.87,0.46,C,0.26
672.65,618,85.76,0.46,C,0.26
672.65,620,77.97,0.46,C,0.26
672.65,621,82.9,0.46,C,0.26
672.65,622,83.47,0.46,C,0.26
672.65,625,80.5,0.46,C,0.25
672.65,627,71.13,0.46,C,0.25
672.65,630,68.36,0.46,C,0.25
672.65,631,80.0,0.46,C,0.25
672.65,635,66.92,0.46,C,0.24
672.65,637,64.25,0.46,C,0.24
672.65,639,63.45,0.46,C,0.24
672.65,640,68.47,0.46,C,0.24
672.65,641,72.61,0.46,C,0.24
672.65,643,66.27,0.46,C,0.24
672.65,644,64.02,0.46,C,0.23
672.65,645,64.68,0.46,C,0.23
672.65,646,58.66,0.46,C,0.23
672.65,647,50.0,0.46,C,0.23
672.65,648,62.43,0.46,C,0.23
672.65,649,58.04,0.46,C,0.23
672.65,650,53.11,0.46,C,0.23
672.65,651,57.55,0.46,C,0.23
672.65,652,58.89,0.46,C,0.23
672.65,653,58.76,0.46,C,0.23
672.65,654,57.83,0.46,C,0.22
672.65,655,57.0,0.46,C,0.22
672.65,656,55.7,0.46,C,0.22
672.65,657,51.35,0.46,C,0.22
672.65,658,49.5,0.46,C,0.22
672.65,659,41.5,0.46,C,0.22
672.65,660,52.5,0.46,C,0.22
672.65,661,40.75,0.46,C,0.22
672.65,662,46.97,0.46,C,0.22
672.65,663,39.12,0.46,C,0.22
672.65,664,45.6,0.46,C,0.21
672.65,665,42.87,0.46,C,0.21
672.65,666,45.0,0.46,C,0.21
672.65,667,46.96,0.46,C,0.21
672.65,669,46.62,0.46,C,0.21
672.65,670,39.0,0.46,C,0.21
672.65,671,38.46,0.46,C,0.21
672.65,672,38.07,0.46,C,0.21
672.65,673,37.42,0.46,C,0.21
672.65,674,37.19,0.46,C,0.2
672.65,675,38.01,0.46,C,0.2
672.65,676,37.25,0.46,C,0.2
672.65,677,35.0,0.46,C,0.2
672.65,678,34.3,0.46,C,0.2
672.65,679,37.2,0.46,C,0.2
672.65,680,33.11,0.46,C,0.2
672.65,681,38.71,0.46,C,0.2
672.65,682,33.17,0.46,C,0.2
672.65,683,37.35,0.46,C,0.2
672.65,684,36.78,0.46,C,0.2
672.65,685,31.38,0.46,C,0.2
672.65,686,35.34,0.46,C,0.19
672.65,687,28.84,0.46,C,0.19
672.65,688,28.47,0.46,C,0.19
672.65,689,27.94,0.46,C,0.19
672.65,690,27.4,0.46,C,0.19
672.65,691,26.82,0.46,C,0.19
672.65,692,26.34,0.46,C,0.19
672.65,693,25.74,0.46,C,0.19
672.65,694,25.21,0.46,C,0.19
672.65,695,24.6,0.46,C,0.19
672.65,696,24.09,0.46,C,0.19
672.65,697,23.63,0.46,C,0.19
672.65,698,23.16,0.46,C,0.18
672.65,699,22.71,0.46,C,0.18
672.65,700,22.06,0.46,C,0.18
672.65,701,21.49,0.46,C,0.18
672.65,702,21.16,0.46,C,0.18
672.65,703,20.75,0.46,C,0.18
672.65,704,20.06,0.46,C,0.18
672.65,705,19.81,0.46,C,0.18
672.65,706,19.23,0.46,C,0.18
672.65,707,18.87,0.46,C,0.18
672.65,708,18.44,0.46,C,0.18
672.65,709,17.98,0.46,C,0.18
672.65,710,17.57,0.46,C,0.18
672.65,711,17.15,0.46,C,0.17
672.65,715,19.63,0.46,C,0.17
672.65,720,13.62,0.46,C,0.17
672.65,725,15.07,0.46,C,0.17
672.65,730,10.39,0.46,C,0.16
672.65,735,10.37,0.46,C,0.16
672.65,740,9.39,0.46,C,0.16
672.65,745,6.85,0.46,C,0.16
672.65,750,5.88,0.46,C,0.15
672.65,755,5.04,0.46,C,0.15
672.65,760,5.56,0.46,C,0.15
672.65,765,4.49,0.46,C,0.15
672.65,770,3.15,0.46,C,0.15
672.65,775,2.69,0.46,C,0.15
672.65,780,2.47,0.46,C,0.15
672.65,785,1.95,0.46,C,0.15
672.65,790,1.8,0.46,C,0.15
672.65,795,1.92,0.46,C,0.15
672.65,800,1.21,0.46,C,0.15
672.65,805,1.37,0.46,C,0.15
672.65,810,1.0,0.46,C,0.15
672.65,815,1.09,0.46,C,0.15
672.65,820,0.9,0.46,C,0.15
672.65,525,154.91,0.59,C,0.36
672.65,530,166.98,0.59,C,0.36
672.65,535,157.78,0.59,C,0.35
672.65,540,157.6,0.59,C,0.35
672.65,545,153.99,0.59,C,0.34
672.65,550,145.23,0.59,C,0.34
672.65,555,147.89,0.59,C,0.33
672.65,560,137.33,0.59,C,0.32
672.65,565,128.5,0.59,C,0.32
672.65,570,125.08,0.59,C,0.31
672.65,575,129.1,0.59,C,0.31
672.65,580,118.3,0.59,C,0.3
672.65,585,121.49,0.59,C,0.3
672.65,590,112.38,0.59,C,0.3
672.65,595,108.18,0.59,C,0.29
672.65,600,99.5,0.59,C,0.29
672.65,605,96.76,0.59,C,0.28
672.65,610,94.35,0.59,C,0.27
672.65,615,87.94,0.59,C,0.27
672.65,620,83.0,0.59,C,0.26
672.65,625,81.3,0.59,C,0.26
672.65,630,78.12,0.59,C,0.26
672.65,635,73.92,0.59,C,0.25
672.65,640,70.08,0.59,C,0.25
672.65,645,63.89,0.59,C,0.24
672.65,650,60.42,0.59,C,0.24
672.65,655,58.55,0.59,C,0.23
672.65,660,53.0,0.59,C,0.23
672.65,665,51.5,0.59,C,0.22
672.65,670,46.6,0.59,C,0.22
672.65,675,43.65,0.59,C,0.21
672.65,680,39.79,0.59,C,0.21
672.65,685,37.5,0.59,C,0.2
672.65,690,33.95,0.59,C,0.2
672.65,695,31.0,0.59,C,0.2
672.65,700,28.55,0.59,C,0.19
672.65,705,26.0,0.59,C,0.19
672.65,710,24.06,0.59,C,0.19
672.65,715,21.8,0.59,C,0.18
672.65,720,19.46,0.59,C,0.18
672.65,725,17.4,0.59,C,0.18
672.65,730,15.7,0.59,C,0.17
672.65,735,15.36,0.59,C,0.17
672.65,740,12.24,0.59,C,0.17
672.65,745,10.85,0.59,C,0.17
672.65,750,9.6,0.59,C,0.16
672.65,755,9.05,0.59,C,0.16
672.65,760,7.5,0.59,C,0.16
672.65,765,7.42,0.59,C,0.16
672.65,770,5.75,0.59,C,0.16
672.65,775,5.07,0.59,C,0.16
672.65,780,4.54,0.59,C,0.15
672.65,785,3.9,0.59,C,0.15
672.65,790,3.4,0.59,C,0.15
672.65,795,3.85,0.59,C,0.15
672.65,800,2.54,0.59,C,0.15
672.65,805,2.42,0.59,C,0.15
672.65,810,1.95,0.59,C,0.15
672.65,815,1.7,0.59,C,0.15
672.65,820,1.59,0.59,C,0.15
672.65,525,164.43,0.63,C,0.36
672.65,530,173.15,0.63,C,0.35
672.65,535,133.4,0.63,C,0.3
672.65,540,163.17,0.63,C,0.34
672.65,545,151.39,0.63,C,0.33
672.65,550,149.54,0.63,C,0.33
672.65,554,122.52,0.63,C,0.23
672.65,555,150.87,0.63,C,0.32
672.65,558,115.55,0.63,C,0.29
672.65,559,130.69,0.63,C,0.32
672.65,560,134.08,0.63,C,0.32
672.65,561,148.06,0.63,C,0.32
672.65,562,108.0,0.63,C,0.28
672.65,563,129.39,0.63,C,0.32
672.65,564,115.68,0.63,C,0.23
672.65,565,132.63,0.63,C,0.31
672.65,566,132.89,0.63,C,0.31
672.65,568,136.4,0.63,C,0.31
672.65,569,100.48,0.63,C,0.28
672.65,570,129.9,0.63,C,0.31
672.65,573,123.13,0.63,C,0.31
672.65,574,107.24,0.63,C,0.23
672.65,575,126.02,0.63,C,0.3
672.65,576,113.95,0.63,C,0.4
672.65,577,87.46,0.63,C,0.27
672.65,578,93.22,0.63,C,0.27
672.65,579,92.4,0.63,C,0.27
672.65,580,125.96,0.63,C,0.3
672.65,581,111.96,0.63,C,0.3
672.65,582,119.06,0.63,C,0.3
672.65,583,105.47,0.63,C,0.3
672.65,584,102.72,0.63,C,0.22
672.65,585,117.45,0.63,C,0.3
672.65,586,90.12,0.63,C,0.3
672.65,587,102.9,0.63,C,0.27
672.65,588,107.07,0.63,C,0.3
672.65,589,100.33,0.63,C,0.27
672.65,590,117.25,0.63,C,0.29
672.65,591,107.99,0.63,C,0.29
672.65,592,115.8,0.63,C,0.29
672.65,593,104.48,0.63,C,0.0
672.65,594,93.47,0.63,C,0.29
672.65,595,106.03,0.63,C,0.29
672.65,596,102.35,0.63,C,0.29
672.65,597,106.74,0.63,C,0.28
672.65,598,94.6,0.63,C,0.28
672.65,599,108.0,0.63,C,0.28
672.65,600,99.75,0.63,C,0.28
672.65,601,101.37,0.63,C,0.28
672.65,602,92.4,0.63,C,0.28
672.65,603,92.52,0.63,C,0.36
672.65,604,101.48,0.63,C,0.28
672.65,605,97.74,0.63,C,0.28
672.65,606,94.14,0.63,C,0.28
672.65,607,103.56,0.63,C,0.27
672.65,608,86.7,0.63,C,0.3
672.65,609,101.01,0.63,C,0.27
672.65,610,99.89,0.63,C,0.27
672.65,611,95.52,0.63,C,0.27
672.65,612,99.8,0.63,C,0.27
672.65,613,93.75,0.63,C,0.27
672.65,614,100.11,0.63,C,0.27
672.65,615,91.68,0.63,C,0.27
672.65,616,99.61,0.63,C,0.27
672.65,617,96.21,0.63,C,0.27
672.65,618,96.8,0.63,C,0.26
672.65,619,95.95,0.63,C,0.26
672.65,620,85.28,0.63,C,0.26
672.65,621,91.45,0.63,C,0.26
672.65,622,74.15,0.63,C,0.26
672.65,623,73.9,0.63,C,0.26
672.65,624,88.4,0.63,C,0.26
672.65,625,82.73,0.63,C,0.26
672.65,626,73.18,0.63,C,0.26
672.65,627,75.78,0.63,C,0.26
672.65,628,70.51,0.63,C,0.25
672.65,629,86.67,0.63,C,0.25
672.65,630,84.75,0.63,C,0.25
672.65,631,67.97,0.63,C,0.25
672.65,632,73.71,0.63,C,0.25
672.65,633,73.09,0.63,C,0.25
672.65,634,68.76,0.63,C,0.25
672.65,635,77.5,0.63,C,0.25
672.65,636,73.5,0.63,C,0.25
672.65,637,70.45,0.63,C,0.25
672.65,638,69.21,0.63,C,0.25
672.65,639,76.76,0.63,C,0.24
672.65,640,70.22,0.63,C,0.24
672.65,641,80.7,0.63,C,0.24
672.65,642,69.25,0.63,C,0.24
672.65,643,69.76,0.63,C,0.24
672.65,644,66.7,0.63,C,0.24
672.65,645,69.78,0.63,C,0.24
672.65,650,61.38,0.63,C,0.23
672.65,655,59.41,0.63,C,0.23
672.65,660,54.0,0.63,C,0.22
672.65,665,52.77,0.63,C,0.22
672.65,670,47.11,0.63,C,0.22
672.65,675,44.15,0.63,C,0.21
672.65,680,42.6,0.63,C,0.21
672.65,685,39.13,0.63,C,0.2
672.65,690,36.9,0.63,C,0.2
672.65,695,33.17,0.63,C,0.2
672.65,700,29.61,0.63,C,0.19
672.65,705,28.92,0.63,C,0.19
672.65,710,24.31,0.63,C,0.18
672.65,715,21.96,0.63,C,0.18
672.65,720,20.1,0.63,C,0.18
672.65,725,18.25,0.63,C,0.18
672.65,730,16.67,0.63,C,0.17
672.65,735,17.61,0.63,C,0.17
672.65,740,12.9,0.63,C,0.17
672.65,745,13.44,0.63,C,0.17
672.65,750,10.35,0.63,C,0.16
672.65,755,9.22,0.63,C,0.16
672.65,760,10.07,0.63,C,0.16
672.65,765,9.3,0.63,C,0.16
672.65,770,7.39,0.63,C,0.16
672.65,775,6.93,0.63,C,0.15
672.65,780,6.12,0.63,C,0.15
672.65,785,4.55,0.63,C,0.15
672.65,790,4.39,0.63,C,0.15
672.65,795,3.75,0.63,C,0.15
672.65,800,2.8,0.63,C,0.15
672.65,805,2.58,0.63,C,0.15
672.65,810,2.23,0.63,C,0.15
672.65,815,2.39,0.63,C,0.15
672.65,820,2.16,0.63,C,0.15
672.65,525,180.48,0.84,C,0.35
672.65,530,175.3,0.84,C,0.34
672.65,535,174.46,0.84,C,0.34
672.65,540,156.64,0.84,C,0.34
672.65,545,164.12,0.84,C,0.33
672.65,550,152.82,0.84,C,0.33
672.65,555,140.5,0.84,C,0.32
672.65,560,151.0,0.84,C,0.32
672.65,565,130.0,0.84,C,0.31
672.65,570,132.4,0.84,C,0.31
672.65,575,135.29,0.84,C,0.3
672.65,580,126.7,0.84,C,0.3
672.65,585,129.76,0.84,C,0.3
672.65,590,124.16,0.84,C,0.29
672.65,595,119.44,0.84,C,0.29
672.65,600,110.41,0.84,C,0.28
672.65,605,102.4,0.84,C,0.28
672.65,610,100.81,0.84,C,0.28
672.65,615,95.49,0.84,C,0.27
672.65,620,97.57,0.84,C,0.27
672.65,625,93.44,0.84,C,0.26
672.65,630,85.95,0.84,C,0.26
672.65,635,83.22,0.84,C,0.26
672.65,640,78.47,0.84,C,0.25
672.65,645,74.75,0.84,C,0.25
672.65,650,73.32,0.84,C,0.24
672.65,655,69.07,0.84,C,0.24
672.65,660,63.96,0.84,C,0.24
672.65,665,60.95,0.84,C,0.23
672.65,670,57.01,0.84,C,0.23
672.65,675,54.47,0.84,C,0.22
672.65,680,53.05,0.84,C,0.22
672.65,685,54.51,0.84,C,0.21
672.65,690,44.7,0.84,C,0.21
672.65,695,41.94,0.84,C,0.21
672.65,700,39.5,0.84,C,0.2
672.65,705,37.44,0.84,C,0.2
672.65,710,35.02,0.84,C,0.2
672.65,715,31.24,0.84,C,0.19
672.65,720,28.84,0.84,C,0.19
672.65,725,26.73,0.84,C,0.19
672.65,730,24.23,0.84,C,0.18
672.65,735,23.22,0.84,C,0.18
672.65,740,20.52,0.84,C,0.18
672.65,745,21.2,0.84,C,0.18
672.65,750,17.1,0.84,C,0.17
672.65,755,15.59,0.84,C,0.17
672.65,760,14.12,0.84,C,0.17
672.65,765,15.56,0.84,C,0.17
672.65,770,11.59,0.84,C,0.17
672.65,775,11.26,0.84,C,0.17
672.65,780,10.13,0.84,C,0.16
672.65,785,9.07,0.84,C,0.16
672.65,790,8.08,0.84,C,0.16
672.65,795,7.34,0.84,C,0.16
672.65,800,6.18,0.84,C,0.16
672.65,805,5.58,0.84,C,0.16
672.65,810,6.39,0.84,C,0.16
672.65,815,5.56,0.84,C,0.16
672.65,820,5.11,0.84,C,0.16
672.65,525,166.7,0.88,C,0.34
672.65,530,166.43,0.88,C,0.34
672.65,535,172.97,0.88,C,0.34
672.65,540,156.99,0.88,C,0.34
672.65,545,163.41,0.88,C,0.33
672.65,550,159.38,0.88,C,0.32
672.65,555,155.6,0.88,C,0.32
672.65,565,147.84,0.88,C,0.31
672.65,570,139.2,0.88,C,0.31
672.65,575,131.18,0.88,C,0.3
672.65,580,134.12,0.88,C,0.3
672.65,585,119.29,0.88,C,0.29
672.65,590,119.53,0.88,C,0.29
672.65,595,115.68,0.88,C,0.29
672.65,597,125.71,0.88,C,0.28
672.65,598,105.1,0.88,C,0.28
672.65,599,102.11,0.88,C,0.28
672.65,600,113.1,0.88,C,0.28
672.65,601,106.84,0.88,C,0.29
672.65,602,102.48,0.88,C,0.28
672.65,603,107.74,0.88,C,0.28
672.65,604,101.0,0.88,C,0.28
672.65,605,111.34,0.88,C,0.28
672.65,606,102.24,0.88,C,0.28
672.65,607,98.56,0.88,C,0.28
672.65,608,113.25,0.88,C,0.28
672.65,609,110.25,0.88,C,0.27
672.65,610,101.5,0.88,C,0.27
672.65,611,100.19,0.88,C,0.27
672.65,612,99.41,0.88,C,0.27
672.65,613,111.96,0.88,C,0.27
672.65,614,105.69,0.88,C,0.27
672.65,615,92.5,0.88,C,0.27
672.65,616,107.69,0.88,C,0.27
672.65,617,99.95,0.88,C,0.27
672.65,618,108.92,0.88,C,0.27
672.65,619,93.51,0.88,C,0.27
672.65,620,101.8,0.88,C,0.27
672.65,622,83.6,0.88,C,0.26
672.65,623,89.86,0.88,C,0.26
672.65,625,93.52,0.88,C,0.26
672.65,626,92.07,0.88,C,0.26
672.65,627,91.54,0.88,C,0.26
672.65,628,86.35,0.88,C,0.26
672.65,629,89.66,0.88,C,0.26
672.65,630,88.5,0.88,C,0.26
672.65,632,88.08,0.88,C,0.26
672.65,633,77.86,0.88,C,0.26
672.65,634,82.85,0.88,C,0.26
672.65,635,84.6,0.88,C,0.25
672.65,636,85.26,0.88,C,0.25
672.65,637,85.06,0.88,C,0.25
672.65,639,78.15,0.88,C,0.25
672.65,640,84.08,0.88,C,0.25
672.65,641,84.46,0.88,C,0.25
672.65,642,75.89,0.88,C,0.25
672.65,645,83.03,0.88,C,0.25
672.65,646,77.32,0.88,C,0.25
672.65,647,68.25,0.88,C,0.24
672.65,648,66.92,0.88,C,0.24
672.65,649,71.4,0.88,C,0.24
672.65,650,73.49,0.88,C,0.24
672.65,651,70.76,0.88,C,0.24
672.65,652,68.61,0.88,C,0.24
672.65,653,71.75,0.88,C,0.24
672.65,654,65.75,0.88,C,0.24
672.65,655,72.42,0.88,C,0.24
672.65,656,60.68,0.88,C,0.24
672.65,657,69.05,0.88,C,0.24
672.65,658,72.75,0.88,C,0.24
672.65,659,59.86,0.88,C,0.24
672.65,660,69.75,0.88,C,0.23
672.65,661,66.87,0.88,C,0.23
672.65,662,56.94,0.88,C,0.23
672.65,663,57.3,0.88,C,0.23
672.65,664,61.89,0.88,C,0.23
672.65,665,62.57,0.88,C,0.23
672.65,666,62.37,0.88,C,0.23
672.65,667,68.56,0.88,C,0.23
672.65,668,61.55,0.88,C,0.23
672.65,669,56.3,0.88,C,0.23
672.65,670,58.0,0.88,C,0.23
672.65,671,60.79,0.88,C,0.23
672.65,672,56.76,0.88,C,0.23
672.65,673,56.44,0.88,C,0.22
672.65,674,56.81,0.88,C,0.22
672.65,675,56.56,0.88,C,0.22
672.65,676,56.55,0.88,C,0.22
672.65,677,53.39,0.88,C,0.22
672.65,678,55.89,0.88,C,0.22
672.65,679,55.86,0.88,C,0.22
672.65,680,51.71,0.88,C,0.22
672.65,681,52.55,0.88,C,0.22
672.65,682,55.1,0.88,C,0.22
672.65,683,51.04,0.88,C,0.22
672.65,684,55.8,0.88,C,0.22
672.65,685,49.1,0.88,C,0.21
672.65,686,52.72,0.88,C,0.21
672.65,687,53.99,0.88,C,0.21
672.65,688,48.38,0.88,C,0.21
672.65,689,52.04,0.88,C,0.21
672.65,690,49.68,0.88,C,0.21
672.65,691,43.02,0.88,C,0.21
672.65,695,48.92,0.88,C,0.21
672.65,700,39.77,0.88,C,0.2
672.65,705,42.9,0.88,C,0.2
672.65,710,35.83,0.88,C,0.2
672.65,715,36.82,0.88,C,0.19
672.65,720,35.26,0.88,C,0.19
672.65,725,30.37,0.88,C,0.19
672.65,730,29.15,0.88,C,0.18
672.65,735,27.53,0.88,C,0.18
672.65,740,21.85,0.88,C,0.18
672.65,745,18.56,0.88,C,0.18
672.65,750,21.56,0.88,C,0.18
672.65,755,17.81,0.88,C,0.17
672.65,760,16.76,0.88,C,0.17
672.65,765,13.84,0.88,C,0.17
672.65,770,12.79,0.88,C,0.17
672.65,775,10.99,0.88,C,0.17
672.65,780,11.1,0.88,C,0.16
672.65,785,8.86,0.88,C,0.16
672.65,790,8.42,0.88,C,0.16
672.65,795,7.58,0.88,C,0.16
672.65,800,6.6,0.88,C,0.16
672.65,805,7.15,0.88,C,0.16
672.65,810,5.57,0.88,C,0.16
672.65,815,6.15,0.88,C,0.16
672.65,820,4.68,0.88,C,0.16
672.65,525,186.89,1.09,C,0.34
672.65,530,177.89,1.09,C,0.34
672.65,535,178.58,1.09,C,0.33
672.65,540,166.8,1.09,C,0.33
672.65,545,163.49,1.09,C,0.32
672.65,550,161.0,1.09,C,0.32
672.65,555,160.5,1.09,C,0.32
672.65,560,148.0,1.09,C,0.31
672.65,565,149.76,1.09,C,0.31
672.65,570,143.42,1.09,C,0.31
672.65,575,136.71,1.09,C,0.3
672.65,580,132.25,1.09,C,0.3
672.65,585,134.77,1.09,C,0.29
672.65,590,124.34,1.09,C,0.29
672.65,595,120.83,1.09,C,0.29
672.65,600,122.27,1.09,C,0.28
672.65,605,122.45,1.09,C,0.28
672.65,610,118.14,1.09,C,0.28
672.65,615,106.47,1.09,C,0.27
672.65,620,101.77,1.09,C,0.27
672.65,625,97.75,1.09,C,0.27
672.65,630,95.68,1.09,C,0.26
672.65,635,90.75,1.09,C,0.26
672.65,640,88.0,1.09,C,0.25
672.65,645,91.43,1.09,C,0.25
672.65,650,80.22,1.09,C,0.25
672.65,655,78.83,1.09,C,0.24
672.65,660,75.46,1.09,C,0.24
672.65,665,71.28,1.09,C,0.24
672.65,670,66.82,1.09,C,0.23
672.65,675,63.33,1.09,C,0.23
672.65,680,60.74,1.09,C,0.23
672.65,685,57.04,1.09,C,0.22
672.65,690,54.25,1.09,C,0.22
672.65,695,57.91,1.09,C,0.22
672.65,700,48.65,1.09,C,0.21
672.65,705,51.25,1.09,C,0.21
672.65,710,46.28,1.09,C,0.21
672.65,715,40.57,1.09,C,0.2
672.65,720,37.99,1.09,C,0.2
672.65,725,35.25,1.09,C,0.2
672.65,730,32.92,1.09,C,0.2
672.65,735,31.02,1.09,C,0.19
672.65,740,29.13,1.09,C,0.19
672.65,745,27.09,1.09,C,0.19
672.65,750,24.71,1.09,C,0.19
672.65,755,23.84,1.09,C,0.18
672.65,760,21.1,1.09,C,0.18
672.65,765,23.15,1.09,C,0.18
672.65,770,20.27,1.09,C,0.18
672.65,775,16.69,1.09,C,0.18
672.65,780,15.77,1.09,C,0.17
672.65,785,14.9,1.09,C,0.17
672.65,790,15.67,1.09,C,0.17
672.65,795,14.35,1.09,C,0.17
672.65,800,11.01,1.09,C,0.17
672.65,805,10.53,1.09,C,0.17
672.65,810,9.28,1.09,C,0.17
672.65,815,10.27,1.09,C,0.16
672.65,820,7.9,1.09,C,0.16
672.65,525,181.2,1.17,C,0.33
672.65,530,177.24,1.17,C,0.33
672.65,535,179.43,1.17,C,0.33
672.65,540,171.28,1.17,C,0.32
672.65,545,171.62,1.17,C,0.32
672.65,550,157.71,1.17,C,0.32
672.65,555,159.94,1.17,C,0.31
672.65,560,155.72,1.17,C,0.31
672.65,565,151.84,1.17,C,0.31
672.65,570,146.16,1.17,C,0.3
672.65,575,139.65,1.17,C,0.3
672.65,580,139.64,1.17,C,0.29
672.65,585,131.75,1.17,C,0.29
672.65,590,131.81,1.17,C,0.29
672.65,595,122.41,1.17,C,0.28
672.65,600,118.47,1.17,C,0.28
672.65,605,120.0,1.17,C,0.28
672.65,610,116.27,1.17,C,0.27
672.65,615,112.62,1.17,C,0.27
672.65,620,105.49,1.17,C,0.27
672.65,625,99.86,1.17,C,0.26
672.65,630,96.16,1.17,C,0.26
672.65,635,94.61,1.17,C,0.26
672.65,640,94.58,1.17,C,0.25
672.65,645,86.0,1.17,C,0.25
672.65,650,84.23,1.17,C,0.25
672.65,655,80.5,1.17,C,0.24
672.65,660,76.45,1.17,C,0.24
672.65,665,72.14,1.17,C,0.24
672.65,670,68.62,1.17,C,0.23
672.65,675,65.4,1.17,C,0.23
672.65,680,62.54,1.17,C,0.23
672.65,685,59.3,1.17,C,0.22
672.65,690,57.53,1.17,C,0.22
672.65,695,54.5,1.17,C,0.22
672.65,700,50.5,1.17,C,0.21
672.65,705,53.75,1.17,C,0.21
672.65,710,44.85,1.17,C,0.21
672.65,715,43.42,1.17,C,0.2
672.65,720,40.74,1.17,C,0.2
672.65,725,38.71,1.17,C,0.2
672.65,730,40.18,1.17,C,0.2
672.65,735,37.26,1.17,C,0.19
672.65,740,30.56,1.17,C,0.19
672.65,745,29.8,1.17,C,0.19
672.65,750,26.79,1.17,C,0.19
672.65,755,25.84,1.17,C,0.18
672.65,760,23.64,1.17,C,0.18
672.65,765,21.99,1.17,C,0.18
672.65,770,19.9,1.17,C,0.18
672.65,775,19.0,1.17,C,0.18
672.65,780,17.8,1.17,C,0.18
672.65,785,16.54,1.17,C,0.17
672.65,790,14.9,1.17,C,0.17
672.65,795,11.8,1.17,C,0.17
672.65,800,12.27,1.17,C,0.17
672.65,805,12.04,1.17,C,0.17
672.65,810,11.67,1.17,C,0.17
672.65,815,9.65,1.17,C,0.17
672.65,820,9.15,1.17,C,0.16
672.65,525,192.89,1.34,C,0.34
672.65,560,168.61,1.34,C,0.31
672.65,570,149.97,1.34,C,0.3
672.65,575,147.64,1.34,C,0.3
672.65,580,136.62,1.34,C,0.3
672.65,585,128.92,1.34,C,0.29
672.65,590,129.94,1.34,C,0.29
672.65,595,135.89,1.34,C,0.29
672.65,600,132.5,1.34,C,0.28
672.65,610,121.7,1.34,C,0.28
672.65,615,121.1,1.34,C,0.27
672.65,620,108.27,1.34,C,0.27
672.65,625,111.04,1.34,C,0.27
672.65,630,111.66,1.34,C,0.26
672.65,635,103.94,1.34,C,0.26
672.65,640,95.03,1.34,C,0.26
672.65,645,98.41,1.34,C,0.25
672.65,650,95.0,1.34,C,0.25
672.65,655,90.84,1.34,C,0.25
672.65,660,82.0,1.34,C,0.24
672.65,665,76.76,1.34,C,0.24
672.65,670,76.52,1.34,C,0.24
672.65,675,72.9,1.34,C,0.24
672.65,680,70.0,1.34,C,0.23
672.65,685,72.35,1.34,C,0.23
672.65,690,64.4,1.34,C,0.23
672.65,695,64.25,1.34,C,0.22
672.65,700,60.79,1.34,C,0.22
672.65,705,61.29,1.34,C,0.22
672.65,710,58.86,1.34,C,0.21
672.65,715,52.16,1.34,C,0.21
672.65,720,51.4,1.34,C,0.21
672.65,725,48.7,1.34,C,0.21
672.65,730,46.12,1.34,C,0.2
672.65,740,41.16,1.34,C,0.2
672.65,745,39.21,1.34,C,0.2
672.65,750,34.25,1.34,C,0.19
672.65,755,34.6,1.34,C,0.19
672.65,760,32.32,1.34,C,0.19
672.65,765,30.85,1.34,C,0.19
672.65,770,26.48,1.34,C,0.18
672.65,775,19.84,1.34,C,0.18
672.65,780,24.9,1.34,C,0.18
672.65,785,21.52,1.34,C,0.18
672.65,790,20.46,1.34,C,0.18
672.65,800,16.5,1.34,C,0.17
672.65,810,16.17,1.34,C,0.17
672.65,820,14.18,1.34,C,0.17
672.65,530,189.25,1.59,C,0.33
672.65,535,190.57,1.59,C,0.33
672.65,540,187.03,1.59,C,0.32
672.65,550,178.97,1.59,C,0.32
672.65,560,164.1,1.59,C,0.31
672.65,570,162.46,1.59,C,0.3
672.65,575,141.5,1.59,C,0.3
672.65,585,136.1,1.59,C,0.29
672.65,590,148.18,1.59,C,0.29
672.65,600,126.0,1.59,C,0.29
672.65,605,137.51,1.59,C,0.28
672.65,610,131.16,1.59,C,0.28
672.65,615,123.4,1.59,C,0.28
672.65,620,117.6,1.59,C,0.27
672.65,625,121.07,1.59,C,0.27
672.65,635,108.04,1.59,C,0.26
672.65,640,109.87,1.59,C,0.26
672.65,645,106.88,1.59,C,0.26
672.65,650,95.73,1.59,C,0.26
672.65,655,101.47,1.59,C,0.25
672.65,660,93.44,1.59,C,0.25
672.65,665,89.79,1.59,C,0.25
672.65,670,89.8,1.59,C,0.24
672.65,675,81.0,1.59,C,0.24
672.65,680,77.96,1.59,C,0.24
672.65,685,81.7,1.59,C,0.24
672.65,690,77.01,1.59,C,0.23
672.65,695,73.11,1.59,C,0.23
672.65,700,70.94,1.59,C,0.23
672.65,705,68.64,1.59,C,0.22
672.65,710,60.89,1.59,C,0.22
672.65,715,57.7,1.59,C,0.22
672.65,720,55.2,1.59,C,0.22
672.65,725,51.6,1.59,C,0.21
672.65,730,54.26,1.59,C,0.21
672.65,735,49.27,1.59,C,0.21
672.65,740,38.71,1.59,C,0.21
672.65,745,44.91,1.59,C,0.2
672.65,750,41.1,1.59,C,0.2
672.65,755,40.0,1.59,C,0.2
672.65,760,31.63,1.59,C,0.2
672.65,765,34.5,1.59,C,0.19
672.65,770,27.3,1.59,C,0.19
672.65,775,32.01,1.59,C,0.19
672.65,780,28.58,1.59,C,0.19
672.65,785,29.64,1.59,C,0.19
672.65,790,28.19,1.59,C,0.18
672.65,795,24.46,1.59,C,0.18
672.65,800,24.69,1.59,C,0.18
672.65,805,22.18,1.59,C,0.18
672.65,810,19.0,1.59,C,0.18
672.65,815,18.92,1.59,C,0.18
672.65,820,18.17,1.59,C,0.18
672.65,525,209.48,2.09,C,0.33
672.65,530,195.0,2.09,C,0.33
672.65,535,201.69,2.09,C,0.33
672.65,540,190.19,2.09,C,0.33
672.65,545,186.54,2.09,C,0.32
672.65,550,182.24,2.09,C,0.32
672.65,555,177.86,2.09,C,0.32
672.65,560,174.36,2.09,C,0.31
672.65,565,178.39,2.09,C,0.31
672.65,570,170.05,2.09,C,0.31
672.65,575,162.9,2.09,C,0.31
672.65,580,158.2,2.09,C,0.3
672.65,585,162.79,2.09,C,0.3
672.65,590,155.13,2.09,C,0.3
672.65,595,154.83,2.09,C,0.29
672.65,600,148.5,2.09,C,0.29
672.65,605,149.75,2.09,C,0.29
672.65,610,144.05,2.09,C,0.29
672.65,615,140.0,2.09,C,0.28
672.65,620,123.41,2.09,C,0.28
672.65,625,133.5,2.09,C,0.28
672.65,630,133.21,2.09,C,0.28
672.65,635,128.68,2.09,C,0.27
672.65,640,125.56,2.09,C,0.27
672.65,645,118.55,2.09,C,0.27
672.65,650,114.0,2.09,C,0.27
672.65,655,107.73,2.09,C,0.26
672.65,660,106.59,2.09,C,0.26
672.65,665,101.18,2.09,C,0.26
672.65,670,99.94,2.09,C,0.26
672.65,675,94.96,2.09,C,0.25
672.65,680,92.99,2.09,C,0.25
672.65,685,90.58,2.09,C,0.25
672.65,690,86.07,2.09,C,0.24
672.65,695,84.04,2.09,C,0.24
672.65,700,80.66,2.09,C,0.24
672.65,705,84.47,2.09,C,0.24
672.65,710,75.29,2.09,C,0.24
672.65,715,78.65,2.09,C,0.23
672.65,720,75.88,2.09,C,0.23
672.65,725,70.94,2.09,C,0.23
672.65,730,65.79,2.09,C,0.23
672.65,735,64.32,2.09,C,0.22
672.65,740,63.88,2.09,C,0.22
672.65,745,59.18,2.09,C,0.22
672.65,750,54.7,2.09,C,0.22
672.65,755,57.59,2.09,C,0.22
672.65,760,45.26,2.09,C,0.21
672.65,765,44.44,2.09,C,0.21
672.65,770,45.2,2.09,C,0.21
672.65,775,44.58,2.09,C,0.21
672.65,780,40.97,2.09,C,0.21
672.65,785,33.92,2.09,C,0.2
672.65,790,41.11,2.09,C,0.2
672.65,795,35.65,2.09,C,0.2
672.65,800,36.1,2.09,C,0.2
672.65,805,32.0,2.09,C,0.2
672.65,810,30.01,2.09,C,0.19
672.65,815,30.0,2.09,C,0.19
672.65,820,28.54,2.09,C,0.19
672.65,525,199.51,2.19,C,0.33
672.65,530,195.0,2.19,C,0.33
672.65,535,198.0,2.19,C,0.32
672.65,540,194.3,2.19,C,0.32
672.65,545,195.0,2.19,C,0.32
672.65,550,189.0,2.19,C,0.32
672.65,555,175.7,2.19,C,0.31
672.65,560,179.76,2.19,C,0.31
672.65,565,178.94,2.19,C,0.31
672.65,570,163.59,2.19,C,0.31
672.65,575,173.8,2.19,C,0.3
672.65,580,161.8,2.19,C,0.3
672.65,585,157.48,2.19,C,0.3
672.65,590,157.92,2.19,C,0.3
672.65,595,145.34,2.19,C,0.29
672.65,600,148.93,2.19,C,0.29
672.65,605,148.99,2.19,C,0.29
672.65,610,140.67,2.19,C,0.29
672.65,615,134.7,2.19,C,0.28
672.65,620,136.0,2.19,C,0.28
672.65,625,139.01,2.19,C,0.28
672.65,630,133.74,2.19,C,0.27
672.65,635,125.06,2.19,C,0.27
672.65,640,119.9,2.19,C,0.27
672.65,645,119.0,2.19,C,0.27
672.65,650,113.32,2.19,C,0.26
672.65,655,109.63,2.19,C,0.26
672.65,660,106.38,2.19,C,0.26
672.65,665,103.47,2.19,C,0.26
672.65,670,105.35,2.19,C,0.26
672.65,675,97.0,2.19,C,0.25
672.65,680,94.0,2.19,C,0.25
672.65,685,92.19,2.19,C,0.25
672.65,690,88.7,2.19,C,0.24
672.65,695,91.24,2.19,C,0.24
672.65,700,82.27,2.19,C,0.24
672.65,705,79.24,2.19,C,0.24
672.65,710,76.64,2.19,C,0.24
672.65,715,79.35,2.19,C,0.23
672.65,720,71.5,2.19,C,0.23
672.65,725,68.0,2.19,C,0.23
672.65,730,62.5,2.19,C,0.23
672.65,735,69.82,2.19,C,0.22
672.65,740,55.2,2.19,C,0.22
672.65,745,61.55,2.19,C,0.22
672.65,750,58.98,2.19,C,0.22
672.65,755,58.85,2.19,C,0.22
672.65,760,52.89,2.19,C,0.21
672.65,765,50.3,2.19,C,0.21
672.65,770,48.08,2.19,C,0.21
672.65,775,49.36,2.19,C,0.21
672.65,780,44.1,2.19,C,0.21
672.65,785,38.11,2.19,C,0.2
672.65,790,39.04,2.19,C,0.2
672.65,795,37.15,2.19,C,0.2
672.65,800,35.19,2.19,C,0.2
672.65,805,37.6,2.19,C,0.2
672.65,810,35.81,2.19,C,0.2
672.65,815,30.75,2.19,C,0.19
672.65,820,32.31,2.19,C,0.19
