S0,K,C_mkt,T,type,iv
667.84,520.0,0.02,0.01,P,0.72
667.84,525.0,0.02,0.01,P,0.69
667.84,530.0,0.02,0.01,P,0.66
667.84,535.0,0.01,0.01,P,0.64
667.84,540.0,0.01,0.01,P,0.61
667.84,545.0,0.01,0.01,P,0.59
667.84,550.0,0.02,0.01,P,0.62
667.84,555.0,0.01,0.01,P,0.59
667.84,560.0,0.02,0.01,P,0.56
667.84,565.0,0.02,0.01,P,0.54
667.84,570.0,0.02,0.01,P,0.54
667.84,575.0,0.02,0.01,P,0.51
667.84,580.0,0.03,0.01,P,0.49
667.84,585.0,0.03,0.01,P,0.46
667.84,590.0,0.03,0.01,P,0.45
667.84,595.0,0.05,0.01,P,0.42
667.84,600.0,0.04,0.01,P,0.39
667.84,605.0,0.06,0.01,P,0.38
667.84,610.0,0.06,0.01,P,0.36
667.84,615.0,0.08,0.01,P,0.33
667.84,620.0,0.08,0.01,P,0.31
667.84,625.0,0.1,0.01,P,0.29
667.84,630.0,0.13,0.01,P,0.27
667.84,631.0,0.22,0.01,P,0.27
667.84,632.0,0.17,0.01,P,0.27
667.84,633.0,0.16,0.01,P,0.26
667.84,634.0,0.16,0.01,P,0.26
667.84,635.0,0.19,0.01,P,0.26
667.84,636.0,0.2,0.01,P,0.25
667.84,637.0,0.22,0.01,P,0.24
667.84,638.0,0.25,0.01,P,0.24
667.84,639.0,0.25,0.01,P,0.24
667.84,640.0,0.27,0.01,P,0.23
667.84,641.0,0.28,0.01,P,0.23
667.84,642.0,0.33,0.01,P,0.23
667.84,643.0,0.56,0.01,P,0.23
667.84,644.0,0.42,0.01,P,0.23
667.84,645.0,0.44,0.01,P,0.22
667.84,646.0,0.43,0.01,P,0.21
667.84,647.0,0.51,0.01,P,0.21
667.84,648.0,0.61,0.01,P,0.22
667.84,649.0,0.62,0.01,P,0.21
667.84,650.0,0.68,0.01,P,0.2
667.84,651.0,0.84,0.01,P,0.2
667.84,652.0,0.86,0.01,P,0.2
667.84,653.0,1.12,0.01,P,0.2
667.84,654.0,1.17,0.01,P,0.2
667.84,655.0,1.22,0.01,P,0.19
667.84,656.0,1.5,0.01,P,0.2
667.84,657.0,1.64,0.01,P,0.2
667.84,658.0,1.71,0.01,P,0.19
667.84,659.0,2.05,0.01,P,0.2
667.84,660.0,2.14,0.01,P,0.18
667.84,661.0,2.6,0.01,P,0.19
667.84,662.0,2.71,0.01,P,0.18
667.84,663.0,3.25,0.01,P,0.19
667.84,664.0,3.57,0.01,P,0.18
667.84,665.0,3.7,0.01,P,0.18
667.84,666.0,4.39,0.01,P,0.19
667.84,667.0,4.54,0.01,P,0.18
667.84,668.0,5.46,0.01,P,0.19
667.84,669.0,5.66,0.01,P,0.18
667.84,670.0,6.07,0.01,P,0.18
667.84,671.0,7.25,0.01,P,0.18
667.84,672.0,7.7,0.01,P,0.19
667.84,673.0,8.07,0.01,P,0.18
667.84,674.0,9.16,0.01,P,0.18
667.84,675.0,9.94,0.01,P,0.2
667.84,676.0,11.18,0.01,P,0.21
667.84,677.0,11.83,0.01,P,0.2
667.84,678.0,12.89,0.01,P,0.2
667.84,679.0,13.53,0.01,P,0.22
667.84,680.0,13.79,0.01,P,0.21
667.84,681.0,15.0,0.01,P,0.24
667.84,682.0,15.88,0.01,P,0.26
667.84,683.0,17.14,0.01,P,0.23
667.84,684.0,18.1,0.01,P,0.24
667.84,685.0,19.35,0.01,P,0.28
667.84,686.0,13.98,0.01,P,0.3
667.84,687.0,11.84,0.01,P,0.27
667.84,688.0,15.46,0.01,P,0.27
667.84,689.0,17.83,0.01,P,0.32
667.84,690.0,18.84,0.01,P,0.33
667.84,691.0,15.09,0.01,P,0.36
667.84,692.0,12.41,0.01,P,0.4
667.84,693.0,10.99,0.01,P,0.43
667.84,694.0,21.67,0.01,P,0.45
667.84,695.0,23.83,0.01,P,0.46
667.84,696.0,24.9,0.01,P,0.46
667.84,700.0,28.51,0.01,P,0.5
667.84,705.0,21.39,0.01,P,0.55
667.84,715.0,38.22,0.01,P,0.61
667.84,575.0,0.02,0.01,P,0.49
667.84,580.0,0.05,0.01,P,0.47
667.84,585.0,0.07,0.01,P,0.46
667.84,590.0,0.09,0.01,P,0.44
667.84,595.0,0.11,0.01,P,0.42
667.84,600.0,0.13,0.01,P,0.4
667.84,605.0,0.15,0.01,P,0.37
667.84,610.0,0.18,0.01,P,0.35
667.84,615.0,0.16,0.01,P,0.34
667.84,620.0,0.29,0.01,P,0.31
667.84,625.0,0.25,0.01,P,0.3
667.84,630.0,0.36,0.01,P,0.28
667.84,631.0,0.41,0.01,P,0.28
667.84,632.0,0.48,0.01,P,0.28
667.84,633.0,0.61,0.01,P,0.27
667.84,634.0,0.58,0.01,P,0.27
667.84,635.0,0.48,0.01,P,0.26
667.84,636.0,0.49,0.01,P,0.26
667.84,637.0,0.81,0.01,P,0.26
667.84,638.0,0.66,0.01,P,0.25
667.84,639.0,0.57,0.01,P,0.25
667.84,640.0,0.65,0.01,P,0.25
667.84,641.0,1.13,0.01,P,0.25
667.84,642.0,0.76,0.01,P,0.25
667.84,643.0,0.77,0.01,P,0.25
667.84,644.0,1.02,0.01,P,0.24
667.84,645.0,0.91,0.01,P,0.23
667.84,646.0,1.14,0.01,P,0.24
667.84,647.0,1.12,0.01,P,0.24
667.84,648.0,1.2,0.01,P,0.23
667.84,649.0,1.31,0.01,P,0.23
667.84,650.0,1.42,0.01,P,0.23
667.84,651.0,1.55,0.01,P,0.23
667.84,652.0,1.69,0.01,P,0.23
667.84,653.0,1.84,0.01,P,0.22
667.84,654.0,2.03,0.01,P,0.22
667.84,655.0,2.0,0.01,P,0.21
667.84,656.0,2.39,0.01,P,0.22
667.84,657.0,2.64,0.01,P,0.21
667.84,658.0,2.92,0.01,P,0.21
667.84,659.0,3.07,0.01,P,0.2
667.84,660.0,3.09,0.01,P,0.2
667.84,661.0,3.56,0.01,P,0.21
667.84,662.0,3.7,0.01,P,0.2
667.84,663.0,4.2,0.01,P,0.2
667.84,664.0,4.67,0.01,P,0.2
667.84,665.0,4.68,0.01,P,0.19
667.84,666.0,5.5,0.01,P,0.2
667.84,667.0,5.93,0.01,P,0.2
667.84,668.0,6.27,0.01,P,0.2
667.84,669.0,6.92,0.01,P,0.21
667.84,670.0,7.49,0.01,P,0.2
667.84,671.0,8.16,0.01,P,0.19
667.84,672.0,8.71,0.01,P,0.19
667.84,673.0,9.15,0.01,P,0.21
667.84,674.0,9.88,0.01,P,0.21
667.84,675.0,10.13,0.01,P,0.19
667.84,676.0,11.13,0.01,P,0.2
667.84,677.0,12.4,0.01,P,0.22
667.84,678.0,12.8,0.01,P,0.19
667.84,679.0,13.7,0.01,P,0.2
667.84,680.0,14.69,0.01,P,0.23
667.84,681.0,15.54,0.01,P,0.2
667.84,682.0,16.61,0.01,P,0.2
667.84,684.0,18.35,0.01,P,0.23
667.84,685.0,19.29,0.01,P,0.25
667.84,686.0,13.95,0.01,P,0.26
667.84,689.0,14.15,0.01,P,0.26
667.84,690.0,15.81,0.01,P,0.29
667.84,691.0,16.77,0.01,P,0.3
667.84,692.0,8.75,0.01,P,0.31
667.84,695.0,14.49,0.01,P,0.4
667.84,700.0,21.92,0.01,P,0.44
667.84,715.0,40.96,0.01,P,0.57
667.84,717.0,36.77,0.01,P,0.5
667.84,735.0,59.85,0.01,P,0.61
667.84,575.0,0.13,0.01,P,0.48
667.84,580.0,0.15,0.01,P,0.47
667.84,585.0,0.17,0.01,P,0.45
667.84,595.0,0.18,0.01,P,0.41
667.84,600.0,0.19,0.01,P,0.4
667.84,605.0,0.3,0.01,P,0.38
667.84,610.0,0.36,0.01,P,0.36
667.84,615.0,0.3,0.01,P,0.34
667.84,620.0,0.38,0.01,P,0.32
667.84,625.0,0.68,0.01,P,0.3
667.84,630.0,0.61,0.01,P,0.29
667.84,631.0,0.65,0.01,P,0.28
667.84,632.0,0.67,0.01,P,0.28
667.84,633.0,1.09,0.01,P,0.28
667.84,634.0,0.37,0.01,P,0.28
667.84,635.0,0.89,0.01,P,0.28
667.84,636.0,1.13,0.01,P,0.27
667.84,637.0,1.06,0.01,P,0.27
667.84,638.0,1.49,0.01,P,0.27
667.84,639.0,1.05,0.01,P,0.27
667.84,640.0,1.09,0.01,P,0.26
667.84,641.0,1.17,0.01,P,0.26
667.84,642.0,1.31,0.01,P,0.26
667.84,643.0,1.53,0.01,P,0.26
667.84,644.0,1.6,0.01,P,0.26
667.84,645.0,1.56,0.01,P,0.25
667.84,646.0,1.65,0.01,P,0.25
667.84,647.0,1.87,0.01,P,0.25
667.84,648.0,1.97,0.01,P,0.24
667.84,649.0,2.03,0.01,P,0.25
667.84,650.0,2.02,0.01,P,0.24
667.84,651.0,2.34,0.01,P,0.24
667.84,652.0,2.49,0.01,P,0.24
667.84,654.0,2.74,0.01,P,0.23
667.84,655.0,3.07,0.01,P,0.23
667.84,656.0,3.29,0.01,P,0.23
667.84,657.0,3.44,0.01,P,0.22
667.84,658.0,3.53,0.01,P,0.22
667.84,659.0,4.12,0.01,P,0.23
667.84,660.0,4.25,0.01,P,0.22
667.84,661.0,4.35,0.01,P,0.21
667.84,662.0,5.21,0.01,P,0.22
667.84,663.0,5.26,0.01,P,0.21
667.84,664.0,5.64,0.01,P,0.21
667.84,665.0,6.11,0.01,P,0.22
667.84,666.0,6.56,0.01,P,0.2
667.84,667.0,7.05,0.01,P,0.22
667.84,668.0,7.55,0.01,P,0.22
667.84,669.0,7.88,0.01,P,0.21
667.84,670.0,8.31,0.01,P,0.21
667.84,671.0,8.96,0.01,P,0.21
667.84,672.0,9.4,0.01,P,0.21
667.84,673.0,10.05,0.01,P,0.2
667.84,674.0,11.17,0.01,P,0.2
667.84,675.0,11.42,0.01,P,0.2
667.84,676.0,12.12,0.01,P,0.2
667.84,677.0,12.61,0.01,P,0.2
667.84,678.0,13.32,0.01,P,0.2
667.84,679.0,14.25,0.01,P,0.22
667.84,680.0,15.45,0.01,P,0.2
667.84,681.0,11.14,0.01,P,0.2
667.84,682.0,16.71,0.01,P,0.2
667.84,683.0,17.87,0.01,P,0.21
667.84,684.0,20.77,0.01,P,0.21
667.84,685.0,12.76,0.01,P,0.22
667.84,686.0,14.22,0.01,P,0.25
667.84,688.0,16.62,0.01,P,0.24
667.84,689.0,15.0,0.01,P,0.26
667.84,690.0,18.29,0.01,P,0.27
667.84,697.0,14.45,0.01,P,0.39
667.84,705.0,35.09,0.01,P,0.44
667.84,575.0,0.21,0.01,P,0.48
667.84,580.0,0.24,0.01,P,0.46
667.84,585.0,0.27,0.01,P,0.45
667.84,590.0,0.25,0.01,P,0.42
667.84,595.0,0.34,0.01,P,0.41
667.84,600.0,0.31,0.01,P,0.39
667.84,605.0,0.4,0.01,P,0.37
667.84,610.0,0.47,0.01,P,0.35
667.84,615.0,0.45,0.01,P,0.34
667.84,620.0,0.6,0.01,P,0.32
667.84,625.0,0.94,0.01,P,0.3
667.84,630.0,0.97,0.01,P,0.29
667.84,631.0,1.03,0.01,P,0.29
667.84,632.0,0.64,0.01,P,0.29
667.84,633.0,1.15,0.01,P,0.29
667.84,634.0,1.18,0.01,P,0.28
667.84,635.0,1.3,0.01,P,0.28
667.84,636.0,1.36,0.01,P,0.27
667.84,637.0,1.63,0.01,P,0.27
667.84,638.0,1.72,0.01,P,0.27
667.84,639.0,1.97,0.01,P,0.27
667.84,640.0,1.53,0.01,P,0.27
667.84,641.0,1.71,0.01,P,0.26
667.84,642.0,1.62,0.01,P,0.26
667.84,643.0,1.84,0.01,P,0.26
667.84,644.0,1.97,0.01,P,0.26
667.84,645.0,2.09,0.01,P,0.26
667.84,646.0,2.22,0.01,P,0.26
667.84,647.0,2.3,0.01,P,0.26
667.84,648.0,2.73,0.01,P,0.25
667.84,649.0,2.68,0.01,P,0.25
667.84,650.0,2.82,0.01,P,0.25
667.84,651.0,3.02,0.01,P,0.24
667.84,652.0,1.79,0.01,P,0.25
667.84,653.0,3.38,0.01,P,0.24
667.84,654.0,3.43,0.01,P,0.24
667.84,655.0,3.56,0.01,P,0.23
667.84,656.0,4.35,0.01,P,0.24
667.84,657.0,4.46,0.01,P,0.24
667.84,658.0,4.53,0.01,P,0.23
667.84,659.0,4.99,0.01,P,0.22
667.84,660.0,5.09,0.01,P,0.22
667.84,661.0,5.41,0.01,P,0.23
667.84,662.0,5.74,0.01,P,0.23
667.84,663.0,5.74,0.01,P,0.22
667.84,664.0,6.09,0.01,P,0.21
667.84,665.0,6.46,0.01,P,0.21
667.84,666.0,7.09,0.01,P,0.21
667.84,667.0,7.6,0.01,P,0.22
667.84,668.0,7.76,0.01,P,0.21
667.84,669.0,8.89,0.01,P,0.21
667.84,670.0,9.18,0.01,P,0.22
667.84,671.0,10.02,0.01,P,0.2
667.84,672.0,10.25,0.01,P,0.21
667.84,673.0,10.76,0.01,P,0.2
667.84,674.0,11.32,0.01,P,0.21
667.84,675.0,11.94,0.01,P,0.2
667.84,676.0,12.58,0.01,P,0.2
667.84,677.0,13.4,0.01,P,0.21
667.84,679.0,16.94,0.01,P,0.2
667.84,680.0,15.5,0.01,P,0.21
667.84,681.0,16.3,0.01,P,0.22
667.84,683.0,18.4,0.01,P,0.2
667.84,684.0,20.12,0.01,P,0.21
667.84,687.0,15.95,0.01,P,0.21
667.84,689.0,17.62,0.01,P,0.25
667.84,690.0,11.9,0.01,P,0.22
667.84,725.0,46.43,0.01,P,0.5
667.84,520.0,0.12,0.02,P,0.66
667.84,525.0,0.12,0.02,P,0.64
667.84,530.0,0.12,0.02,P,0.63
667.84,535.0,0.15,0.02,P,0.61
667.84,540.0,0.17,0.02,P,0.59
667.84,545.0,0.18,0.02,P,0.58
667.84,550.0,0.19,0.02,P,0.56
667.84,555.0,0.18,0.02,P,0.54
667.84,560.0,0.22,0.02,P,0.53
667.84,565.0,0.26,0.02,P,0.51
667.84,570.0,0.29,0.02,P,0.49
667.84,575.0,0.31,0.02,P,0.47
667.84,580.0,0.27,0.02,P,0.46
667.84,585.0,0.36,0.02,P,0.43
667.84,590.0,0.33,0.02,P,0.42
667.84,595.0,0.37,0.02,P,0.4
667.84,600.0,0.41,0.02,P,0.38
667.84,601.0,0.49,0.02,P,0.38
667.84,602.0,0.44,0.02,P,0.38
667.84,603.0,0.32,0.02,P,0.37
667.84,604.0,0.43,0.02,P,0.37
667.84,605.0,0.45,0.02,P,0.37
667.84,606.0,0.6,0.02,P,0.36
667.84,607.0,0.64,0.02,P,0.36
667.84,608.0,0.65,0.02,P,0.36
667.84,609.0,0.55,0.02,P,0.35
667.84,610.0,0.54,0.02,P,0.34
667.84,611.0,0.58,0.02,P,0.35
667.84,612.0,0.51,0.02,P,0.34
667.84,613.0,0.61,0.02,P,0.34
667.84,614.0,0.66,0.02,P,0.33
667.84,615.0,0.69,0.02,P,0.33
667.84,616.0,0.38,0.02,P,0.33
667.84,617.0,0.78,0.02,P,0.33
667.84,618.0,0.67,0.02,P,0.32
667.84,619.0,0.69,0.02,P,0.32
667.84,620.0,0.73,0.02,P,0.32
667.84,621.0,0.82,0.02,P,0.31
667.84,622.0,0.83,0.02,P,0.31
667.84,623.0,0.85,0.02,P,0.31
667.84,624.0,0.93,0.02,P,0.31
667.84,625.0,0.87,0.02,P,0.3
667.84,626.0,0.97,0.02,P,0.3
667.84,627.0,1.02,0.02,P,0.3
667.84,628.0,1.15,0.02,P,0.3
667.84,629.0,1.2,0.02,P,0.29
667.84,630.0,1.1,0.02,P,0.29
667.84,631.0,1.21,0.02,P,0.29
667.84,632.0,1.23,0.02,P,0.28
667.84,633.0,1.29,0.02,P,0.28
667.84,634.0,1.36,0.02,P,0.28
667.84,635.0,1.4,0.02,P,0.28
667.84,636.0,1.44,0.02,P,0.27
667.84,637.0,1.54,0.02,P,0.27
667.84,638.0,1.75,0.02,P,0.27
667.84,639.0,1.85,0.02,P,0.27
667.84,640.0,1.9,0.02,P,0.27
667.84,641.0,2.06,0.02,P,0.27
667.84,642.0,2.08,0.02,P,0.26
667.84,643.0,2.07,0.02,P,0.26
667.84,644.0,2.38,0.02,P,0.26
667.84,645.0,2.25,0.02,P,0.25
667.84,646.0,2.72,0.02,P,0.25
667.84,647.0,2.86,0.02,P,0.25
667.84,648.0,3.02,0.02,P,0.25
667.84,649.0,2.9,0.02,P,0.24
667.84,650.0,3.04,0.02,P,0.24
667.84,651.0,3.21,0.02,P,0.24
667.84,652.0,3.67,0.02,P,0.24
667.84,653.0,3.83,0.02,P,0.24
667.84,654.0,4.1,0.02,P,0.24
667.84,655.0,4.03,0.02,P,0.23
667.84,656.0,4.53,0.02,P,0.23
667.84,657.0,4.78,0.02,P,0.23
667.84,658.0,5.07,0.02,P,0.23
667.84,659.0,5.53,0.02,P,0.23
667.84,660.0,5.34,0.02,P,0.22
667.84,661.0,6.02,0.02,P,0.22
667.84,662.0,6.26,0.02,P,0.23
667.84,663.0,6.5,0.02,P,0.22
667.84,664.0,6.92,0.02,P,0.21
667.84,665.0,7.02,0.02,P,0.21
667.84,666.0,7.73,0.02,P,0.22
667.84,667.0,8.33,0.02,P,0.22
667.84,668.0,8.27,0.02,P,0.21
667.84,669.0,9.03,0.02,P,0.21
667.84,670.0,9.21,0.02,P,0.21
667.84,671.0,10.08,0.02,P,0.21
667.84,672.0,10.44,0.02,P,0.21
667.84,673.0,10.77,0.02,P,0.2
667.84,674.0,11.3,0.02,P,0.2
667.84,675.0,12.33,0.02,P,0.2
667.84,676.0,13.01,0.02,P,0.2
667.84,677.0,13.65,0.02,P,0.21
667.84,678.0,13.94,0.02,P,0.19
667.84,679.0,15.0,0.02,P,0.21
667.84,680.0,15.8,0.02,P,0.21
667.84,681.0,16.56,0.02,P,0.21
667.84,682.0,19.34,0.02,P,0.22
667.84,683.0,18.2,0.02,P,0.2
667.84,684.0,19.01,0.02,P,0.2
667.84,685.0,19.82,0.02,P,0.2
667.84,686.0,15.3,0.02,P,0.2
667.84,687.0,21.39,0.02,P,0.2
667.84,688.0,22.52,0.02,P,0.23
667.84,689.0,16.39,0.02,P,0.21
667.84,690.0,24.19,0.02,P,0.22
667.84,691.0,25.0,0.02,P,0.22
667.84,692.0,18.97,0.02,P,0.24
667.84,693.0,27.95,0.02,P,0.22
667.84,694.0,20.95,0.02,P,0.23
667.84,695.0,23.08,0.02,P,0.23
667.84,696.0,22.91,0.02,P,0.25
667.84,697.0,24.39,0.02,P,0.27
667.84,698.0,21.8,0.02,P,0.25
667.84,699.0,26.85,0.02,P,0.3
667.84,700.0,35.0,0.02,P,0.3
667.84,701.0,29.36,0.02,P,0.33
667.84,702.0,30.52,0.02,P,0.36
667.84,703.0,19.95,0.02,P,0.37
667.84,704.0,30.53,0.02,P,0.38
667.84,705.0,31.53,0.02,P,0.35
667.84,706.0,34.42,0.02,P,0.39
667.84,707.0,24.0,0.02,P,0.4
667.84,708.0,36.52,0.02,P,0.38
667.84,709.0,32.44,0.02,P,0.37
667.84,710.0,35.9,0.02,P,0.38
667.84,712.0,27.7,0.02,P,0.39
667.84,714.0,26.04,0.02,P,0.4
667.84,715.0,44.15,0.02,P,0.44
667.84,716.0,28.0,0.02,P,0.46
667.84,720.0,50.63,0.02,P,0.48
667.84,725.0,43.0,0.02,P,0.5
667.84,730.0,62.1,0.02,P,0.53
667.84,735.0,67.26,0.02,P,0.55
667.84,740.0,58.3,0.02,P,0.59
667.84,745.0,58.97,0.02,P,0.52
667.84,750.0,85.26,0.02,P,0.53
667.84,755.0,90.28,0.02,P,0.57
667.84,765.0,86.9,0.02,P,0.6
667.84,770.0,91.89,0.02,P,0.64
667.84,790.0,106.63,0.02,P,0.7
667.84,800.0,116.61,0.02,P,0.74
667.84,520.0,0.14,0.04,P,0.53
667.84,521.0,0.15,0.04,P,0.52
667.84,522.0,0.15,0.04,P,0.52
667.84,523.0,0.08,0.04,P,0.51
667.84,524.0,0.11,0.04,P,0.51
667.84,525.0,0.14,0.04,P,0.51
667.84,526.0,0.16,0.04,P,0.51
667.84,527.0,0.15,0.04,P,0.51
667.84,528.0,0.09,0.04,P,0.5
667.84,529.0,0.13,0.04,P,0.5
667.84,530.0,0.26,0.04,P,0.5
667.84,531.0,0.07,0.04,P,0.5
667.84,532.0,0.1,0.04,P,0.5
667.84,533.0,0.21,0.04,P,0.49
667.84,534.0,0.13,0.04,P,0.49
667.84,535.0,0.17,0.04,P,0.49
667.84,536.0,0.25,0.04,P,0.48
667.84,537.0,0.1,0.04,P,0.48
667.84,538.0,0.08,0.04,P,0.48
667.84,539.0,0.19,0.04,P,0.48
667.84,540.0,0.19,0.04,P,0.48
667.84,541.0,0.11,0.04,P,0.47
667.84,542.0,0.2,0.04,P,0.47
667.84,543.0,0.09,0.04,P,0.46
667.84,544.0,0.12,0.04,P,0.46
667.84,545.0,0.2,0.04,P,0.46
667.84,546.0,0.16,0.04,P,0.46
667.84,547.0,0.1,0.04,P,0.45
667.84,548.0,0.25,0.04,P,0.45
667.84,549.0,0.34,0.04,P,0.45
667.84,550.0,0.32,0.04,P,0.45
667.84,551.0,0.35,0.04,P,0.45
667.84,552.0,0.35,0.04,P,0.44
667.84,553.0,0.4,0.04,P,0.44
667.84,554.0,0.17,0.04,P,0.44
667.84,555.0,0.26,0.04,P,0.44
667.84,556.0,0.28,0.04,P,0.43
667.84,557.0,0.39,0.04,P,0.43
667.84,558.0,0.26,0.04,P,0.43
667.84,559.0,0.4,0.04,P,0.42
667.84,560.0,0.37,0.04,P,0.42
667.84,561.0,0.39,0.04,P,0.42
667.84,562.0,0.27,0.04,P,0.41
667.84,563.0,0.63,0.04,P,0.41
667.84,564.0,0.24,0.04,P,0.41
667.84,565.0,0.44,0.04,P,0.41
667.84,566.0,0.26,0.04,P,0.4
667.84,567.0,0.13,0.04,P,0.4
667.84,568.0,0.33,0.04,P,0.4
667.84,569.0,0.43,0.04,P,0.4
667.84,570.0,0.5,0.04,P,0.4
667.84,571.0,0.13,0.04,P,0.39
667.84,572.0,0.2,0.04,P,0.39
667.84,573.0,0.49,0.04,P,0.39
667.84,574.0,0.35,0.04,P,0.38
667.84,575.0,0.52,0.04,P,0.38
667.84,576.0,0.15,0.04,P,0.38
667.84,577.0,0.54,0.04,P,0.38
667.84,578.0,0.2,0.04,P,0.37
667.84,579.0,0.19,0.04,P,0.37
667.84,580.0,0.54,0.04,P,0.37
667.84,581.0,0.4,0.04,P,0.36
667.84,582.0,0.29,0.04,P,0.36
667.84,583.0,0.41,0.04,P,0.36
667.84,584.0,0.21,0.04,P,0.36
667.84,585.0,0.61,0.04,P,0.35
667.84,586.0,0.62,0.04,P,0.35
667.84,587.0,0.49,0.04,P,0.35
667.84,588.0,0.5,0.04,P,0.35
667.84,589.0,0.46,0.04,P,0.34
667.84,590.0,0.65,0.04,P,0.34
667.84,591.0,0.2,0.04,P,0.34
667.84,592.0,0.84,0.04,P,0.34
667.84,593.0,0.3,0.04,P,0.33
667.84,594.0,0.39,0.04,P,0.33
667.84,595.0,0.7,0.04,P,0.33
667.84,596.0,0.52,0.04,P,0.32
667.84,597.0,0.75,0.04,P,0.32
667.84,598.0,0.89,0.04,P,0.32
667.84,599.0,0.54,0.04,P,0.32
667.84,600.0,0.8,0.04,P,0.32
667.84,601.0,0.54,0.04,P,0.31
667.84,602.0,1.06,0.04,P,0.31
667.84,603.0,0.87,0.04,P,0.31
667.84,604.0,1.12,0.04,P,0.31
667.84,605.0,1.04,0.04,P,0.31
667.84,606.0,0.57,0.04,P,0.3
667.84,608.0,1.0,0.04,P,0.3
667.84,610.0,1.05,0.04,P,0.29
667.84,611.0,1.17,0.04,P,0.29
667.84,612.0,0.66,0.04,P,0.29
667.84,613.0,0.68,0.04,P,0.29
667.84,614.0,1.55,0.04,P,0.28
667.84,615.0,1.25,0.04,P,0.28
667.84,616.0,1.36,0.04,P,0.28
667.84,617.0,1.42,0.04,P,0.28
667.84,618.0,1.44,0.04,P,0.27
667.84,619.0,1.39,0.04,P,0.27
667.84,620.0,1.46,0.04,P,0.27
667.84,621.0,1.93,0.04,P,0.27
667.84,622.0,1.6,0.04,P,0.27
667.84,623.0,1.63,0.04,P,0.27
667.84,624.0,1.19,0.04,P,0.26
667.84,625.0,1.75,0.04,P,0.26
667.84,626.0,1.94,0.04,P,0.26
667.84,627.0,1.88,0.04,P,0.26
667.84,628.0,1.93,0.04,P,0.26
667.84,629.0,2.22,0.04,P,0.26
667.84,630.0,2.11,0.04,P,0.25
667.84,631.0,2.22,0.04,P,0.25
667.84,632.0,2.43,0.04,P,0.25
667.84,633.0,2.39,0.04,P,0.24
667.84,634.0,2.62,0.04,P,0.25
667.84,635.0,2.55,0.04,P,0.24
667.84,636.0,2.88,0.04,P,0.24
667.84,637.0,2.84,0.04,P,0.24
667.84,638.0,2.9,0.04,P,0.24
667.84,639.0,3.23,0.04,P,0.23
667.84,640.0,3.11,0.04,P,0.23
667.84,641.0,2.04,0.04,P,0.23
667.84,642.0,3.46,0.04,P,0.23
667.84,643.0,4.36,0.04,P,0.22
667.84,644.0,3.73,0.04,P,0.23
667.84,645.0,3.88,0.04,P,0.22
667.84,646.0,4.6,0.04,P,0.23
667.84,647.0,4.77,0.04,P,0.22
667.84,648.0,4.71,0.04,P,0.22
667.84,649.0,4.55,0.04,P,0.22
667.84,650.0,4.8,0.04,P,0.22
667.84,651.0,4.9,0.04,P,0.22
667.84,652.0,5.22,0.04,P,0.21
667.84,653.0,5.75,0.04,P,0.21
667.84,654.0,5.66,0.04,P,0.21
667.84,655.0,5.88,0.04,P,0.2
667.84,656.0,6.25,0.04,P,0.2
667.84,657.0,6.53,0.04,P,0.21
667.84,658.0,6.61,0.04,P,0.21
667.84,659.0,7.09,0.04,P,0.2
667.84,660.0,7.3,0.04,P,0.2
667.84,661.0,7.7,0.04,P,0.2
667.84,662.0,7.76,0.04,P,0.19
667.84,663.0,8.32,0.04,P,0.2
667.84,664.0,8.45,0.04,P,0.2
667.84,665.0,8.9,0.04,P,0.19
667.84,666.0,9.38,0.04,P,0.19
667.84,667.0,9.86,0.04,P,0.19
667.84,668.0,10.1,0.04,P,0.18
667.84,669.0,10.68,0.04,P,0.19
667.84,670.0,11.2,0.04,P,0.18
667.84,671.0,11.44,0.04,P,0.18
667.84,672.0,12.24,0.04,P,0.18
667.84,673.0,12.63,0.04,P,0.18
667.84,674.0,13.27,0.04,P,0.17
667.84,675.0,13.85,0.04,P,0.17
667.84,676.0,14.28,0.04,P,0.18
667.84,677.0,15.2,0.04,P,0.18
667.84,678.0,15.23,0.04,P,0.17
667.84,679.0,15.97,0.04,P,0.18
667.84,680.0,16.84,0.04,P,0.17
667.84,681.0,18.04,0.04,P,0.18
667.84,682.0,18.67,0.04,P,0.17
667.84,683.0,18.72,0.04,P,0.18
667.84,684.0,20.93,0.04,P,0.18
667.84,685.0,20.5,0.04,P,0.16
667.84,686.0,21.86,0.04,P,0.17
667.84,687.0,21.99,0.04,P,0.17
667.84,688.0,23.35,0.04,P,0.16
667.84,689.0,17.12,0.04,P,0.17
667.84,690.0,25.02,0.04,P,0.16
667.84,691.0,27.77,0.04,P,0.19
667.84,692.0,28.85,0.04,P,0.17
667.84,693.0,27.86,0.04,P,0.17
667.84,694.0,30.69,0.04,P,0.19
667.84,695.0,29.09,0.04,P,0.18
667.84,696.0,18.45,0.04,P,0.19
667.84,697.0,21.58,0.04,P,0.2
667.84,698.0,26.46,0.04,P,0.2
667.84,699.0,25.8,0.04,P,0.25
667.84,700.0,29.14,0.04,P,0.19
667.84,701.0,32.14,0.04,P,0.26
667.84,702.0,28.97,0.04,P,0.25
667.84,703.0,19.43,0.04,P,0.26
667.84,705.0,25.92,0.04,P,0.28
667.84,706.0,20.15,0.04,P,0.28
667.84,707.0,27.5,0.04,P,0.29
667.84,708.0,34.3,0.04,P,0.3
667.84,710.0,28.46,0.04,P,0.28
667.84,711.0,39.46,0.04,P,0.31
667.84,712.0,31.31,0.04,P,0.31
667.84,713.0,24.99,0.04,P,0.29
667.84,715.0,29.75,0.04,P,0.32
667.84,716.0,33.92,0.04,P,0.33
667.84,717.0,36.67,0.04,P,0.34
667.84,720.0,48.0,0.04,P,0.33
667.84,725.0,52.56,0.04,P,0.37
667.84,730.0,61.36,0.04,P,0.0
667.84,735.0,51.72,0.04,P,0.39
667.84,740.0,61.98,0.04,P,0.43
667.84,750.0,92.37,0.04,P,0.75
667.84,755.0,84.16,0.04,P,0.49
667.84,770.0,91.1,0.04,P,0.52
667.84,780.0,121.11,0.04,P,0.55
667.84,790.0,111.08,0.04,P,0.51
667.84,520.0,0.37,0.06,P,0.47
667.84,525.0,0.34,0.06,P,0.46
667.84,530.0,0.33,0.06,P,0.45
667.84,535.0,0.31,0.06,P,0.44
667.84,540.0,0.57,0.06,P,0.43
667.84,545.0,0.56,0.06,P,0.42
667.84,550.0,0.66,0.06,P,0.4
667.84,555.0,0.7,0.06,P,0.39
667.84,560.0,0.56,0.06,P,0.38
667.84,565.0,0.82,0.06,P,0.37
667.84,570.0,0.75,0.06,P,0.36
667.84,575.0,0.9,0.06,P,0.35
667.84,580.0,0.99,0.06,P,0.34
667.84,585.0,1.04,0.06,P,0.33
667.84,590.0,1.16,0.06,P,0.32
667.84,595.0,1.42,0.06,P,0.3
667.84,600.0,1.39,0.06,P,0.3
667.84,605.0,1.67,0.06,P,0.28
667.84,610.0,2.09,0.06,P,0.27
667.84,615.0,2.24,0.06,P,0.27
667.84,620.0,2.45,0.06,P,0.26
667.84,625.0,2.8,0.06,P,0.25
667.84,630.0,3.15,0.06,P,0.24
667.84,635.0,3.88,0.06,P,0.23
667.84,640.0,4.54,0.06,P,0.22
667.84,641.0,4.65,0.06,P,0.22
667.84,642.0,4.76,0.06,P,0.22
667.84,643.0,4.98,0.06,P,0.22
667.84,644.0,5.18,0.06,P,0.22
667.84,645.0,5.42,0.06,P,0.21
667.84,646.0,5.75,0.06,P,0.21
667.84,647.0,5.6,0.06,P,0.21
667.84,648.0,5.89,0.06,P,0.21
667.84,649.0,4.44,0.06,P,0.21
667.84,650.0,6.39,0.06,P,0.2
667.84,651.0,6.55,0.06,P,0.2
667.84,652.0,7.05,0.06,P,0.2
667.84,653.0,7.65,0.06,P,0.2
667.84,654.0,7.54,0.06,P,0.2
667.84,655.0,7.6,0.06,P,0.2
667.84,656.0,9.0,0.06,P,0.2
667.84,657.0,8.8,0.06,P,0.2
667.84,658.0,8.68,0.06,P,0.19
667.84,659.0,9.38,0.06,P,0.19
667.84,660.0,8.97,0.06,P,0.19
667.84,661.0,9.31,0.06,P,0.19
667.84,662.0,9.91,0.06,P,0.19
667.84,663.0,9.67,0.06,P,0.18
667.84,664.0,10.23,0.06,P,0.19
667.84,665.0,10.4,0.06,P,0.18
667.84,666.0,10.8,0.06,P,0.18
667.84,667.0,11.92,0.06,P,0.18
667.84,668.0,12.25,0.06,P,0.18
667.84,669.0,12.23,0.06,P,0.18
667.84,670.0,12.86,0.06,P,0.17
667.84,671.0,13.36,0.06,P,0.18
667.84,672.0,13.5,0.06,P,0.18
667.84,673.0,14.52,0.06,P,0.18
667.84,674.0,14.6,0.06,P,0.17
667.84,675.0,15.69,0.06,P,0.17
667.84,676.0,15.9,0.06,P,0.17
667.84,677.0,17.28,0.06,P,0.17
667.84,678.0,16.55,0.06,P,0.17
667.84,679.0,18.52,0.06,P,0.16
667.84,680.0,18.47,0.06,P,0.17
667.84,681.0,20.49,0.06,P,0.17
667.84,682.0,15.23,0.06,P,0.17
667.84,683.0,20.1,0.06,P,0.16
667.84,684.0,21.14,0.06,P,0.16
667.84,685.0,21.13,0.06,P,0.17
667.84,686.0,15.0,0.06,P,0.17
667.84,687.0,22.77,0.06,P,0.17
667.84,688.0,18.5,0.06,P,0.17
667.84,689.0,25.0,0.06,P,0.16
667.84,690.0,21.05,0.06,P,0.17
667.84,691.0,16.32,0.06,P,0.16
667.84,692.0,21.19,0.06,P,0.17
667.84,693.0,14.91,0.06,P,0.17
667.84,694.0,22.55,0.06,P,0.16
667.84,695.0,24.98,0.06,P,0.17
667.84,696.0,32.06,0.06,P,0.16
667.84,697.0,15.7,0.06,P,0.18
667.84,698.0,21.18,0.06,P,0.17
667.84,699.0,21.28,0.06,P,0.18
667.84,700.0,34.05,0.06,P,0.18
667.84,701.0,35.44,0.06,P,0.22
667.84,702.0,33.65,0.06,P,0.22
667.84,703.0,41.5,0.06,P,0.23
667.84,704.0,40.98,0.06,P,0.23
667.84,705.0,36.23,0.06,P,0.23
667.84,706.0,24.54,0.06,P,0.24
667.84,708.0,21.9,0.06,P,0.23
667.84,710.0,30.14,0.06,P,0.24
667.84,715.0,39.71,0.06,P,0.25
667.84,720.0,48.99,0.06,P,0.29
667.84,725.0,54.15,0.06,P,0.29
667.84,730.0,46.96,0.06,P,0.32
667.84,750.0,67.52,0.06,P,0.39
667.84,755.0,84.14,0.06,P,0.4
667.84,770.0,84.57,0.06,P,0.43
667.84,520.0,0.51,0.07,P,0.44
667.84,525.0,0.48,0.07,P,0.43
667.84,530.0,0.55,0.07,P,0.42
667.84,535.0,0.58,0.07,P,0.41
667.84,540.0,0.75,0.07,P,0.4
667.84,545.0,0.68,0.07,P,0.38
667.84,550.0,0.88,0.07,P,0.38
667.84,555.0,0.89,0.07,P,0.37
667.84,560.0,0.98,0.07,P,0.36
667.84,565.0,1.09,0.07,P,0.34
667.84,570.0,0.9,0.07,P,0.34
667.84,575.0,1.43,0.07,P,0.33
667.84,580.0,1.34,0.07,P,0.32
667.84,585.0,1.57,0.07,P,0.31
667.84,590.0,1.66,0.07,P,0.3
667.84,595.0,1.85,0.07,P,0.29
667.84,600.0,2.07,0.07,P,0.28
667.84,605.0,2.38,0.07,P,0.27
667.84,610.0,2.69,0.07,P,0.26
667.84,615.0,2.91,0.07,P,0.26
667.84,620.0,3.41,0.07,P,0.25
667.84,625.0,3.84,0.07,P,0.24
667.84,630.0,4.31,0.07,P,0.23
667.84,635.0,5.18,0.07,P,0.23
667.84,640.0,6.0,0.07,P,0.22
667.84,645.0,6.82,0.07,P,0.21
667.84,650.0,7.91,0.07,P,0.21
667.84,655.0,9.17,0.07,P,0.2
667.84,656.0,9.56,0.07,P,0.2
667.84,657.0,9.95,0.07,P,0.2
667.84,658.0,6.96,0.07,P,0.19
667.84,659.0,7.92,0.07,P,0.19
667.84,660.0,10.64,0.07,P,0.19
667.84,661.0,11.28,0.07,P,0.19
667.84,662.0,11.85,0.07,P,0.18
667.84,663.0,11.8,0.07,P,0.19
667.84,664.0,11.96,0.07,P,0.19
667.84,665.0,12.32,0.07,P,0.18
667.84,666.0,13.08,0.07,P,0.18
667.84,667.0,12.92,0.07,P,0.18
667.84,668.0,13.55,0.07,P,0.18
667.84,669.0,15.55,0.07,P,0.18
667.84,670.0,14.32,0.07,P,0.17
667.84,671.0,15.99,0.07,P,0.18
667.84,672.0,15.21,0.07,P,0.17
667.84,673.0,16.11,0.07,P,0.17
667.84,674.0,16.5,0.07,P,0.17
667.84,675.0,16.76,0.07,P,0.17
667.84,676.0,17.7,0.07,P,0.17
667.84,677.0,18.6,0.07,P,0.17
667.84,678.0,19.94,0.07,P,0.17
667.84,679.0,15.44,0.07,P,0.17
667.84,680.0,19.36,0.07,P,0.16
667.84,681.0,20.1,0.07,P,0.17
667.84,682.0,21.44,0.07,P,0.16
667.84,683.0,17.19,0.07,P,0.17
667.84,684.0,17.48,0.07,P,0.16
667.84,685.0,23.63,0.07,P,0.16
667.84,686.0,24.32,0.07,P,0.16
667.84,687.0,18.6,0.07,P,0.16
667.84,688.0,19.52,0.07,P,0.16
667.84,689.0,26.52,0.07,P,0.16
667.84,690.0,28.5,0.07,P,0.15
667.84,691.0,18.45,0.07,P,0.16
667.84,692.0,21.6,0.07,P,0.16
667.84,693.0,14.16,0.07,P,0.16
667.84,694.0,19.25,0.07,P,0.16
667.84,695.0,25.03,0.07,P,0.16
667.84,698.0,18.72,0.07,P,0.16
667.84,700.0,34.45,0.07,P,0.18
667.84,705.0,22.73,0.07,P,0.2
667.84,706.0,31.0,0.07,P,0.21
667.84,710.0,30.02,0.07,P,0.22
667.84,715.0,36.3,0.07,P,0.24
667.84,725.0,54.15,0.07,P,0.25
667.84,730.0,58.45,0.07,P,0.27
667.84,735.0,63.72,0.07,P,0.29
667.84,740.0,54.56,0.07,P,0.29
667.84,770.0,90.84,0.07,P,0.37
667.84,790.0,119.13,0.07,P,0.44
667.84,520.0,0.73,0.09,P,0.41
667.84,525.0,0.86,0.09,P,0.4
667.84,530.0,0.79,0.09,P,0.39
667.84,535.0,0.77,0.09,P,0.38
667.84,540.0,0.98,0.09,P,0.37
667.84,545.0,1.05,0.09,P,0.37
667.84,550.0,1.13,0.09,P,0.36
667.84,555.0,1.21,0.09,P,0.35
667.84,560.0,1.3,0.09,P,0.34
667.84,565.0,1.15,0.09,P,0.33
667.84,570.0,1.57,0.09,P,0.32
667.84,575.0,1.78,0.09,P,0.31
667.84,580.0,1.89,0.09,P,0.31
667.84,585.0,2.11,0.09,P,0.3
667.84,590.0,2.32,0.09,P,0.29
667.84,595.0,2.56,0.09,P,0.28
667.84,600.0,2.84,0.09,P,0.27
667.84,601.0,2.93,0.09,P,0.27
667.84,602.0,2.95,0.09,P,0.27
667.84,603.0,2.18,0.09,P,0.27
667.84,604.0,3.13,0.09,P,0.27
667.84,605.0,3.5,0.09,P,0.27
667.84,606.0,3.25,0.09,P,0.27
667.84,607.0,2.55,0.09,P,0.27
667.84,608.0,3.5,0.09,P,0.26
667.84,609.0,3.56,0.09,P,0.26
667.84,610.0,3.44,0.09,P,0.26
667.84,611.0,3.62,0.09,P,0.26
667.84,612.0,3.71,0.09,P,0.26
667.84,613.0,3.01,0.09,P,0.26
667.84,614.0,3.93,0.09,P,0.25
667.84,615.0,4.05,0.09,P,0.25
667.84,616.0,4.36,0.09,P,0.25
667.84,617.0,4.79,0.09,P,0.25
667.84,618.0,4.89,0.09,P,0.25
667.84,619.0,4.51,0.09,P,0.25
667.84,620.0,4.5,0.09,P,0.24
667.84,621.0,5.03,0.09,P,0.24
667.84,622.0,5.26,0.09,P,0.24
667.84,623.0,3.47,0.09,P,0.24
667.84,624.0,3.54,0.09,P,0.24
667.84,625.0,5.18,0.09,P,0.24
667.84,626.0,5.53,0.09,P,0.24
667.84,627.0,3.83,0.09,P,0.23
667.84,628.0,5.49,0.09,P,0.23
667.84,629.0,5.76,0.09,P,0.23
667.84,630.0,5.56,0.09,P,0.23
667.84,631.0,6.57,0.09,P,0.23
667.84,632.0,5.81,0.09,P,0.23
667.84,633.0,6.57,0.09,P,0.23
667.84,634.0,7.16,0.09,P,0.23
667.84,635.0,6.28,0.09,P,0.22
667.84,636.0,6.8,0.09,P,0.23
667.84,637.0,6.79,0.09,P,0.22
667.84,638.0,7.2,0.09,P,0.22
667.84,639.0,7.0,0.09,P,0.22
667.84,640.0,7.41,0.09,P,0.22
667.84,641.0,7.55,0.09,P,0.22
667.84,642.0,7.6,0.09,P,0.22
667.84,643.0,8.11,0.09,P,0.21
667.84,644.0,8.16,0.09,P,0.21
667.84,645.0,8.13,0.09,P,0.21
667.84,646.0,8.54,0.09,P,0.21
667.84,647.0,8.92,0.09,P,0.21
667.84,648.0,8.97,0.09,P,0.21
667.84,649.0,10.01,0.09,P,0.21
667.84,650.0,9.57,0.09,P,0.21
667.84,651.0,9.46,0.09,P,0.2
667.84,652.0,9.88,0.09,P,0.2
667.84,653.0,10.89,0.09,P,0.2
667.84,654.0,11.36,0.09,P,0.2
667.84,655.0,10.85,0.09,P,0.2
667.84,656.0,11.08,0.09,P,0.2
667.84,657.0,11.31,0.09,P,0.2
667.84,658.0,11.55,0.09,P,0.2
667.84,659.0,12.54,0.09,P,0.19
667.84,660.0,12.03,0.09,P,0.19
667.84,661.0,12.52,0.09,P,0.19
667.84,662.0,13.39,0.09,P,0.19
667.84,663.0,13.24,0.09,P,0.19
667.84,664.0,13.41,0.09,P,0.18
667.84,665.0,13.94,0.09,P,0.18
667.84,666.0,14.52,0.09,P,0.18
667.84,667.0,15.04,0.09,P,0.18
667.84,668.0,15.12,0.09,P,0.18
667.84,669.0,15.73,0.09,P,0.18
667.84,670.0,16.0,0.09,P,0.18
667.84,671.0,16.19,0.09,P,0.17
667.84,672.0,16.82,0.09,P,0.18
667.84,673.0,17.55,0.09,P,0.18
667.84,674.0,17.94,0.09,P,0.17
667.84,675.0,18.43,0.09,P,0.17
667.84,676.0,19.0,0.09,P,0.17
667.84,677.0,19.43,0.09,P,0.17
667.84,678.0,20.37,0.09,P,0.17
667.84,679.0,20.58,0.09,P,0.17
667.84,680.0,21.33,0.09,P,0.17
667.84,681.0,21.84,0.09,P,0.17
667.84,682.0,22.28,0.09,P,0.17
667.84,683.0,24.72,0.09,P,0.17
667.84,684.0,23.28,0.09,P,0.16
667.84,685.0,24.15,0.09,P,0.16
667.84,686.0,20.92,0.09,P,0.16
667.84,687.0,20.85,0.09,P,0.16
667.84,688.0,27.24,0.09,P,0.16
667.84,689.0,28.39,0.09,P,0.16
667.84,690.0,27.67,0.09,P,0.16
667.84,691.0,23.5,0.09,P,0.16
667.84,692.0,23.82,0.09,P,0.16
667.84,693.0,16.74,0.09,P,0.16
667.84,694.0,23.29,0.09,P,0.16
667.84,695.0,26.55,0.09,P,0.16
667.84,696.0,32.37,0.09,P,0.16
667.84,697.0,23.81,0.09,P,0.15
667.84,698.0,28.82,0.09,P,0.16
667.84,699.0,22.69,0.09,P,0.19
667.84,700.0,28.68,0.09,P,0.19
667.84,701.0,22.0,0.09,P,0.19
667.84,702.0,27.68,0.09,P,0.19
667.84,703.0,22.77,0.09,P,0.19
667.84,704.0,28.2,0.09,P,0.19
667.84,705.0,34.34,0.09,P,0.19
667.84,706.0,28.16,0.09,P,0.19
667.84,707.0,31.25,0.09,P,0.2
667.84,708.0,38.0,0.09,P,0.2
667.84,709.0,34.0,0.09,P,0.19
667.84,710.0,38.14,0.09,P,0.2
667.84,711.0,41.55,0.09,P,0.2
667.84,712.0,30.9,0.09,P,0.2
667.84,713.0,41.0,0.09,P,0.21
667.84,714.0,40.0,0.09,P,0.21
667.84,715.0,50.5,0.09,P,0.18
667.84,716.0,32.94,0.09,P,0.21
667.84,717.0,35.0,0.09,P,0.22
667.84,720.0,36.61,0.09,P,0.23
667.84,725.0,37.28,0.09,P,0.22
667.84,730.0,58.45,0.09,P,0.25
667.84,735.0,63.26,0.09,P,0.25
667.84,740.0,66.65,0.09,P,0.28
667.84,745.0,65.32,0.09,P,0.28
667.84,750.0,78.38,0.09,P,0.29
667.84,755.0,69.68,0.09,P,0.31
667.84,765.0,208.16,0.09,P,2.02
667.84,770.0,87.09,0.09,P,0.33
667.84,775.0,90.32,0.09,P,0.35
667.84,780.0,178.0,0.09,P,1.31
667.84,785.0,267.07,0.09,P,2.09
667.84,790.0,113.6,0.09,P,0.39
667.84,795.0,275.8,0.09,P,1.99
667.84,800.0,130.98,0.09,P,0.4
667.84,805.0,136.0,0.09,P,0.43
667.84,520.0,0.8,0.11,P,0.39
667.84,525.0,0.94,0.11,P,0.38
667.84,535.0,1.2,0.11,P,0.36
667.84,540.0,0.77,0.11,P,0.35
667.84,545.0,1.24,0.11,P,0.35
667.84,550.0,1.34,0.11,P,0.34
667.84,555.0,1.18,0.11,P,0.33
667.84,560.0,1.28,0.11,P,0.32
667.84,565.0,1.35,0.11,P,0.31
667.84,570.0,1.45,0.11,P,0.3
667.84,575.0,1.63,0.11,P,0.3
667.84,580.0,2.27,0.11,P,0.29
667.84,585.0,1.78,0.11,P,0.28
667.84,590.0,2.7,0.11,P,0.28
667.84,595.0,3.35,0.11,P,0.27
667.84,600.0,3.27,0.11,P,0.26
667.84,605.0,3.66,0.11,P,0.26
667.84,610.0,4.1,0.11,P,0.25
667.84,615.0,5.16,0.11,P,0.24
667.84,620.0,5.07,0.11,P,0.24
667.84,625.0,5.62,0.11,P,0.23
667.84,630.0,6.38,0.11,P,0.22
667.84,635.0,7.96,0.11,P,0.21
667.84,640.0,7.92,0.11,P,0.21
667.84,645.0,9.39,0.11,P,0.2
667.84,650.0,10.15,0.11,P,0.2
667.84,655.0,11.56,0.11,P,0.19
667.84,656.0,9.42,0.11,P,0.19
667.84,657.0,9.91,0.11,P,0.19
667.84,659.0,13.11,0.11,P,0.19
667.84,660.0,14.49,0.11,P,0.18
667.84,661.0,10.7,0.11,P,0.18
667.84,662.0,13.92,0.11,P,0.18
667.84,663.0,11.64,0.11,P,0.18
667.84,664.0,14.58,0.11,P,0.18
667.84,665.0,15.02,0.11,P,0.17
667.84,666.0,15.6,0.11,P,0.18
667.84,667.0,15.35,0.11,P,0.17
667.84,668.0,16.5,0.11,P,0.18
667.84,669.0,18.07,0.11,P,0.17
667.84,670.0,18.42,0.11,P,0.17
667.84,671.0,13.4,0.11,P,0.17
667.84,672.0,18.09,0.11,P,0.17
667.84,673.0,18.46,0.11,P,0.17
667.84,674.0,15.3,0.11,P,0.16
667.84,675.0,20.07,0.11,P,0.17
667.84,676.0,16.43,0.11,P,0.17
667.84,677.0,16.44,0.11,P,0.17
667.84,678.0,20.81,0.11,P,0.17
667.84,679.0,16.67,0.11,P,0.17
667.84,680.0,22.0,0.11,P,0.17
667.84,681.0,23.0,0.11,P,0.17
667.84,685.0,20.66,0.11,P,0.16
667.84,690.0,19.95,0.11,P,0.16
667.84,715.0,41.98,0.11,P,0.19
667.84,520.0,0.78,0.13,P,0.37
667.84,525.0,0.95,0.13,P,0.37
667.84,530.0,1.01,0.13,P,0.36
667.84,535.0,1.05,0.13,P,0.35
667.84,536.0,0.92,0.13,P,0.35
667.84,537.0,1.36,0.13,P,0.35
667.84,538.0,1.01,0.13,P,0.35
667.84,539.0,0.79,0.13,P,0.34
667.84,540.0,1.37,0.13,P,0.34
667.84,541.0,0.84,0.13,P,0.34
667.84,542.0,1.01,0.13,P,0.34
667.84,543.0,1.53,0.13,P,0.34
667.84,544.0,1.13,0.13,P,0.34
667.84,545.0,1.2,0.13,P,0.33
667.84,546.0,0.89,0.13,P,0.33
667.84,547.0,1.01,0.13,P,0.33
667.84,548.0,1.02,0.13,P,0.33
667.84,549.0,1.27,0.13,P,0.33
667.84,550.0,1.54,0.13,P,0.33
667.84,551.0,0.84,0.13,P,0.33
667.84,552.0,1.1,0.13,P,0.32
667.84,553.0,1.77,0.13,P,0.32
667.84,554.0,1.0,0.13,P,0.32
667.84,555.0,1.38,0.13,P,0.32
667.84,556.0,1.01,0.13,P,0.32
667.84,557.0,1.42,0.13,P,0.32
667.84,558.0,1.46,0.13,P,0.32
667.84,559.0,1.44,0.13,P,0.31
667.84,560.0,1.97,0.13,P,0.31
667.84,561.0,1.51,0.13,P,0.31
667.84,562.0,1.2,0.13,P,0.31
667.84,563.0,0.99,0.13,P,0.31
667.84,564.0,1.16,0.13,P,0.31
667.84,565.0,1.4,0.13,P,0.3
667.84,566.0,1.03,0.13,P,0.3
667.84,567.0,2.32,0.13,P,0.3
667.84,568.0,1.38,0.13,P,0.3
667.84,569.0,1.77,0.13,P,0.3
667.84,570.0,2.15,0.13,P,0.3
667.84,571.0,1.99,0.13,P,0.3
667.84,572.0,1.49,0.13,P,0.3
667.84,573.0,1.83,0.13,P,0.29
667.84,574.0,1.18,0.13,P,0.29
667.84,575.0,2.55,0.13,P,0.29
667.84,576.0,2.29,0.13,P,0.29
667.84,577.0,2.02,0.13,P,0.29
667.84,578.0,1.93,0.13,P,0.29
667.84,579.0,2.01,0.13,P,0.28
667.84,580.0,2.54,0.13,P,0.28
667.84,581.0,2.55,0.13,P,0.28
667.84,582.0,2.16,0.13,P,0.28
667.84,583.0,3.35,0.13,P,0.28
667.84,584.0,1.5,0.13,P,0.28
667.84,585.0,2.77,0.13,P,0.28
667.84,586.0,2.88,0.13,P,0.28
667.84,587.0,2.03,0.13,P,0.27
667.84,588.0,1.53,0.13,P,0.27
667.84,589.0,2.95,0.13,P,0.27
667.84,590.0,3.04,0.13,P,0.27
667.84,591.0,2.41,0.13,P,0.27
667.84,592.0,1.99,0.13,P,0.27
667.84,593.0,2.78,0.13,P,0.27
667.84,594.0,2.47,0.13,P,0.26
667.84,595.0,3.46,0.13,P,0.27
667.84,596.0,2.68,0.13,P,0.26
667.84,597.0,2.06,0.13,P,0.26
667.84,598.0,2.85,0.13,P,0.26
667.84,599.0,3.63,0.13,P,0.26
667.84,600.0,3.67,0.13,P,0.26
667.84,601.0,3.81,0.13,P,0.26
667.84,602.0,3.05,0.13,P,0.25
667.84,603.0,3.16,0.13,P,0.26
667.84,604.0,4.26,0.13,P,0.25
667.84,605.0,4.05,0.13,P,0.25
667.84,606.0,3.51,0.13,P,0.25
667.84,607.0,4.47,0.13,P,0.25
667.84,608.0,3.51,0.13,P,0.25
667.84,609.0,3.5,0.13,P,0.25
667.84,610.0,4.55,0.13,P,0.25
667.84,611.0,2.83,0.13,P,0.24
667.84,612.0,2.3,0.13,P,0.24
667.84,613.0,3.95,0.13,P,0.24
667.84,614.0,3.92,0.13,P,0.24
667.84,615.0,5.11,0.13,P,0.24
667.84,616.0,3.94,0.13,P,0.24
667.84,617.0,3.5,0.13,P,0.24
667.84,618.0,5.98,0.13,P,0.23
667.84,619.0,4.3,0.13,P,0.23
667.84,620.0,5.65,0.13,P,0.23
667.84,621.0,3.83,0.13,P,0.23
667.84,622.0,4.49,0.13,P,0.23
667.84,623.0,6.65,0.13,P,0.23
667.84,624.0,5.0,0.13,P,0.23
667.84,625.0,6.36,0.13,P,0.23
667.84,626.0,5.4,0.13,P,0.22
667.84,627.0,5.21,0.13,P,0.22
667.84,628.0,5.66,0.13,P,0.22
667.84,629.0,5.28,0.13,P,0.22
667.84,630.0,7.0,0.13,P,0.22
667.84,631.0,7.22,0.13,P,0.22
667.84,632.0,5.91,0.13,P,0.22
667.84,633.0,7.55,0.13,P,0.21
667.84,634.0,8.04,0.13,P,0.22
667.84,635.0,7.98,0.13,P,0.21
667.84,636.0,8.14,0.13,P,0.21
667.84,637.0,8.57,0.13,P,0.21
667.84,638.0,6.68,0.13,P,0.21
667.84,639.0,8.5,0.13,P,0.21
667.84,640.0,8.63,0.13,P,0.21
667.84,641.0,7.08,0.13,P,0.21
667.84,642.0,6.55,0.13,P,0.21
667.84,643.0,9.41,0.13,P,0.2
667.84,644.0,9.74,0.13,P,0.2
667.84,645.0,9.86,0.13,P,0.2
667.84,646.0,10.41,0.13,P,0.2
667.84,647.0,11.25,0.13,P,0.2
667.84,648.0,8.38,0.13,P,0.2
667.84,649.0,10.66,0.13,P,0.2
667.84,650.0,11.25,0.13,P,0.2
667.84,651.0,11.57,0.13,P,0.19
667.84,652.0,11.63,0.13,P,0.19
667.84,653.0,12.31,0.13,P,0.19
667.84,654.0,11.94,0.13,P,0.19
667.84,655.0,12.58,0.13,P,0.19
667.84,656.0,12.86,0.13,P,0.18
667.84,657.0,14.28,0.13,P,0.18
667.84,658.0,13.3,0.13,P,0.18
667.84,659.0,11.47,0.13,P,0.18
667.84,660.0,13.82,0.13,P,0.18
667.84,661.0,11.77,0.13,P,0.18
667.84,662.0,15.92,0.13,P,0.18
667.84,663.0,15.16,0.13,P,0.18
667.84,664.0,15.23,0.13,P,0.18
667.84,665.0,15.62,0.13,P,0.17
667.84,666.0,15.99,0.13,P,0.18
667.84,667.0,16.34,0.13,P,0.17
667.84,668.0,12.35,0.13,P,0.17
667.84,669.0,17.15,0.13,P,0.17
667.84,670.0,17.69,0.13,P,0.17
667.84,671.0,15.0,0.13,P,0.17
667.84,672.0,18.46,0.13,P,0.17
667.84,673.0,19.35,0.13,P,0.17
667.84,674.0,19.69,0.13,P,0.16
667.84,675.0,19.51,0.13,P,0.16
667.84,676.0,20.19,0.13,P,0.16
667.84,677.0,21.77,0.13,P,0.17
667.84,678.0,21.71,0.13,P,0.17
667.84,679.0,22.21,0.13,P,0.17
667.84,680.0,22.5,0.13,P,0.16
667.84,681.0,18.92,0.13,P,0.16
667.84,682.0,20.06,0.13,P,0.16
667.84,683.0,20.5,0.13,P,0.16
667.84,684.0,20.45,0.13,P,0.16
667.84,685.0,27.39,0.13,P,0.16
667.84,686.0,20.92,0.13,P,0.16
667.84,687.0,19.94,0.13,P,0.16
667.84,688.0,23.5,0.13,P,0.16
667.84,689.0,19.75,0.13,P,0.16
667.84,690.0,29.63,0.13,P,0.16
667.84,691.0,16.69,0.13,P,0.16
667.84,692.0,17.56,0.13,P,0.16
667.84,693.0,20.21,0.13,P,0.16
667.84,694.0,18.83,0.13,P,0.16
667.84,695.0,33.12,0.13,P,0.16
667.84,696.0,21.64,0.13,P,0.16
667.84,697.0,19.1,0.13,P,0.16
667.84,698.0,27.6,0.13,P,0.16
667.84,699.0,25.79,0.13,P,0.16
667.84,700.0,37.1,0.13,P,0.16
667.84,701.0,37.37,0.13,P,0.16
667.84,702.0,38.66,0.13,P,0.18
667.84,703.0,24.81,0.13,P,0.17
667.84,704.0,27.75,0.13,P,0.17
667.84,705.0,25.6,0.13,P,0.18
667.84,707.0,34.74,0.13,P,0.18
667.84,708.0,26.95,0.13,P,0.17
667.84,709.0,28.36,0.13,P,0.18
667.84,710.0,38.69,0.13,P,0.18
667.84,715.0,42.98,0.13,P,0.18
667.84,720.0,48.79,0.13,P,0.19
667.84,725.0,51.47,0.13,P,0.21
667.84,730.0,59.35,0.13,P,0.22
667.84,735.0,65.13,0.13,P,0.23
667.84,740.0,152.41,0.13,P,1.02
667.84,750.0,82.0,0.13,P,0.26
667.84,755.0,161.2,0.13,P,0.74
667.84,775.0,109.62,0.13,P,0.31
667.84,780.0,116.7,0.13,P,0.0
667.84,520.0,1.42,0.17,P,0.35
667.84,525.0,1.7,0.17,P,0.35
667.84,530.0,1.81,0.17,P,0.34
667.84,535.0,2.09,0.17,P,0.33
667.84,540.0,2.06,0.17,P,0.32
667.84,545.0,1.98,0.17,P,0.32
667.84,550.0,2.4,0.17,P,0.31
667.84,555.0,2.72,0.17,P,0.31
667.84,560.0,2.79,0.17,P,0.3
667.84,565.0,3.22,0.17,P,0.29
667.84,570.0,3.19,0.17,P,0.28
667.84,575.0,3.78,0.17,P,0.28
667.84,580.0,3.75,0.17,P,0.27
667.84,585.0,4.13,0.17,P,0.27
667.84,590.0,4.49,0.17,P,0.26
667.84,595.0,4.82,0.17,P,0.26
667.84,600.0,5.24,0.17,P,0.25
667.84,605.0,5.73,0.17,P,0.24
667.84,610.0,6.1,0.17,P,0.24
667.84,615.0,7.15,0.17,P,0.23
667.84,620.0,7.56,0.17,P,0.23
667.84,625.0,8.19,0.17,P,0.22
667.84,630.0,8.98,0.17,P,0.21
667.84,635.0,9.95,0.17,P,0.21
667.84,640.0,10.61,0.17,P,0.2
667.84,645.0,11.87,0.17,P,0.2
667.84,650.0,13.04,0.17,P,0.19
667.84,655.0,14.5,0.17,P,0.18
667.84,660.0,16.06,0.17,P,0.18
667.84,665.0,17.59,0.17,P,0.17
667.84,670.0,19.52,0.17,P,0.16
667.84,675.0,22.08,0.17,P,0.16
667.84,680.0,24.58,0.17,P,0.16
667.84,685.0,27.67,0.17,P,0.16
667.84,690.0,31.99,0.17,P,0.15
667.84,695.0,33.7,0.17,P,0.14
667.84,700.0,37.58,0.17,P,0.14
667.84,705.0,36.28,0.17,P,0.14
667.84,710.0,34.31,0.17,P,0.16
667.84,715.0,50.27,0.17,P,0.16
667.84,720.0,54.77,0.17,P,0.17
667.84,725.0,53.3,0.17,P,0.17
667.84,730.0,58.81,0.17,P,0.19
667.84,735.0,64.26,0.17,P,0.19
667.84,740.0,57.0,0.17,P,0.2
667.84,745.0,59.85,0.17,P,0.22
667.84,750.0,79.1,0.17,P,0.23
667.84,755.0,76.13,0.17,P,0.23
667.84,775.0,261.7,0.17,P,1.86
667.84,780.0,278.97,0.17,P,1.61
667.84,800.0,133.77,0.17,P,0.3
667.84,520.0,1.87,0.21,P,0.34
667.84,525.0,1.9,0.21,P,0.33
667.84,530.0,2.44,0.21,P,0.33
667.84,535.0,2.15,0.21,P,0.32
667.84,540.0,2.46,0.21,P,0.31
667.84,545.0,2.95,0.21,P,0.31
667.84,550.0,3.34,0.21,P,0.3
667.84,555.0,2.95,0.21,P,0.3
667.84,560.0,3.58,0.21,P,0.29
667.84,565.0,3.96,0.21,P,0.28
667.84,570.0,4.49,0.21,P,0.28
667.84,572.0,2.62,0.21,P,0.28
667.84,573.0,2.75,0.21,P,0.27
667.84,574.0,4.71,0.21,P,0.27
667.84,575.0,4.5,0.21,P,0.27
667.84,576.0,2.87,0.21,P,0.27
667.84,577.0,3.7,0.21,P,0.27
667.84,578.0,3.82,0.21,P,0.27
667.84,579.0,6.28,0.21,P,0.27
667.84,580.0,3.87,0.21,P,0.26
667.84,581.0,2.99,0.21,P,0.27
667.84,582.0,5.32,0.21,P,0.26
667.84,583.0,4.3,0.21,P,0.26
667.84,584.0,8.26,0.21,P,0.06
667.84,585.0,5.12,0.21,P,0.26
667.84,586.0,3.05,0.21,P,0.26
667.84,587.0,3.94,0.21,P,0.26
667.84,588.0,4.58,0.21,P,0.26
667.84,589.0,3.76,0.21,P,0.26
667.84,590.0,5.51,0.21,P,0.25
667.84,591.0,6.34,0.21,P,0.25
667.84,592.0,4.15,0.21,P,0.25
667.84,593.0,3.86,0.21,P,0.25
667.84,594.0,6.36,0.21,P,0.25
667.84,595.0,6.07,0.21,P,0.25
667.84,596.0,3.85,0.21,P,0.25
667.84,597.0,4.91,0.21,P,0.25
667.84,598.0,4.0,0.21,P,0.25
667.84,599.0,3.84,0.21,P,0.24
667.84,600.0,6.6,0.21,P,0.24
667.84,601.0,3.9,0.21,P,0.24
667.84,602.0,5.31,0.21,P,0.24
667.84,603.0,4.98,0.21,P,0.24
667.84,604.0,4.7,0.21,P,0.24
667.84,605.0,7.03,0.21,P,0.24
667.84,606.0,4.17,0.21,P,0.24
667.84,607.0,7.73,0.21,P,0.23
667.84,608.0,6.08,0.21,P,0.23
667.84,609.0,4.39,0.21,P,0.23
667.84,610.0,7.66,0.21,P,0.23
667.84,611.0,6.4,0.21,P,0.23
667.84,612.0,6.46,0.21,P,0.23
667.84,613.0,4.81,0.21,P,0.23
667.84,614.0,7.05,0.21,P,0.23
667.84,615.0,6.52,0.21,P,0.23
667.84,616.0,5.1,0.21,P,0.22
667.84,617.0,6.22,0.21,P,0.22
667.84,618.0,5.55,0.21,P,0.22
667.84,619.0,6.72,0.21,P,0.22
667.84,620.0,9.42,0.21,P,0.22
667.84,621.0,6.93,0.21,P,0.22
667.84,622.0,7.89,0.21,P,0.22
667.84,623.0,8.02,0.21,P,0.22
667.84,624.0,8.08,0.21,P,0.21
667.84,625.0,8.0,0.21,P,0.22
667.84,626.0,8.16,0.21,P,0.21
667.84,627.0,8.0,0.21,P,0.21
667.84,628.0,8.71,0.21,P,0.21
667.84,629.0,7.75,0.21,P,0.21
667.84,630.0,10.6,0.21,P,0.21
667.84,631.0,8.09,0.21,P,0.21
667.84,632.0,8.05,0.21,P,0.21
667.84,633.0,6.88,0.21,P,0.2
667.84,634.0,7.43,0.21,P,0.2
667.84,635.0,11.77,0.21,P,0.2
667.84,636.0,7.11,0.21,P,0.2
667.84,637.0,7.24,0.21,P,0.2
667.84,638.0,10.38,0.21,P,0.2
667.84,639.0,13.5,0.21,P,0.2
667.84,640.0,12.61,0.21,P,0.2
667.84,641.0,10.04,0.21,P,0.2
667.84,642.0,7.91,0.21,P,0.2
667.84,643.0,11.07,0.21,P,0.19
667.84,644.0,14.62,0.21,P,0.19
667.84,645.0,14.4,0.21,P,0.19
667.84,646.0,10.65,0.21,P,0.19
667.84,647.0,14.87,0.21,P,0.19
667.84,648.0,15.37,0.21,P,0.19
667.84,649.0,11.0,0.21,P,0.19
667.84,650.0,15.92,0.21,P,0.18
667.84,651.0,15.52,0.21,P,0.19
667.84,652.0,13.72,0.21,P,0.18
667.84,653.0,10.0,0.21,P,0.18
667.84,654.0,13.8,0.21,P,0.18
667.84,655.0,12.84,0.21,P,0.18
667.84,656.0,10.74,0.21,P,0.18
667.84,657.0,10.17,0.21,P,0.18
667.84,658.0,18.46,0.21,P,0.18
667.84,659.0,15.23,0.21,P,0.18
667.84,660.0,18.19,0.21,P,0.18
667.84,661.0,14.14,0.21,P,0.17
667.84,662.0,16.08,0.21,P,0.18
667.84,663.0,14.34,0.21,P,0.17
667.84,664.0,20.0,0.21,P,0.17
667.84,665.0,19.92,0.21,P,0.17
667.84,666.0,20.0,0.21,P,0.17
667.84,667.0,20.7,0.21,P,0.17
667.84,668.0,21.05,0.21,P,0.17
667.84,669.0,18.43,0.21,P,0.17
667.84,670.0,22.0,0.21,P,0.16
667.84,671.0,19.47,0.21,P,0.17
667.84,672.0,18.88,0.21,P,0.17
667.84,673.0,19.54,0.21,P,0.16
667.84,674.0,23.66,0.21,P,0.16
667.84,675.0,24.51,0.21,P,0.16
667.84,676.0,24.38,0.21,P,0.16
667.84,677.0,25.52,0.21,P,0.16
667.84,678.0,26.0,0.21,P,0.16
667.84,679.0,25.96,0.21,P,0.16
667.84,680.0,27.82,0.21,P,0.16
667.84,681.0,20.36,0.21,P,0.16
667.84,682.0,23.55,0.21,P,0.16
667.84,683.0,24.1,0.21,P,0.15
667.84,684.0,24.61,0.21,P,0.15
667.84,685.0,25.05,0.21,P,0.15
667.84,686.0,19.67,0.21,P,0.15
667.84,687.0,24.0,0.21,P,0.15
667.84,688.0,26.03,0.21,P,0.15
667.84,689.0,25.65,0.21,P,0.15
667.84,690.0,32.12,0.21,P,0.15
667.84,691.0,20.77,0.21,P,0.15
667.84,692.0,22.12,0.21,P,0.14
667.84,693.0,33.41,0.21,P,0.14
667.84,694.0,31.27,0.21,P,0.15
667.84,695.0,29.52,0.21,P,0.14
667.84,696.0,25.72,0.21,P,0.15
667.84,697.0,29.55,0.21,P,0.15
667.84,698.0,32.04,0.21,P,0.14
667.84,700.0,33.0,0.21,P,0.14
667.84,701.0,36.23,0.21,P,0.14
667.84,702.0,24.93,0.21,P,0.14
667.84,703.0,33.2,0.21,P,0.14
667.84,705.0,42.91,0.21,P,0.14
667.84,706.0,38.83,0.21,P,0.14
667.84,708.0,29.64,0.21,P,0.14
667.84,710.0,31.84,0.21,P,0.14
667.84,712.0,30.33,0.21,P,0.15
667.84,713.0,38.7,0.21,P,0.16
667.84,714.0,35.97,0.21,P,0.16
667.84,715.0,35.15,0.21,P,0.16
667.84,720.0,49.5,0.21,P,0.15
667.84,725.0,67.69,0.21,P,0.0
667.84,730.0,50.18,0.21,P,0.17
667.84,750.0,78.0,0.21,P,0.2
667.84,755.0,83.78,0.21,P,0.21
667.84,790.0,133.25,0.21,P,0.42
667.84,520.0,3.0,0.27,P,0.32
667.84,525.0,3.15,0.27,P,0.32
667.84,530.0,2.81,0.27,P,0.31
667.84,535.0,3.57,0.27,P,0.3
667.84,540.0,3.76,0.27,P,0.3
667.84,545.0,3.5,0.27,P,0.29
667.84,550.0,4.2,0.27,P,0.29
667.84,555.0,3.95,0.27,P,0.28
667.84,560.0,4.96,0.27,P,0.28
667.84,565.0,5.29,0.27,P,0.27
667.84,570.0,5.67,0.27,P,0.27
667.84,575.0,6.24,0.27,P,0.26
667.84,580.0,6.31,0.27,P,0.26
667.84,585.0,7.1,0.27,P,0.25
667.84,590.0,7.18,0.27,P,0.25
667.84,595.0,7.72,0.27,P,0.24
667.84,600.0,8.3,0.27,P,0.24
667.84,605.0,8.9,0.27,P,0.23
667.84,610.0,9.49,0.27,P,0.23
667.84,615.0,10.24,0.27,P,0.22
667.84,620.0,10.9,0.27,P,0.22
667.84,625.0,12.6,0.27,P,0.21
667.84,630.0,12.81,0.27,P,0.21
667.84,635.0,13.93,0.27,P,0.2
667.84,640.0,14.65,0.27,P,0.19
667.84,645.0,13.99,0.27,P,0.19
667.84,650.0,17.11,0.27,P,0.18
667.84,655.0,18.53,0.27,P,0.18
667.84,660.0,20.18,0.27,P,0.17
667.84,665.0,21.83,0.27,P,0.17
667.84,670.0,23.46,0.27,P,0.16
667.84,675.0,26.18,0.27,P,0.16
667.84,680.0,28.01,0.27,P,0.15
667.84,685.0,30.52,0.27,P,0.15
667.84,690.0,35.0,0.27,P,0.14
667.84,695.0,32.5,0.27,P,0.14
667.84,700.0,35.63,0.27,P,0.14
667.84,705.0,45.28,0.27,P,0.13
667.84,710.0,48.2,0.27,P,0.14
667.84,715.0,42.42,0.27,P,0.13
667.84,720.0,48.91,0.27,P,0.15
667.84,725.0,49.84,0.27,P,0.15
667.84,730.0,57.08,0.27,P,0.15
667.84,735.0,58.8,0.27,P,0.16
667.84,740.0,60.2,0.27,P,0.16
667.84,750.0,79.1,0.27,P,0.17
667.84,760.0,97.37,0.27,P,0.0
667.84,780.0,102.0,0.27,P,0.22
667.84,520.0,2.92,0.29,P,0.32
667.84,525.0,3.55,0.29,P,0.31
667.84,530.0,3.09,0.29,P,0.31
667.84,535.0,3.45,0.29,P,0.3
667.84,540.0,4.31,0.29,P,0.3
667.84,545.0,3.03,0.29,P,0.29
667.84,550.0,4.67,0.29,P,0.29
667.84,555.0,3.7,0.29,P,0.28
667.84,560.0,5.24,0.29,P,0.27
667.84,565.0,4.73,0.29,P,0.27
667.84,570.0,5.12,0.29,P,0.27
667.84,575.0,6.4,0.29,P,0.26
667.84,580.0,5.81,0.29,P,0.25
667.84,581.0,4.53,0.29,P,0.25
667.84,582.0,5.19,0.29,P,0.25
667.84,583.0,7.49,0.29,P,0.25
667.84,584.0,4.66,0.29,P,0.25
667.84,585.0,4.74,0.29,P,0.25
667.84,586.0,5.12,0.29,P,0.25
667.84,587.0,5.09,0.29,P,0.25
667.84,588.0,7.55,0.29,P,0.25
667.84,589.0,6.03,0.29,P,0.25
667.84,590.0,7.77,0.29,P,0.24
667.84,591.0,6.0,0.29,P,0.24
667.84,592.0,8.24,0.29,P,0.24
667.84,593.0,8.07,0.29,P,0.24
667.84,594.0,6.25,0.29,P,0.24
667.84,595.0,7.2,0.29,P,0.24
667.84,596.0,15.09,0.29,P,0.24
667.84,597.0,5.57,0.29,P,0.24
667.84,598.0,8.14,0.29,P,0.24
667.84,599.0,6.08,0.29,P,0.23
667.84,600.0,8.83,0.29,P,0.23
667.84,601.0,6.95,0.29,P,0.23
667.84,602.0,6.33,0.29,P,0.23
667.84,603.0,8.3,0.29,P,0.23
667.84,604.0,12.45,0.29,P,0.23
667.84,605.0,8.37,0.29,P,0.23
667.84,606.0,6.91,0.29,P,0.23
667.84,607.0,7.03,0.29,P,0.23
667.84,608.0,10.49,0.29,P,0.23
667.84,609.0,8.88,0.29,P,0.23
667.84,610.0,7.8,0.29,P,0.22
667.84,611.0,8.66,0.29,P,0.22
667.84,612.0,7.15,0.29,P,0.22
667.84,613.0,7.12,0.29,P,0.22
667.84,614.0,8.06,0.29,P,0.22
667.84,615.0,9.0,0.29,P,0.22
667.84,616.0,8.76,0.29,P,0.22
667.84,617.0,9.19,0.29,P,0.22
667.84,618.0,8.6,0.29,P,0.22
667.84,619.0,9.93,0.29,P,0.21
667.84,620.0,10.14,0.29,P,0.21
667.84,621.0,8.12,0.29,P,0.21
667.84,622.0,8.24,0.29,P,0.21
667.84,623.0,9.0,0.29,P,0.21
667.84,624.0,10.65,0.29,P,0.21
667.84,625.0,9.73,0.29,P,0.21
667.84,626.0,13.07,0.29,P,0.21
667.84,627.0,10.21,0.29,P,0.21
667.84,628.0,13.51,0.29,P,0.21
667.84,629.0,12.02,0.29,P,0.2
667.84,630.0,10.67,0.29,P,0.2
667.84,631.0,9.98,0.29,P,0.2
667.84,632.0,11.96,0.29,P,0.2
667.84,633.0,14.5,0.29,P,0.2
667.84,634.0,11.82,0.29,P,0.2
667.84,635.0,14.38,0.29,P,0.2
667.84,636.0,11.87,0.29,P,0.2
667.84,637.0,11.19,0.29,P,0.2
667.84,638.0,14.65,0.29,P,0.19
667.84,639.0,11.26,0.29,P,0.19
667.84,640.0,16.43,0.29,P,0.19
667.84,641.0,16.66,0.29,P,0.19
667.84,642.0,10.59,0.29,P,0.19
667.84,643.0,12.69,0.29,P,0.19
667.84,644.0,12.27,0.29,P,0.19
667.84,645.0,11.19,0.29,P,0.19
667.84,646.0,12.54,0.29,P,0.19
667.84,647.0,11.43,0.29,P,0.19
667.84,648.0,15.51,0.29,P,0.19
667.84,649.0,12.23,0.29,P,0.18
667.84,650.0,15.3,0.29,P,0.18
667.84,651.0,19.12,0.29,P,0.18
667.84,652.0,16.38,0.29,P,0.18
667.84,653.0,16.87,0.29,P,0.18
667.84,654.0,16.54,0.29,P,0.18
667.84,655.0,16.92,0.29,P,0.18
667.84,656.0,16.32,0.29,P,0.18
667.84,657.0,20.27,0.29,P,0.18
667.84,658.0,14.22,0.29,P,0.17
667.84,659.0,18.69,0.29,P,0.18
667.84,660.0,18.6,0.29,P,0.17
667.84,661.0,21.57,0.29,P,0.17
667.84,662.0,14.62,0.29,P,0.17
667.84,663.0,23.28,0.29,P,0.17
667.84,664.0,20.09,0.29,P,0.17
667.84,665.0,24.05,0.29,P,0.17
667.84,666.0,23.18,0.29,P,0.17
667.84,667.0,23.58,0.29,P,0.17
667.84,668.0,16.74,0.29,P,0.16
667.84,669.0,20.4,0.29,P,0.16
667.84,670.0,24.5,0.29,P,0.16
667.84,671.0,24.19,0.29,P,0.16
667.84,672.0,22.39,0.29,P,0.16
667.84,673.0,24.85,0.29,P,0.16
667.84,674.0,22.03,0.29,P,0.16
667.84,675.0,26.61,0.29,P,0.16
667.84,676.0,28.43,0.29,P,0.16
667.84,677.0,27.47,0.29,P,0.15
667.84,680.0,29.21,0.29,P,0.15
667.84,685.0,28.16,0.29,P,0.15
667.84,690.0,34.25,0.29,P,0.14
667.84,695.0,30.5,0.29,P,0.14
667.84,700.0,36.29,0.29,P,0.14
667.84,705.0,32.06,0.29,P,0.14
667.84,710.0,48.71,0.29,P,0.13
667.84,715.0,51.42,0.29,P,0.13
667.84,720.0,52.2,0.29,P,0.0
667.84,725.0,50.39,0.29,P,0.15
667.84,730.0,48.44,0.29,P,0.14
667.84,740.0,58.66,0.29,P,0.15
667.84,750.0,66.12,0.29,P,0.17
667.84,780.0,109.08,0.29,P,0.21
667.84,785.0,115.45,0.29,P,0.22
667.84,790.0,132.61,0.29,P,0.36
667.84,520.0,3.04,0.34,P,0.31
667.84,525.0,4.57,0.34,P,0.3
667.84,530.0,4.65,0.34,P,0.3
667.84,535.0,5.02,0.34,P,0.29
667.84,540.0,4.6,0.34,P,0.29
667.84,545.0,5.77,0.34,P,0.28
667.84,550.0,5.96,0.34,P,0.28
667.84,555.0,6.31,0.34,P,0.27
667.84,560.0,5.58,0.34,P,0.27
667.84,565.0,6.92,0.34,P,0.26
667.84,570.0,7.37,0.34,P,0.26
667.84,575.0,7.78,0.34,P,0.25
667.84,580.0,8.37,0.34,P,0.25
667.84,585.0,8.83,0.34,P,0.25
667.84,590.0,9.87,0.34,P,0.24
667.84,595.0,10.22,0.34,P,0.23
667.84,600.0,10.71,0.34,P,0.23
667.84,605.0,11.9,0.34,P,0.23
667.84,610.0,12.01,0.34,P,0.22
667.84,615.0,13.51,0.34,P,0.22
667.84,620.0,13.68,0.34,P,0.21
667.84,625.0,15.43,0.34,P,0.21
667.84,630.0,16.0,0.34,P,0.2
667.84,635.0,17.53,0.34,P,0.2
667.84,640.0,17.9,0.34,P,0.19
667.84,645.0,16.71,0.34,P,0.19
667.84,650.0,20.0,0.34,P,0.18
667.84,655.0,19.77,0.34,P,0.18
667.84,660.0,23.44,0.34,P,0.17
667.84,665.0,24.82,0.34,P,0.17
667.84,670.0,26.85,0.34,P,0.16
667.84,675.0,29.15,0.34,P,0.16
667.84,680.0,30.89,0.34,P,0.15
667.84,685.0,33.78,0.34,P,0.15
667.84,690.0,31.4,0.34,P,0.14
667.84,695.0,40.0,0.34,P,0.14
667.84,700.0,42.85,0.34,P,0.14
667.84,705.0,39.94,0.34,P,0.14
667.84,710.0,35.6,0.34,P,0.13
667.84,715.0,48.31,0.34,P,0.13
667.84,720.0,50.85,0.34,P,0.13
667.84,725.0,45.85,0.34,P,0.14
667.84,730.0,55.49,0.34,P,0.14
667.84,735.0,57.96,0.34,P,0.14
667.84,740.0,61.64,0.34,P,0.15
667.84,745.0,67.14,0.34,P,0.15
667.84,750.0,75.27,0.34,P,0.16
667.84,800.0,115.55,0.34,P,0.22
667.84,810.0,123.09,0.34,P,0.23
667.84,518.0,3.9,0.37,P,0.31
667.84,519.0,3.19,0.37,P,0.3
667.84,520.0,4.6,0.37,P,0.3
667.84,521.0,3.96,0.37,P,0.3
667.84,522.0,6.34,0.37,P,0.3
667.84,523.0,3.27,0.37,P,0.3
667.84,524.0,4.09,0.37,P,0.3
667.84,525.0,4.35,0.37,P,0.3
667.84,526.0,3.66,0.37,P,0.3
667.84,527.0,3.62,0.37,P,0.3
667.84,528.0,4.44,0.37,P,0.3
667.84,529.0,3.71,0.37,P,0.29
667.84,530.0,4.04,0.37,P,0.29
667.84,531.0,3.83,0.37,P,0.29
667.84,532.0,4.09,0.37,P,0.29
667.84,533.0,3.74,0.37,P,0.29
667.84,534.0,3.78,0.37,P,0.29
667.84,535.0,3.8,0.37,P,0.29
667.84,536.0,4.94,0.37,P,0.29
667.84,537.0,6.53,0.37,P,0.29
667.84,538.0,5.15,0.37,P,0.29
667.84,539.0,4.08,0.37,P,0.29
667.84,540.0,3.99,0.37,P,0.28
667.84,541.0,4.57,0.37,P,0.28
667.84,542.0,4.17,0.37,P,0.28
667.84,543.0,5.48,0.37,P,0.28
667.84,544.0,7.65,0.37,P,0.28
667.84,545.0,5.16,0.37,P,0.28
667.84,546.0,4.79,0.37,P,0.28
667.84,547.0,4.88,0.37,P,0.28
667.84,548.0,5.33,0.37,P,0.28
667.84,549.0,6.62,0.37,P,0.29
667.84,550.0,6.42,0.37,P,0.27
667.84,551.0,5.05,0.37,P,0.27
667.84,552.0,6.06,0.37,P,0.27
667.84,553.0,5.25,0.37,P,0.27
667.84,554.0,9.35,0.37,P,0.27
667.84,555.0,5.35,0.37,P,0.27
667.84,556.0,4.99,0.37,P,0.27
667.84,557.0,8.71,0.37,P,0.27
667.84,558.0,8.2,0.37,P,0.27
667.84,559.0,5.66,0.37,P,0.27
667.84,560.0,6.37,0.37,P,0.26
667.84,561.0,6.48,0.37,P,0.26
667.84,562.0,7.33,0.37,P,0.26
667.84,563.0,7.75,0.37,P,0.26
667.84,564.0,5.85,0.37,P,0.26
667.84,565.0,7.89,0.37,P,0.26
667.84,566.0,6.01,0.37,P,0.26
667.84,567.0,5.56,0.37,P,0.26
667.84,568.0,9.6,0.37,P,0.26
667.84,569.0,5.63,0.37,P,0.26
667.84,570.0,7.94,0.37,P,0.25
667.84,571.0,6.89,0.37,P,0.26
667.84,572.0,5.93,0.37,P,0.25
667.84,573.0,7.48,0.37,P,0.25
667.84,574.0,5.98,0.37,P,0.25
667.84,575.0,7.5,0.37,P,0.25
667.84,576.0,7.7,0.37,P,0.25
667.84,577.0,7.66,0.37,P,0.25
667.84,578.0,8.55,0.37,P,0.24
667.84,579.0,8.83,0.37,P,0.24
667.84,580.0,9.1,0.37,P,0.25
667.84,581.0,7.43,0.37,P,0.25
667.84,582.0,7.54,0.37,P,0.25
667.84,583.0,7.6,0.37,P,0.24
667.84,584.0,7.7,0.37,P,0.24
667.84,585.0,9.53,0.37,P,0.24
667.84,586.0,8.65,0.37,P,0.24
667.84,590.0,10.26,0.37,P,0.24
667.84,595.0,9.01,0.37,P,0.23
667.84,600.0,11.5,0.37,P,0.23
667.84,605.0,10.85,0.37,P,0.22
667.84,610.0,11.51,0.37,P,0.22
667.84,615.0,13.84,0.37,P,0.22
667.84,620.0,15.31,0.37,P,0.21
667.84,625.0,15.88,0.37,P,0.21
667.84,630.0,16.75,0.37,P,0.2
667.84,635.0,15.26,0.37,P,0.2
667.84,640.0,18.82,0.37,P,0.19
667.84,645.0,20.82,0.37,P,0.19
667.84,650.0,21.16,0.37,P,0.18
667.84,655.0,23.31,0.37,P,0.18
667.84,660.0,21.9,0.37,P,0.17
667.84,665.0,26.32,0.37,P,0.17
667.84,670.0,28.0,0.37,P,0.16
667.84,675.0,27.22,0.37,P,0.16
667.84,680.0,33.6,0.37,P,0.15
667.84,685.0,36.03,0.37,P,0.15
667.84,690.0,30.88,0.37,P,0.15
667.84,695.0,31.68,0.37,P,0.14
667.84,700.0,35.7,0.37,P,0.14
667.84,705.0,37.17,0.37,P,0.13
667.84,710.0,44.74,0.37,P,0.13
667.84,715.0,45.6,0.37,P,0.13
667.84,720.0,57.43,0.37,P,0.13
667.84,725.0,54.98,0.37,P,0.04
667.84,730.0,51.16,0.37,P,0.13
667.84,735.0,72.0,0.37,P,0.14
667.84,740.0,57.2,0.37,P,0.14
667.84,745.0,62.5,0.37,P,0.15
667.84,750.0,70.2,0.37,P,0.15
667.84,760.0,171.65,0.37,P,0.53
667.84,790.0,103.8,0.37,P,0.2
667.84,800.0,130.38,0.37,P,0.21
667.84,520.0,5.1,0.46,P,0.29
667.84,525.0,4.68,0.46,P,0.29
667.84,530.0,4.8,0.46,P,0.28
667.84,535.0,6.66,0.46,P,0.28
667.84,540.0,6.43,0.46,P,0.27
667.84,545.0,5.42,0.46,P,0.27
667.84,550.0,7.88,0.46,P,0.27
667.84,555.0,8.64,0.46,P,0.26
667.84,560.0,7.96,0.46,P,0.26
667.84,565.0,9.57,0.46,P,0.25
667.84,570.0,10.0,0.46,P,0.25
667.84,575.0,9.09,0.46,P,0.24
667.84,580.0,10.98,0.46,P,0.24
667.84,585.0,11.65,0.46,P,0.24
667.84,590.0,12.1,0.46,P,0.23
667.84,595.0,11.6,0.46,P,0.23
667.84,600.0,13.51,0.46,P,0.22
667.84,605.0,13.06,0.46,P,0.22
667.84,610.0,13.66,0.46,P,0.22
667.84,612.0,13.73,0.46,P,0.21
667.84,613.0,15.7,0.46,P,0.21
667.84,614.0,12.55,0.46,P,0.21
667.84,615.0,14.6,0.46,P,0.21
667.84,616.0,14.91,0.46,P,0.21
667.84,617.0,12.97,0.46,P,0.21
667.84,618.0,17.41,0.46,P,0.21
667.84,619.0,16.85,0.46,P,0.21
667.84,620.0,15.41,0.46,P,0.21
667.84,621.0,14.47,0.46,P,0.21
667.84,622.0,13.98,0.46,P,0.21
667.84,623.0,16.08,0.46,P,0.2
667.84,624.0,14.03,0.46,P,0.2
667.84,625.0,15.47,0.46,P,0.2
667.84,626.0,17.46,0.46,P,0.2
667.84,627.0,17.86,0.46,P,0.2
667.84,628.0,15.75,0.46,P,0.2
667.84,630.0,15.98,0.46,P,0.2
667.84,631.0,15.72,0.46,P,0.2
667.84,633.0,15.61,0.46,P,0.19
667.84,635.0,16.47,0.46,P,0.19
667.84,637.0,15.84,0.46,P,0.19
667.84,638.0,16.57,0.46,P,0.19
667.84,639.0,21.12,0.46,P,0.19
667.84,640.0,19.31,0.46,P,0.19
667.84,641.0,16.25,0.46,P,0.19
667.84,642.0,16.57,0.46,P,0.19
667.84,643.0,23.3,0.46,P,0.19
667.84,644.0,16.7,0.46,P,0.18
667.84,645.0,20.0,0.46,P,0.18
667.84,646.0,17.73,0.46,P,0.18
667.84,647.0,17.59,0.46,P,0.18
667.84,648.0,23.76,0.46,P,0.18
667.84,649.0,18.04,0.46,P,0.18
667.84,650.0,25.14,0.46,P,0.18
667.84,651.0,18.17,0.46,P,0.18
667.84,652.0,18.39,0.46,P,0.18
667.84,653.0,18.62,0.46,P,0.18
667.84,654.0,25.61,0.46,P,0.18
667.84,655.0,20.39,0.46,P,0.17
667.84,656.0,25.77,0.46,P,0.17
667.84,657.0,26.95,0.46,P,0.17
667.84,658.0,27.04,0.46,P,0.17
667.84,659.0,20.27,0.46,P,0.17
667.84,660.0,24.45,0.46,P,0.17
667.84,661.0,20.81,0.46,P,0.17
667.84,662.0,21.08,0.46,P,0.17
667.84,663.0,29.26,0.46,P,0.17
667.84,664.0,21.63,0.46,P,0.17
667.84,665.0,28.7,0.46,P,0.17
667.84,666.0,29.0,0.46,P,0.17
667.84,667.0,26.7,0.46,P,0.17
667.84,668.0,27.26,0.46,P,0.16
667.84,669.0,27.51,0.46,P,0.16
667.84,670.0,28.05,0.46,P,0.16
667.84,671.0,28.27,0.46,P,0.16
667.84,672.0,28.74,0.46,P,0.16
667.84,673.0,28.99,0.46,P,0.16
667.84,674.0,29.35,0.46,P,0.16
667.84,675.0,29.82,0.46,P,0.16
667.84,676.0,30.09,0.46,P,0.16
667.84,677.0,30.51,0.46,P,0.16
667.84,678.0,30.98,0.46,P,0.16
667.84,679.0,31.42,0.46,P,0.16
667.84,680.0,31.59,0.46,P,0.15
667.84,681.0,32.19,0.46,P,0.15
667.84,682.0,32.49,0.46,P,0.15
667.84,683.0,32.83,0.46,P,0.15
667.84,684.0,33.25,0.46,P,0.15
667.84,685.0,38.0,0.46,P,0.15
667.84,686.0,34.12,0.46,P,0.15
667.84,687.0,34.64,0.46,P,0.15
667.84,688.0,28.8,0.46,P,0.15
667.84,689.0,33.39,0.46,P,0.15
667.84,690.0,35.4,0.46,P,0.15
667.84,691.0,34.27,0.46,P,0.15
667.84,692.0,34.71,0.46,P,0.14
667.84,693.0,35.44,0.46,P,0.14
667.84,694.0,35.85,0.46,P,0.14
667.84,695.0,42.03,0.46,P,0.14
667.84,696.0,36.91,0.46,P,0.14
667.84,697.0,37.25,0.46,P,0.14
667.84,698.0,37.74,0.46,P,0.14
667.84,699.0,38.26,0.46,P,0.14
667.84,700.0,40.54,0.46,P,0.14
667.84,701.0,34.29,0.46,P,0.14
667.84,702.0,34.9,0.46,P,0.14
667.84,704.0,41.82,0.46,P,0.14
667.84,705.0,40.85,0.46,P,0.13
667.84,707.0,39.36,0.46,P,0.13
667.84,710.0,51.33,0.46,P,0.13
667.84,715.0,46.0,0.46,P,0.13
667.84,720.0,55.83,0.46,P,0.13
667.84,725.0,48.26,0.46,P,0.13
667.84,740.0,69.82,0.46,P,0.13
667.84,810.0,134.0,0.46,P,0.19
667.84,520.0,7.68,0.59,P,0.28
667.84,525.0,6.16,0.59,P,0.27
667.84,530.0,7.62,0.59,P,0.27
667.84,535.0,8.22,0.59,P,0.27
667.84,540.0,9.59,0.59,P,0.26
667.84,545.0,10.06,0.59,P,0.26
667.84,550.0,10.25,0.59,P,0.25
667.84,555.0,8.16,0.59,P,0.25
667.84,560.0,10.35,0.59,P,0.25
667.84,565.0,11.82,0.59,P,0.24
667.84,570.0,11.46,0.59,P,0.24
667.84,575.0,13.18,0.59,P,0.24
667.84,580.0,12.83,0.59,P,0.23
667.84,585.0,11.84,0.59,P,0.23
667.84,590.0,15.83,0.59,P,0.23
667.84,595.0,16.63,0.59,P,0.22
667.84,600.0,16.98,0.59,P,0.22
667.84,605.0,16.5,0.59,P,0.21
667.84,610.0,18.77,0.59,P,0.21
667.84,615.0,20.37,0.59,P,0.21
667.84,620.0,20.54,0.59,P,0.2
667.84,625.0,21.8,0.59,P,0.2
667.84,630.0,20.68,0.59,P,0.19
667.84,635.0,21.97,0.59,P,0.19
667.84,640.0,26.0,0.59,P,0.19
667.84,645.0,24.71,0.59,P,0.18
667.84,650.0,27.81,0.59,P,0.18
667.84,655.0,23.75,0.59,P,0.17
667.84,660.0,30.87,0.59,P,0.17
667.84,665.0,29.25,0.59,P,0.16
667.84,670.0,34.62,0.59,P,0.16
667.84,675.0,36.64,0.59,P,0.16
667.84,680.0,38.28,0.59,P,0.15
667.84,685.0,42.01,0.59,P,0.15
667.84,690.0,44.42,0.59,P,0.15
667.84,695.0,46.52,0.59,P,0.14
667.84,700.0,48.21,0.59,P,0.14
667.84,705.0,46.92,0.59,P,0.13
667.84,710.0,50.15,0.59,P,0.13
667.84,715.0,45.33,0.59,P,0.13
667.84,720.0,48.33,0.59,P,0.13
667.84,725.0,58.85,0.59,P,0.12
667.84,730.0,68.17,0.59,P,0.12
667.84,735.0,66.1,0.59,P,0.12
667.84,740.0,71.92,0.59,P,0.12
667.84,745.0,73.36,0.59,P,0.0
667.84,750.0,69.09,0.59,P,0.13
667.84,755.0,70.75,0.59,P,0.13
667.84,760.0,79.85,0.59,P,0.13
667.84,765.0,194.84,0.59,P,0.61
667.84,785.0,120.05,0.59,P,0.0
667.84,790.0,118.35,0.59,P,0.16
667.84,800.0,121.0,0.59,P,0.17
667.84,520.0,7.37,0.62,P,0.28
667.84,525.0,6.67,0.62,P,0.27
667.84,530.0,6.94,0.62,P,0.27
667.84,535.0,8.56,0.62,P,0.26
667.84,540.0,8.76,0.62,P,0.26
667.84,545.0,8.22,0.62,P,0.26
667.84,550.0,9.7,0.62,P,0.25
667.84,554.0,8.6,0.62,P,0.25
667.84,555.0,10.52,0.62,P,0.25
667.84,556.0,8.75,0.62,P,0.25
667.84,557.0,11.06,0.62,P,0.06
667.84,558.0,10.74,0.62,P,0.25
667.84,559.0,9.64,0.62,P,0.25
667.84,560.0,10.87,0.62,P,0.25
667.84,561.0,9.16,0.62,P,0.25
667.84,562.0,10.07,0.62,P,0.24
667.84,563.0,9.56,0.62,P,0.24
667.84,564.0,9.91,0.62,P,0.24
667.84,565.0,9.99,0.62,P,0.24
667.84,566.0,10.67,0.62,P,0.24
667.84,567.0,12.1,0.62,P,0.24
667.84,568.0,10.16,0.62,P,0.24
667.84,569.0,10.61,0.62,P,0.24
667.84,570.0,11.96,0.62,P,0.24
667.84,571.0,9.95,0.62,P,0.24
667.84,572.0,10.69,0.62,P,0.24
667.84,573.0,13.72,0.62,P,0.24
667.84,574.0,13.84,0.62,P,0.24
667.84,575.0,11.03,0.62,P,0.24
667.84,576.0,16.22,0.62,P,0.23
667.84,577.0,12.76,0.62,P,0.22
667.84,578.0,10.79,0.62,P,0.23
667.84,579.0,13.77,0.62,P,0.22
667.84,580.0,11.27,0.62,P,0.23
667.84,581.0,13.71,0.62,P,0.22
667.84,582.0,12.53,0.62,P,0.23
667.84,583.0,11.28,0.62,P,0.23
667.84,584.0,13.71,0.62,P,0.23
667.84,585.0,14.75,0.62,P,0.23
667.84,586.0,11.86,0.62,P,0.23
667.84,587.0,11.68,0.62,P,0.23
667.84,588.0,12.51,0.62,P,0.23
667.84,589.0,14.18,0.62,P,0.21
667.84,590.0,12.82,0.62,P,0.22
667.84,591.0,12.02,0.62,P,0.22
667.84,592.0,13.52,0.62,P,0.22
667.84,593.0,15.61,0.62,P,0.22
667.84,594.0,13.57,0.62,P,0.22
667.84,595.0,15.28,0.62,P,0.22
667.84,596.0,12.65,0.62,P,0.22
667.84,597.0,13.09,0.62,P,0.22
667.84,598.0,13.89,0.62,P,0.22
667.84,599.0,16.56,0.62,P,0.22
667.84,600.0,15.8,0.62,P,0.22
667.84,601.0,16.71,0.62,P,0.22
667.84,602.0,13.48,0.62,P,0.22
667.84,603.0,18.47,0.62,P,0.21
667.84,604.0,13.87,0.62,P,0.21
667.84,605.0,14.46,0.62,P,0.21
667.84,606.0,16.68,0.62,P,0.21
667.84,607.0,15.34,0.62,P,0.21
667.84,608.0,15.17,0.62,P,0.21
667.84,609.0,15.35,0.62,P,0.21
667.84,610.0,18.0,0.62,P,0.21
667.84,611.0,17.0,0.62,P,0.21
667.84,612.0,15.83,0.62,P,0.21
667.84,613.0,15.84,0.62,P,0.21
667.84,614.0,16.02,0.62,P,0.2
667.84,615.0,18.93,0.62,P,0.2
667.84,616.0,17.03,0.62,P,0.2
667.84,617.0,15.69,0.62,P,0.2
667.84,618.0,15.77,0.62,P,0.2
667.84,619.0,20.0,0.62,P,0.02
667.84,620.0,16.73,0.62,P,0.2
667.84,621.0,16.32,0.62,P,0.2
667.84,622.0,22.15,0.62,P,0.2
667.84,623.0,18.31,0.62,P,0.2
667.84,624.0,25.8,0.62,P,0.19
667.84,625.0,17.76,0.62,P,0.2
667.84,626.0,17.0,0.62,P,0.2
667.84,627.0,19.01,0.62,P,0.19
667.84,628.0,20.6,0.62,P,0.19
667.84,629.0,18.0,0.62,P,0.19
667.84,630.0,21.71,0.62,P,0.19
667.84,631.0,18.58,0.62,P,0.19
667.84,632.0,19.02,0.62,P,0.19
667.84,633.0,19.59,0.62,P,0.19
667.84,634.0,24.58,0.62,P,0.19
667.84,635.0,23.22,0.62,P,0.19
667.84,636.0,21.21,0.62,P,0.19
667.84,637.0,23.37,0.62,P,0.19
667.84,638.0,19.55,0.62,P,0.19
667.84,639.0,26.02,0.62,P,0.19
667.84,640.0,26.0,0.62,P,0.19
667.84,641.0,24.24,0.62,P,0.18
667.84,642.0,22.96,0.62,P,0.18
667.84,643.0,22.98,0.62,P,0.18
667.84,644.0,21.45,0.62,P,0.18
667.84,645.0,23.57,0.62,P,0.18
667.84,650.0,28.86,0.62,P,0.18
667.84,655.0,26.1,0.62,P,0.17
667.84,660.0,32.03,0.62,P,0.17
667.84,665.0,30.23,0.62,P,0.16
667.84,670.0,35.17,0.62,P,0.16
667.84,675.0,37.77,0.62,P,0.16
667.84,680.0,40.44,0.62,P,0.15
667.84,685.0,37.98,0.62,P,0.15
667.84,690.0,44.98,0.62,P,0.14
667.84,695.0,38.33,0.62,P,0.14
667.84,700.0,50.51,0.62,P,0.14
667.84,705.0,46.0,0.62,P,0.13
667.84,710.0,54.06,0.62,P,0.13
667.84,715.0,46.28,0.62,P,0.13
667.84,720.0,62.72,0.62,P,0.12
667.84,725.0,64.35,0.62,P,0.12
667.84,730.0,61.49,0.62,P,0.12
667.84,735.0,61.25,0.62,P,0.12
667.84,740.0,70.22,0.62,P,0.11
667.84,750.0,75.77,0.62,P,0.12
667.84,755.0,81.51,0.62,P,0.12
667.84,770.0,95.86,0.62,P,0.14
667.84,780.0,104.13,0.62,P,0.15
667.84,800.0,123.23,0.62,P,0.16
667.84,520.0,11.15,0.84,P,0.26
667.84,525.0,10.73,0.84,P,0.26
667.84,530.0,12.1,0.84,P,0.26
667.84,535.0,11.7,0.84,P,0.25
667.84,540.0,12.27,0.84,P,0.25
667.84,545.0,12.17,0.84,P,0.25
667.84,550.0,14.27,0.84,P,0.24
667.84,555.0,15.08,0.84,P,0.24
667.84,560.0,12.85,0.84,P,0.24
667.84,565.0,13.47,0.84,P,0.23
667.84,570.0,17.09,0.84,P,0.23
667.84,575.0,17.88,0.84,P,0.23
667.84,580.0,18.89,0.84,P,0.22
667.84,585.0,18.28,0.84,P,0.22
667.84,590.0,18.94,0.84,P,0.22
667.84,595.0,19.51,0.84,P,0.21
667.84,600.0,22.1,0.84,P,0.21
667.84,605.0,23.53,0.84,P,0.21
667.84,610.0,22.52,0.84,P,0.2
667.84,615.0,25.52,0.84,P,0.2
667.84,620.0,24.63,0.84,P,0.2
667.84,625.0,25.71,0.84,P,0.19
667.84,630.0,28.56,0.84,P,0.19
667.84,635.0,30.5,0.84,P,0.19
667.84,640.0,31.35,0.84,P,0.18
667.84,645.0,29.23,0.84,P,0.18
667.84,650.0,34.37,0.84,P,0.18
667.84,655.0,33.02,0.84,P,0.17
667.84,660.0,37.75,0.84,P,0.17
667.84,665.0,39.13,0.84,P,0.16
667.84,670.0,41.34,0.84,P,0.16
667.84,675.0,39.76,0.84,P,0.16
667.84,680.0,40.9,0.84,P,0.15
667.84,685.0,46.7,0.84,P,0.15
667.84,690.0,49.5,0.84,P,0.15
667.84,695.0,46.84,0.84,P,0.14
667.84,700.0,50.19,0.84,P,0.14
667.84,705.0,48.64,0.84,P,0.13
667.84,710.0,53.75,0.84,P,0.13
667.84,715.0,50.63,0.84,P,0.13
667.84,720.0,53.15,0.84,P,0.12
667.84,725.0,63.21,0.84,P,0.12
667.84,730.0,67.22,0.84,P,0.12
667.84,735.0,75.08,0.84,P,0.11
667.84,740.0,64.98,0.84,P,0.11
667.84,745.0,69.96,0.84,P,0.11
667.84,750.0,78.14,0.84,P,0.11
667.84,755.0,92.68,0.84,P,0.1
667.84,760.0,83.69,0.84,P,0.12
667.84,765.0,83.24,0.84,P,0.12
667.84,775.0,91.05,0.84,P,0.13
667.84,780.0,111.15,0.84,P,0.0
667.84,800.0,112.9,0.84,P,0.14
667.84,520.0,11.47,0.87,P,0.26
667.84,525.0,11.25,0.87,P,0.26
667.84,530.0,12.46,0.87,P,0.25
667.84,535.0,11.99,0.87,P,0.25
667.84,540.0,12.85,0.87,P,0.25
667.84,545.0,12.36,0.87,P,0.24
667.84,550.0,13.92,0.87,P,0.24
667.84,555.0,12.6,0.87,P,0.24
667.84,560.0,15.14,0.87,P,0.24
667.84,565.0,15.27,0.87,P,0.23
667.84,570.0,14.7,0.87,P,0.23
667.84,575.0,18.34,0.87,P,0.23
667.84,580.0,19.78,0.87,P,0.22
667.84,585.0,16.55,0.87,P,0.22
667.84,590.0,20.16,0.87,P,0.22
667.84,594.0,18.31,0.87,P,0.21
667.84,595.0,18.91,0.87,P,0.21
667.84,596.0,18.2,0.87,P,0.21
667.84,597.0,20.37,0.87,P,0.21
667.84,598.0,21.2,0.87,P,0.21
667.84,599.0,22.84,0.87,P,0.21
667.84,600.0,23.61,0.87,P,0.21
667.84,601.0,23.1,0.87,P,0.21
667.84,602.0,21.38,0.87,P,0.21
667.84,603.0,20.66,0.87,P,0.21
667.84,604.0,21.5,0.87,P,0.21
667.84,605.0,22.47,0.87,P,0.21
667.84,606.0,20.35,0.87,P,0.21
667.84,607.0,18.99,0.87,P,0.2
667.84,608.0,19.31,0.87,P,0.2
667.84,609.0,23.48,0.87,P,0.2
667.84,610.0,20.58,0.87,P,0.2
667.84,611.0,21.02,0.87,P,0.2
667.84,612.0,21.2,0.87,P,0.2
667.84,613.0,23.15,0.87,P,0.19
667.84,615.0,23.21,0.87,P,0.2
667.84,618.0,22.88,0.87,P,0.2
667.84,619.0,24.85,0.87,P,0.2
667.84,620.0,25.65,0.87,P,0.2
667.84,621.0,22.68,0.87,P,0.2
667.84,623.0,23.29,0.87,P,0.19
667.84,624.0,23.29,0.87,P,0.19
667.84,625.0,25.74,0.87,P,0.19
667.84,626.0,29.37,0.87,P,0.19
667.84,628.0,24.31,0.87,P,0.19
667.84,629.0,28.4,0.87,P,0.19
667.84,630.0,26.33,0.87,P,0.19
667.84,631.0,27.35,0.87,P,0.19
667.84,632.0,26.61,0.87,P,0.18
667.84,633.0,27.62,0.87,P,0.19
667.84,634.0,28.52,0.87,P,0.19
667.84,635.0,28.78,0.87,P,0.19
667.84,636.0,27.46,0.87,P,0.18
667.84,638.0,28.12,0.87,P,0.18
667.84,640.0,30.0,0.87,P,0.18
667.84,641.0,27.24,0.87,P,0.18
667.84,642.0,26.76,0.87,P,0.18
667.84,643.0,25.96,0.87,P,0.18
667.84,644.0,27.44,0.87,P,0.18
667.84,645.0,27.41,0.87,P,0.18
667.84,647.0,30.69,0.87,P,0.18
667.84,648.0,30.96,0.87,P,0.17
667.84,649.0,28.75,0.87,P,0.18
667.84,650.0,31.12,0.87,P,0.18
667.84,651.0,36.24,0.87,P,0.17
667.84,652.0,36.57,0.87,P,0.17
667.84,654.0,33.36,0.87,P,0.14
667.84,655.0,36.56,0.87,P,0.17
667.84,656.0,36.42,0.87,P,0.17
667.84,657.0,30.76,0.87,P,0.17
667.84,658.0,31.52,0.87,P,0.17
667.84,659.0,31.46,0.87,P,0.17
667.84,660.0,35.3,0.87,P,0.17
667.84,661.0,38.88,0.87,P,0.17
667.84,662.0,35.1,0.87,P,0.17
667.84,663.0,33.26,0.87,P,0.17
667.84,664.0,34.36,0.87,P,0.17
667.84,665.0,35.33,0.87,P,0.16
667.84,666.0,36.07,0.87,P,0.16
667.84,667.0,38.18,0.87,P,0.16
667.84,668.0,36.29,0.87,P,0.16
667.84,669.0,38.88,0.87,P,0.16
667.84,670.0,41.53,0.87,P,0.16
667.84,671.0,37.71,0.87,P,0.16
667.84,672.0,37.52,0.87,P,0.16
667.84,673.0,42.95,0.87,P,0.16
667.84,674.0,41.3,0.87,P,0.16
667.84,675.0,43.45,0.87,P,0.16
667.84,676.0,36.39,0.87,P,0.16
667.84,677.0,36.49,0.87,P,0.16
667.84,678.0,43.44,0.87,P,0.15
667.84,679.0,38.22,0.87,P,0.15
667.84,680.0,40.75,0.87,P,0.15
667.84,681.0,37.83,0.87,P,0.15
667.84,682.0,37.81,0.87,P,0.15
667.84,683.0,43.58,0.87,P,0.15
667.84,684.0,38.88,0.87,P,0.15
667.84,685.0,44.15,0.87,P,0.15
667.84,686.0,41.7,0.87,P,0.15
667.84,687.0,39.86,0.87,P,0.15
667.84,688.0,40.25,0.87,P,0.15
667.84,689.0,38.3,0.87,P,0.15
667.84,690.0,42.71,0.87,P,0.15
667.84,691.0,44.75,0.87,P,0.15
667.84,695.0,43.0,0.87,P,0.14
667.84,700.0,51.2,0.87,P,0.14
667.84,705.0,46.5,0.87,P,0.14
667.84,710.0,58.33,0.87,P,0.13
667.84,715.0,57.97,0.87,P,0.12
667.84,720.0,51.82,0.87,P,0.13
667.84,725.0,63.4,0.87,P,0.12
667.84,730.0,72.62,0.87,P,0.12
667.84,740.0,66.0,0.87,P,0.11
667.84,750.0,68.11,0.87,P,0.11
667.84,755.0,73.06,0.87,P,0.11
667.84,760.0,82.0,0.87,P,0.12
667.84,765.0,100.0,0.87,P,0.12
667.84,780.0,110.02,0.87,P,0.0
667.84,785.0,121.87,0.87,P,0.0
667.84,800.0,115.95,0.87,P,0.14
667.84,520.0,13.06,1.09,P,0.25
667.84,525.0,13.74,1.09,P,0.25
667.84,530.0,14.21,1.09,P,0.24
667.84,535.0,15.04,1.09,P,0.24
667.84,540.0,15.69,1.09,P,0.24
667.84,545.0,15.2,1.09,P,0.24
667.84,550.0,16.9,1.09,P,0.23
667.84,555.0,15.67,1.09,P,0.23
667.84,560.0,18.4,1.09,P,0.23
667.84,565.0,20.08,1.09,P,0.22
667.84,570.0,19.45,1.09,P,0.22
667.84,575.0,20.73,1.09,P,0.22
667.84,580.0,22.88,1.09,P,0.22
667.84,585.0,22.62,1.09,P,0.21
667.84,590.0,24.54,1.09,P,0.21
667.84,595.0,24.49,1.09,P,0.21
667.84,600.0,26.62,1.09,P,0.2
667.84,605.0,23.49,1.09,P,0.2
667.84,610.0,28.82,1.09,P,0.2
667.84,615.0,30.02,1.09,P,0.2
667.84,620.0,31.24,1.09,P,0.19
667.84,625.0,33.1,1.09,P,0.19
667.84,630.0,33.81,1.09,P,0.19
667.84,635.0,35.11,1.09,P,0.18
667.84,640.0,36.19,1.09,P,0.18
667.84,645.0,34.63,1.09,P,0.18
667.84,650.0,39.19,1.09,P,0.17
667.84,655.0,40.93,1.09,P,0.17
667.84,660.0,42.65,1.09,P,0.17
667.84,665.0,41.75,1.09,P,0.16
667.84,670.0,46.74,1.09,P,0.16
667.84,675.0,45.11,1.09,P,0.16
667.84,680.0,49.47,1.09,P,0.15
667.84,685.0,48.95,1.09,P,0.15
667.84,690.0,54.76,1.09,P,0.15
667.84,695.0,49.02,1.09,P,0.14
667.84,700.0,58.39,1.09,P,0.14
667.84,705.0,51.75,1.09,P,0.14
667.84,710.0,63.34,1.09,P,0.13
667.84,715.0,61.72,1.09,P,0.13
667.84,720.0,64.29,1.09,P,0.13
667.84,725.0,65.35,1.09,P,0.13
667.84,730.0,69.52,1.09,P,0.12
667.84,735.0,69.47,1.09,P,0.12
667.84,740.0,74.46,1.09,P,0.11
667.84,745.0,75.15,1.09,P,0.11
667.84,750.0,76.42,1.09,P,0.11
667.84,755.0,76.04,1.09,P,0.11
667.84,760.0,77.94,1.09,P,0.1
667.84,765.0,86.26,1.09,P,0.11
667.84,770.0,92.26,1.09,P,0.11
667.84,775.0,256.98,1.09,P,0.62
667.84,780.0,103.64,1.09,P,0.12
667.84,785.0,103.18,1.09,P,0.12
667.84,800.0,115.5,1.09,P,0.12
667.84,805.0,133.17,1.09,P,0.13
667.84,810.0,138.18,1.09,P,0.13
667.84,520.0,14.0,1.17,P,0.25
667.84,525.0,13.01,1.17,P,0.24
667.84,530.0,13.56,1.17,P,0.24
667.84,535.0,15.75,1.17,P,0.24
667.84,540.0,15.93,1.17,P,0.24
667.84,545.0,15.29,1.17,P,0.23
667.84,550.0,17.8,1.17,P,0.23
667.84,555.0,17.1,1.17,P,0.23
667.84,560.0,19.08,1.17,P,0.22
667.84,565.0,20.1,1.17,P,0.22
667.84,570.0,20.14,1.17,P,0.22
667.84,575.0,21.79,1.17,P,0.22
667.84,580.0,22.05,1.17,P,0.21
667.84,585.0,21.2,1.17,P,0.21
667.84,590.0,22.45,1.17,P,0.21
667.84,595.0,24.68,1.17,P,0.2
667.84,600.0,28.37,1.17,P,0.2
667.84,605.0,24.51,1.17,P,0.2
667.84,610.0,25.69,1.17,P,0.2
667.84,615.0,26.55,1.17,P,0.19
667.84,620.0,30.13,1.17,P,0.19
667.84,625.0,33.6,1.17,P,0.19
667.84,630.0,31.75,1.17,P,0.18
667.84,635.0,36.22,1.17,P,0.18
667.84,640.0,35.97,1.17,P,0.18
667.84,645.0,36.81,1.17,P,0.18
667.84,650.0,38.05,1.17,P,0.17
667.84,655.0,36.35,1.17,P,0.17
667.84,660.0,41.01,1.17,P,0.17
667.84,665.0,46.11,1.17,P,0.16
667.84,670.0,44.36,1.17,P,0.16
667.84,675.0,46.65,1.17,P,0.16
667.84,680.0,48.49,1.17,P,0.15
667.84,685.0,45.49,1.17,P,0.15
667.84,690.0,50.9,1.17,P,0.15
667.84,695.0,48.45,1.17,P,0.14
667.84,700.0,60.0,1.17,P,0.14
667.84,705.0,53.51,1.17,P,0.14
667.84,710.0,55.2,1.17,P,0.13
667.84,715.0,57.44,1.17,P,0.13
667.84,720.0,66.29,1.17,P,0.13
667.84,725.0,68.99,1.17,P,0.13
667.84,730.0,70.88,1.17,P,0.12
667.84,735.0,69.66,1.17,P,0.12
667.84,740.0,73.41,1.17,P,0.12
667.84,745.0,73.24,1.17,P,0.11
667.84,750.0,85.86,1.17,P,0.11
667.84,755.0,89.57,1.17,P,0.11
667.84,760.0,86.69,1.17,P,0.11
667.84,765.0,88.55,1.17,P,0.1
667.84,770.0,90.23,1.17,P,0.11
667.84,780.0,107.63,1.17,P,0.11
667.84,785.0,104.2,1.17,P,0.11
667.84,790.0,119.19,1.17,P,0.0
667.84,795.0,152.27,1.17,P,0.15
667.84,800.0,113.98,1.17,P,0.12
667.84,520.0,14.55,1.34,P,0.24
667.84,530.0,15.67,1.34,P,0.24
667.84,535.0,15.99,1.34,P,0.23
667.84,540.0,18.55,1.34,P,0.23
667.84,545.0,17.35,1.34,P,0.23
667.84,550.0,18.15,1.34,P,0.23
667.84,555.0,18.82,1.34,P,0.22
667.84,560.0,21.52,1.34,P,0.22
667.84,565.0,20.15,1.34,P,0.22
667.84,570.0,20.75,1.34,P,0.21
667.84,575.0,22.11,1.34,P,0.21
667.84,580.0,23.18,1.34,P,0.21
667.84,590.0,24.49,1.34,P,0.2
667.84,600.0,28.79,1.34,P,0.2
667.84,605.0,30.29,1.34,P,0.2
667.84,610.0,29.5,1.34,P,0.19
667.84,615.0,29.38,1.34,P,0.19
667.84,620.0,34.42,1.34,P,0.19
667.84,625.0,33.98,1.34,P,0.18
667.84,630.0,33.21,1.34,P,0.18
667.84,635.0,36.0,1.34,P,0.18
667.84,640.0,40.49,1.34,P,0.18
667.84,645.0,38.63,1.34,P,0.17
667.84,650.0,41.24,1.34,P,0.17
667.84,655.0,39.79,1.34,P,0.17
667.84,660.0,39.55,1.34,P,0.16
667.84,665.0,45.61,1.34,P,0.16
667.84,670.0,44.26,1.34,P,0.16
667.84,675.0,49.67,1.34,P,0.16
667.84,680.0,51.55,1.34,P,0.15
667.84,685.0,48.35,1.34,P,0.15
667.84,690.0,47.39,1.34,P,0.15
667.84,695.0,55.75,1.34,P,0.14
667.84,700.0,54.63,1.34,P,0.14
667.84,710.0,59.97,1.34,P,0.13
667.84,715.0,59.69,1.34,P,0.13
667.84,730.0,66.69,1.34,P,0.12
667.84,740.0,69.69,1.34,P,0.12
667.84,760.0,94.78,1.34,P,0.11
667.84,765.0,90.29,1.34,P,0.11
667.84,770.0,92.8,1.34,P,0.11
667.84,780.0,97.47,1.34,P,0.11
667.84,790.0,103.68,1.34,P,0.11
667.84,800.0,112.88,1.34,P,0.11
667.84,810.0,122.99,1.34,P,0.12
667.84,520.0,18.27,1.59,P,0.23
667.84,535.0,19.72,1.59,P,0.23
667.84,540.0,22.29,1.59,P,0.22
667.84,545.0,20.05,1.59,P,0.22
667.84,550.0,22.13,1.59,P,0.22
667.84,555.0,21.42,1.59,P,0.22
667.84,560.0,24.0,1.59,P,0.21
667.84,570.0,27.53,1.59,P,0.21
667.84,575.0,24.72,1.59,P,0.21
667.84,580.0,25.57,1.59,P,0.2
667.84,590.0,28.14,1.59,P,0.2
667.84,595.0,32.04,1.59,P,0.2
667.84,600.0,29.65,1.59,P,0.19
667.84,605.0,31.15,1.59,P,0.19
667.84,610.0,33.99,1.59,P,0.19
667.84,615.0,38.06,1.59,P,0.19
667.84,620.0,34.2,1.59,P,0.18
667.84,625.0,35.55,1.59,P,0.18
667.84,630.0,39.02,1.59,P,0.18
667.84,640.0,37.68,1.59,P,0.17
667.84,645.0,40.68,1.59,P,0.17
667.84,650.0,44.54,1.59,P,0.17
667.84,655.0,43.7,1.59,P,0.17
667.84,660.0,47.89,1.59,P,0.16
667.84,665.0,48.8,1.59,P,0.16
667.84,670.0,51.78,1.59,P,0.16
667.84,675.0,53.57,1.59,P,0.15
667.84,680.0,52.5,1.59,P,0.15
667.84,685.0,52.45,1.59,P,0.15
667.84,690.0,55.01,1.59,P,0.15
667.84,695.0,58.98,1.59,P,0.14
667.84,700.0,61.01,1.59,P,0.14
667.84,705.0,59.82,1.59,P,0.14
667.84,710.0,61.91,1.59,P,0.14
667.84,715.0,63.98,1.59,P,0.13
667.84,725.0,72.7,1.59,P,0.13
667.84,730.0,75.33,1.59,P,0.12
667.84,735.0,78.03,1.59,P,0.12
667.84,740.0,77.07,1.59,P,0.12
667.84,745.0,79.88,1.59,P,0.12
667.84,750.0,79.31,1.59,P,0.11
667.84,760.0,86.69,1.59,P,0.11
667.84,520.0,21.0,2.09,P,0.22
667.84,525.0,24.03,2.09,P,0.22
667.84,530.0,23.12,2.09,P,0.22
667.84,535.0,25.39,2.09,P,0.22
667.84,540.0,26.15,2.09,P,0.22
667.84,545.0,26.67,2.09,P,0.21
667.84,550.0,27.84,2.09,P,0.21
667.84,555.0,26.76,2.09,P,0.21
667.84,560.0,30.13,2.09,P,0.21
667.84,565.0,31.11,2.09,P,0.2
667.84,570.0,31.83,2.09,P,0.2
667.84,575.0,30.6,2.09,P,0.2
667.84,580.0,31.61,2.09,P,0.2
667.84,585.0,32.88,2.09,P,0.2
667.84,590.0,36.21,2.09,P,0.19
667.84,595.0,38.7,2.09,P,0.19
667.84,600.0,40.15,2.09,P,0.19
667.84,605.0,37.72,2.09,P,0.19
667.84,610.0,41.33,2.09,P,0.18
667.84,615.0,42.23,2.09,P,0.18
667.84,620.0,42.53,2.09,P,0.18
667.84,625.0,41.43,2.09,P,0.18
667.84,630.0,48.5,2.09,P,0.17
667.84,635.0,44.32,2.09,P,0.17
667.84,640.0,47.82,2.09,P,0.17
667.84,645.0,49.2,2.09,P,0.17
667.84,650.0,53.92,2.09,P,0.17
667.84,655.0,53.82,2.09,P,0.16
667.84,660.0,54.8,2.09,P,0.16
667.84,665.0,56.15,2.09,P,0.16
667.84,670.0,59.12,2.09,P,0.16
667.84,675.0,59.97,2.09,P,0.15
667.84,680.0,62.36,2.09,P,0.15
667.84,685.0,63.63,2.09,P,0.15
667.84,690.0,65.56,2.09,P,0.15
667.84,695.0,60.98,2.09,P,0.14
667.84,700.0,69.51,2.09,P,0.14
667.84,705.0,65.17,2.09,P,0.14
667.84,710.0,72.5,2.09,P,0.13
667.84,715.0,70.63,2.09,P,0.13
667.84,720.0,72.7,2.09,P,0.13
667.84,725.0,76.63,2.09,P,0.13
667.84,730.0,78.37,2.09,P,0.12
667.84,735.0,80.42,2.09,P,0.12
667.84,740.0,82.6,2.09,P,0.12
667.84,745.0,84.69,2.09,P,0.12
667.84,750.0,88.25,2.09,P,0.11
667.84,755.0,88.5,2.09,P,0.12
667.84,760.0,90.43,2.09,P,0.12
667.84,765.0,96.17,2.09,P,0.11
667.84,770.0,104.39,2.09,P,0.11
667.84,775.0,104.0,2.09,P,0.11
667.84,780.0,103.23,2.09,P,0.11
667.84,785.0,114.01,2.09,P,0.07
667.84,790.0,116.77,2.09,P,0.07
667.84,795.0,149.0,2.09,P,0.11
667.84,800.0,123.02,2.09,P,0.1
667.84,805.0,142.6,2.09,P,0.1
667.84,810.0,127.1,2.09,P,0.1
667.84,520.0,23.47,2.18,P,0.22
667.84,525.0,24.05,2.18,P,0.22
667.84,530.0,23.6,2.18,P,0.22
667.84,535.0,23.3,2.18,P,0.22
667.84,540.0,25.46,2.18,P,0.21
667.84,545.0,26.01,2.18,P,0.21
667.84,550.0,28.89,2.18,P,0.21
667.84,555.0,29.49,2.18,P,0.21
667.84,560.0,32.1,2.18,P,0.21
667.84,565.0,32.5,2.18,P,0.2
667.84,570.0,32.4,2.18,P,0.2
667.84,575.0,33.52,2.18,P,0.2
667.84,580.0,32.45,2.18,P,0.2
667.84,585.0,35.62,2.18,P,0.19
667.84,590.0,36.3,2.18,P,0.19
667.84,595.0,37.08,2.18,P,0.19
667.84,600.0,39.62,2.18,P,0.19
667.84,605.0,39.62,2.18,P,0.19
667.84,610.0,39.61,2.18,P,0.18
667.84,615.0,40.23,2.18,P,0.18
667.84,620.0,43.02,2.18,P,0.18
667.84,625.0,44.6,2.18,P,0.18
667.84,630.0,46.82,2.18,P,0.17
667.84,635.0,45.88,2.18,P,0.17
667.84,640.0,46.88,2.18,P,0.17
667.84,645.0,48.3,2.18,P,0.17
667.84,650.0,53.01,2.18,P,0.16
667.84,655.0,57.18,2.18,P,0.16
667.84,660.0,59.16,2.18,P,0.16
667.84,665.0,58.14,2.18,P,0.16
667.84,670.0,60.5,2.18,P,0.15
667.84,675.0,64.25,2.18,P,0.15
667.84,680.0,62.49,2.18,P,0.15
667.84,685.0,64.65,2.18,P,0.15
667.84,690.0,66.52,2.18,P,0.15
667.84,695.0,69.39,2.18,P,0.14
667.84,700.0,68.85,2.18,P,0.14
667.84,705.0,72.47,2.18,P,0.14
667.84,710.0,69.55,2.18,P,0.14
667.84,715.0,72.22,2.18,P,0.13
667.84,720.0,70.77,2.18,P,0.13
667.84,725.0,78.41,2.18,P,0.13
667.84,730.0,80.49,2.18,P,0.13
667.84,735.0,80.77,2.18,P,0.12
667.84,740.0,95.13,2.18,P,0.12
667.84,745.0,85.85,2.18,P,0.12
667.84,750.0,88.4,2.18,P,0.11
667.84,755.0,91.17,2.18,P,0.11
667.84,760.0,93.86,2.18,P,0.11
667.84,765.0,98.1,2.18,P,0.11
667.84,770.0,99.68,2.18,P,0.11
667.84,775.0,99.46,2.18,P,0.11
667.84,780.0,115.92,2.18,P,0.1
667.84,785.0,117.14,2.18,P,0.1
667.84,790.0,113.98,2.18,P,0.1
667.84,800.0,128.0,2.18,P,0.1
667.84,805.0,142.86,2.18,P,0.1
667.84,810.0,130.7,2.18,P,0.1
667.84,815.0,152.07,2.18,P,0.1
